C:\Users\501\Desktop\train_test\G2_train_test\KH_139\KH_139_1.bmp,KH_139
C:\Users\501\Desktop\train_test\G2_train_test\KH_139\KH_139_10.bmp,KH_139
C:\Users\501\Desktop\train_test\G2_train_test\KH_139\KH_139_100.bmp,KH_139
C:\Users\501\Desktop\train_test\G2_train_test\KH_139\KH_139_1000.bmp,KH_139
C:\Users\501\Desktop\train_test\G2_train_test\KH_139\KH_139_101.bmp,KH_139
C:\Users\501\Desktop\train_test\G2_train_test\KH_139\KH_139_102.bmp,KH_139
C:\Users\501\Desktop\train_test\G2_train_test\KH_139\KH_139_103.bmp,KH_147
C:\Users\501\Desktop\train_test\G2_train_test\KH_139\KH_139_104.bmp,KH_147
C:\Users\501\Desktop\train_test\G2_train_test\KH_139\KH_139_105.bmp,KH_139
C:\Users\501\Desktop\train_test\G2_train_test\KH_139\KH_139_106.bmp,KH_139
C:\Users\501\Desktop\train_test\G2_train_test\KH_139\KH_139_107.bmp,KH_139
C:\Users\501\Desktop\train_test\G2_train_test\KH_139\KH_139_108.bmp,KH_139
C:\Users\501\Desktop\train_test\G2_train_test\KH_139\KH_139_109.bmp,No
C:\Users\501\Desktop\train_test\G2_train_test\KH_139\KH_139_11.bmp,KH_139
C:\Users\501\Desktop\train_test\G2_train_test\KH_139\KH_139_110.bmp,KH_139
C:\Users\501\Desktop\train_test\G2_train_test\KH_139\KH_139_111.bmp,KH_139
C:\Users\501\Desktop\train_test\G2_train_test\KH_139\KH_139_112.bmp,KH_139
C:\Users\501\Desktop\train_test\G2_train_test\KH_139\KH_139_113.bmp,No
C:\Users\501\Desktop\train_test\G2_train_test\KH_139\KH_139_114.bmp,KH_139
C:\Users\501\Desktop\train_test\G2_train_test\KH_139\KH_139_115.bmp,KH_139
C:\Users\501\Desktop\train_test\G2_train_test\KH_139\KH_139_116.bmp,No
C:\Users\501\Desktop\train_test\G2_train_test\KH_139\KH_139_117.bmp,KH_139
C:\Users\501\Desktop\train_test\G2_train_test\KH_139\KH_139_118.bmp,No
C:\Users\501\Desktop\train_test\G2_train_test\KH_139\KH_139_119.bmp,KH_139
C:\Users\501\Desktop\train_test\G2_train_test\KH_139\KH_139_12.bmp,KH_139
C:\Users\501\Desktop\train_test\G2_train_test\KH_139\KH_139_120.bmp,KH_139
C:\Users\501\Desktop\train_test\G2_train_test\KH_139\KH_139_121.bmp,KH_139
C:\Users\501\Desktop\train_test\G2_train_test\KH_139\KH_139_122.bmp,KH_139
C:\Users\501\Desktop\train_test\G2_train_test\KH_139\KH_139_123.bmp,KH_139
C:\Users\501\Desktop\train_test\G2_train_test\KH_139\KH_139_124.bmp,KH_147
C:\Users\501\Desktop\train_test\G2_train_test\KH_139\KH_139_125.bmp,KH_139
C:\Users\501\Desktop\train_test\G2_train_test\KH_139\KH_139_126.bmp,KH_139
C:\Users\501\Desktop\train_test\G2_train_test\KH_139\KH_139_127.bmp,KH_139
C:\Users\501\Desktop\train_test\G2_train_test\KH_139\KH_139_128.bmp,KH_147
C:\Users\501\Desktop\train_test\G2_train_test\KH_139\KH_139_129.bmp,KH_139
C:\Users\501\Desktop\train_test\G2_train_test\KH_139\KH_139_13.bmp,KH_147
C:\Users\501\Desktop\train_test\G2_train_test\KH_139\KH_139_130.bmp,KH_139
C:\Users\501\Desktop\train_test\G2_train_test\KH_139\KH_139_131.bmp,KH_139
C:\Users\501\Desktop\train_test\G2_train_test\KH_139\KH_139_132.bmp,KH_139
C:\Users\501\Desktop\train_test\G2_train_test\KH_139\KH_139_133.bmp,KH_139
C:\Users\501\Desktop\train_test\G2_train_test\KH_139\KH_139_134.bmp,KH_139
C:\Users\501\Desktop\train_test\G2_train_test\KH_139\KH_139_135.bmp,KH_139
C:\Users\501\Desktop\train_test\G2_train_test\KH_139\KH_139_136.bmp,KH_139
C:\Users\501\Desktop\train_test\G2_train_test\KH_139\KH_139_137.bmp,KH_139
C:\Users\501\Desktop\train_test\G2_train_test\KH_139\KH_139_138.bmp,KH_139
C:\Users\501\Desktop\train_test\G2_train_test\KH_139\KH_139_139.bmp,KH_147
C:\Users\501\Desktop\train_test\G2_train_test\KH_139\KH_139_14.bmp,KH_147
C:\Users\501\Desktop\train_test\G2_train_test\KH_139\KH_139_140.bmp,KH_139
C:\Users\501\Desktop\train_test\G2_train_test\KH_139\KH_139_141.bmp,KH_139
C:\Users\501\Desktop\train_test\G2_train_test\KH_139\KH_139_142.bmp,KH_139
C:\Users\501\Desktop\train_test\G2_train_test\KH_139\KH_139_143.bmp,KH_139
C:\Users\501\Desktop\train_test\G2_train_test\KH_139\KH_139_144.bmp,KH_147
C:\Users\501\Desktop\train_test\G2_train_test\KH_139\KH_139_145.bmp,KH_147
C:\Users\501\Desktop\train_test\G2_train_test\KH_139\KH_139_146.bmp,KH_139
C:\Users\501\Desktop\train_test\G2_train_test\KH_139\KH_139_147.bmp,KH_139
C:\Users\501\Desktop\train_test\G2_train_test\KH_139\KH_139_148.bmp,KH_147
C:\Users\501\Desktop\train_test\G2_train_test\KH_139\KH_139_149.bmp,KH_139
C:\Users\501\Desktop\train_test\G2_train_test\KH_139\KH_139_15.bmp,KH_147
C:\Users\501\Desktop\train_test\G2_train_test\KH_139\KH_139_150.bmp,KH_139
C:\Users\501\Desktop\train_test\G2_train_test\KH_139\KH_139_151.bmp,KH_139
C:\Users\501\Desktop\train_test\G2_train_test\KH_139\KH_139_152.bmp,KH_139
C:\Users\501\Desktop\train_test\G2_train_test\KH_139\KH_139_153.bmp,KH_139
C:\Users\501\Desktop\train_test\G2_train_test\KH_139\KH_139_154.bmp,KH_139
C:\Users\501\Desktop\train_test\G2_train_test\KH_139\KH_139_155.bmp,KH_139
C:\Users\501\Desktop\train_test\G2_train_test\KH_139\KH_139_156.bmp,No
C:\Users\501\Desktop\train_test\G2_train_test\KH_139\KH_139_157.bmp,KH_139
C:\Users\501\Desktop\train_test\G2_train_test\KH_139\KH_139_158.bmp,KH_139
C:\Users\501\Desktop\train_test\G2_train_test\KH_139\KH_139_159.bmp,KH_139
C:\Users\501\Desktop\train_test\G2_train_test\KH_139\KH_139_16.bmp,KH_139
C:\Users\501\Desktop\train_test\G2_train_test\KH_139\KH_139_160.bmp,KH_139
C:\Users\501\Desktop\train_test\G2_train_test\KH_139\KH_139_161.bmp,KH_139
C:\Users\501\Desktop\train_test\G2_train_test\KH_139\KH_139_162.bmp,KH_139
C:\Users\501\Desktop\train_test\G2_train_test\KH_139\KH_139_163.bmp,KH_139
C:\Users\501\Desktop\train_test\G2_train_test\KH_139\KH_139_164.bmp,KH_139
C:\Users\501\Desktop\train_test\G2_train_test\KH_139\KH_139_165.bmp,KH_139
C:\Users\501\Desktop\train_test\G2_train_test\KH_139\KH_139_166.bmp,KH_139
C:\Users\501\Desktop\train_test\G2_train_test\KH_139\KH_139_167.bmp,KH_139
C:\Users\501\Desktop\train_test\G2_train_test\KH_139\KH_139_168.bmp,KH_147
C:\Users\501\Desktop\train_test\G2_train_test\KH_139\KH_139_169.bmp,KH_139
C:\Users\501\Desktop\train_test\G2_train_test\KH_139\KH_139_17.bmp,KH_139
C:\Users\501\Desktop\train_test\G2_train_test\KH_139\KH_139_170.bmp,KH_139
C:\Users\501\Desktop\train_test\G2_train_test\KH_139\KH_139_171.bmp,KH_139
C:\Users\501\Desktop\train_test\G2_train_test\KH_139\KH_139_172.bmp,KH_139
C:\Users\501\Desktop\train_test\G2_train_test\KH_139\KH_139_173.bmp,KH_147
C:\Users\501\Desktop\train_test\G2_train_test\KH_139\KH_139_174.bmp,KH_139
C:\Users\501\Desktop\train_test\G2_train_test\KH_139\KH_139_175.bmp,KH_139
C:\Users\501\Desktop\train_test\G2_train_test\KH_139\KH_139_176.bmp,KH_139
C:\Users\501\Desktop\train_test\G2_train_test\KH_139\KH_139_177.bmp,KH_139
C:\Users\501\Desktop\train_test\G2_train_test\KH_139\KH_139_178.bmp,KH_139
C:\Users\501\Desktop\train_test\G2_train_test\KH_139\KH_139_179.bmp,KH_147
C:\Users\501\Desktop\train_test\G2_train_test\KH_139\KH_139_18.bmp,KH_139
C:\Users\501\Desktop\train_test\G2_train_test\KH_139\KH_139_180.bmp,KH_139
C:\Users\501\Desktop\train_test\G2_train_test\KH_139\KH_139_181.bmp,KH_139
C:\Users\501\Desktop\train_test\G2_train_test\KH_139\KH_139_182.bmp,KH_147
C:\Users\501\Desktop\train_test\G2_train_test\KH_139\KH_139_183.bmp,KH_139
C:\Users\501\Desktop\train_test\G2_train_test\KH_139\KH_139_184.bmp,KH_139
C:\Users\501\Desktop\train_test\G2_train_test\KH_139\KH_139_185.bmp,KH_139
C:\Users\501\Desktop\train_test\G2_train_test\KH_139\KH_139_186.bmp,KH_139
C:\Users\501\Desktop\train_test\G2_train_test\KH_139\KH_139_187.bmp,KH_147
C:\Users\501\Desktop\train_test\G2_train_test\KH_139\KH_139_188.bmp,KH_139
C:\Users\501\Desktop\train_test\G2_train_test\KH_139\KH_139_189.bmp,KH_147
C:\Users\501\Desktop\train_test\G2_train_test\KH_139\KH_139_19.bmp,KH_139
C:\Users\501\Desktop\train_test\G2_train_test\KH_139\KH_139_190.bmp,KH_139
C:\Users\501\Desktop\train_test\G2_train_test\KH_139\KH_139_191.bmp,KH_147
C:\Users\501\Desktop\train_test\G2_train_test\KH_139\KH_139_192.bmp,KH_139
C:\Users\501\Desktop\train_test\G2_train_test\KH_139\KH_139_193.bmp,KH_139
C:\Users\501\Desktop\train_test\G2_train_test\KH_139\KH_139_194.bmp,KH_145
C:\Users\501\Desktop\train_test\G2_train_test\KH_139\KH_139_195.bmp,No
C:\Users\501\Desktop\train_test\G2_train_test\KH_139\KH_139_196.bmp,KH_147
C:\Users\501\Desktop\train_test\G2_train_test\KH_139\KH_139_197.bmp,KH_139
C:\Users\501\Desktop\train_test\G2_train_test\KH_139\KH_139_198.bmp,KH_139
C:\Users\501\Desktop\train_test\G2_train_test\KH_139\KH_139_199.bmp,KH_139
C:\Users\501\Desktop\train_test\G2_train_test\KH_139\KH_139_2.bmp,KH_139
C:\Users\501\Desktop\train_test\G2_train_test\KH_139\KH_139_20.bmp,KH_139
C:\Users\501\Desktop\train_test\G2_train_test\KH_139\KH_139_200.bmp,KH_139
C:\Users\501\Desktop\train_test\G2_train_test\KH_139\KH_139_201.bmp,KH_147
C:\Users\501\Desktop\train_test\G2_train_test\KH_139\KH_139_202.bmp,KH_139
C:\Users\501\Desktop\train_test\G2_train_test\KH_139\KH_139_203.bmp,KH_139
C:\Users\501\Desktop\train_test\G2_train_test\KH_139\KH_139_204.bmp,KH_139
C:\Users\501\Desktop\train_test\G2_train_test\KH_139\KH_139_205.bmp,KH_139
C:\Users\501\Desktop\train_test\G2_train_test\KH_139\KH_139_206.bmp,KH_139
C:\Users\501\Desktop\train_test\G2_train_test\KH_139\KH_139_207.bmp,KH_139
C:\Users\501\Desktop\train_test\G2_train_test\KH_139\KH_139_208.bmp,KH_147
C:\Users\501\Desktop\train_test\G2_train_test\KH_139\KH_139_209.bmp,KH_147
C:\Users\501\Desktop\train_test\G2_train_test\KH_139\KH_139_21.bmp,KH_147
C:\Users\501\Desktop\train_test\G2_train_test\KH_139\KH_139_210.bmp,KH_139
C:\Users\501\Desktop\train_test\G2_train_test\KH_139\KH_139_211.bmp,KH_139
C:\Users\501\Desktop\train_test\G2_train_test\KH_139\KH_139_212.bmp,KH_139
C:\Users\501\Desktop\train_test\G2_train_test\KH_139\KH_139_213.bmp,No
C:\Users\501\Desktop\train_test\G2_train_test\KH_139\KH_139_214.bmp,KH_147
C:\Users\501\Desktop\train_test\G2_train_test\KH_139\KH_139_215.bmp,KH_139
C:\Users\501\Desktop\train_test\G2_train_test\KH_139\KH_139_216.bmp,KH_139
C:\Users\501\Desktop\train_test\G2_train_test\KH_139\KH_139_217.bmp,KH_139
C:\Users\501\Desktop\train_test\G2_train_test\KH_139\KH_139_218.bmp,KH_139
C:\Users\501\Desktop\train_test\G2_train_test\KH_139\KH_139_219.bmp,KH_139
C:\Users\501\Desktop\train_test\G2_train_test\KH_139\KH_139_22.bmp,KH_139
C:\Users\501\Desktop\train_test\G2_train_test\KH_139\KH_139_220.bmp,KH_139
C:\Users\501\Desktop\train_test\G2_train_test\KH_139\KH_139_221.bmp,KH_139
C:\Users\501\Desktop\train_test\G2_train_test\KH_139\KH_139_222.bmp,KH_139
C:\Users\501\Desktop\train_test\G2_train_test\KH_139\KH_139_223.bmp,KH_147
C:\Users\501\Desktop\train_test\G2_train_test\KH_139\KH_139_224.bmp,KH_139
C:\Users\501\Desktop\train_test\G2_train_test\KH_139\KH_139_225.bmp,KH_139
C:\Users\501\Desktop\train_test\G2_train_test\KH_139\KH_139_226.bmp,KH_147
C:\Users\501\Desktop\train_test\G2_train_test\KH_139\KH_139_227.bmp,KH_139
C:\Users\501\Desktop\train_test\G2_train_test\KH_139\KH_139_228.bmp,KH_139
C:\Users\501\Desktop\train_test\G2_train_test\KH_139\KH_139_229.bmp,KH_139
C:\Users\501\Desktop\train_test\G2_train_test\KH_139\KH_139_23.bmp,KH_139
C:\Users\501\Desktop\train_test\G2_train_test\KH_139\KH_139_230.bmp,KH_139
C:\Users\501\Desktop\train_test\G2_train_test\KH_139\KH_139_231.bmp,KH_139
C:\Users\501\Desktop\train_test\G2_train_test\KH_139\KH_139_232.bmp,KH_139
C:\Users\501\Desktop\train_test\G2_train_test\KH_139\KH_139_233.bmp,KH_147
C:\Users\501\Desktop\train_test\G2_train_test\KH_139\KH_139_234.bmp,KH_147
C:\Users\501\Desktop\train_test\G2_train_test\KH_139\KH_139_235.bmp,KH_139
C:\Users\501\Desktop\train_test\G2_train_test\KH_139\KH_139_236.bmp,KH_139
C:\Users\501\Desktop\train_test\G2_train_test\KH_139\KH_139_237.bmp,KH_147
C:\Users\501\Desktop\train_test\G2_train_test\KH_139\KH_139_238.bmp,KH_139
C:\Users\501\Desktop\train_test\G2_train_test\KH_139\KH_139_239.bmp,KH_139
C:\Users\501\Desktop\train_test\G2_train_test\KH_139\KH_139_24.bmp,KH_139
C:\Users\501\Desktop\train_test\G2_train_test\KH_139\KH_139_240.bmp,KH_139
C:\Users\501\Desktop\train_test\G2_train_test\KH_139\KH_139_241.bmp,KH_139
C:\Users\501\Desktop\train_test\G2_train_test\KH_139\KH_139_242.bmp,KH_139
C:\Users\501\Desktop\train_test\G2_train_test\KH_139\KH_139_243.bmp,KH_139
C:\Users\501\Desktop\train_test\G2_train_test\KH_139\KH_139_244.bmp,KH_139
C:\Users\501\Desktop\train_test\G2_train_test\KH_139\KH_139_245.bmp,KH_139
C:\Users\501\Desktop\train_test\G2_train_test\KH_139\KH_139_246.bmp,KH_147
C:\Users\501\Desktop\train_test\G2_train_test\KH_139\KH_139_247.bmp,KH_139
C:\Users\501\Desktop\train_test\G2_train_test\KH_139\KH_139_248.bmp,KH_147
C:\Users\501\Desktop\train_test\G2_train_test\KH_139\KH_139_249.bmp,KH_139
C:\Users\501\Desktop\train_test\G2_train_test\KH_139\KH_139_25.bmp,KH_139
C:\Users\501\Desktop\train_test\G2_train_test\KH_139\KH_139_250.bmp,KH_139
C:\Users\501\Desktop\train_test\G2_train_test\KH_139\KH_139_251.bmp,KH_139
C:\Users\501\Desktop\train_test\G2_train_test\KH_139\KH_139_252.bmp,KH_139
C:\Users\501\Desktop\train_test\G2_train_test\KH_139\KH_139_253.bmp,KH_139
C:\Users\501\Desktop\train_test\G2_train_test\KH_139\KH_139_254.bmp,KH_139
C:\Users\501\Desktop\train_test\G2_train_test\KH_139\KH_139_255.bmp,KH_139
C:\Users\501\Desktop\train_test\G2_train_test\KH_139\KH_139_256.bmp,KH_139
C:\Users\501\Desktop\train_test\G2_train_test\KH_139\KH_139_257.bmp,KH_139
C:\Users\501\Desktop\train_test\G2_train_test\KH_139\KH_139_258.bmp,KH_139
C:\Users\501\Desktop\train_test\G2_train_test\KH_139\KH_139_259.bmp,KH_139
C:\Users\501\Desktop\train_test\G2_train_test\KH_139\KH_139_26.bmp,KH_145
C:\Users\501\Desktop\train_test\G2_train_test\KH_139\KH_139_260.bmp,KH_139
C:\Users\501\Desktop\train_test\G2_train_test\KH_139\KH_139_261.bmp,KH_139
C:\Users\501\Desktop\train_test\G2_train_test\KH_139\KH_139_262.bmp,KH_139
C:\Users\501\Desktop\train_test\G2_train_test\KH_139\KH_139_263.bmp,KH_139
C:\Users\501\Desktop\train_test\G2_train_test\KH_139\KH_139_264.bmp,KH_139
C:\Users\501\Desktop\train_test\G2_train_test\KH_139\KH_139_265.bmp,KH_139
C:\Users\501\Desktop\train_test\G2_train_test\KH_139\KH_139_266.bmp,KH_139
C:\Users\501\Desktop\train_test\G2_train_test\KH_139\KH_139_267.bmp,KH_139
C:\Users\501\Desktop\train_test\G2_train_test\KH_139\KH_139_268.bmp,KH_139
C:\Users\501\Desktop\train_test\G2_train_test\KH_139\KH_139_269.bmp,KH_139
C:\Users\501\Desktop\train_test\G2_train_test\KH_139\KH_139_27.bmp,KH_139
C:\Users\501\Desktop\train_test\G2_train_test\KH_139\KH_139_270.bmp,KH_139
C:\Users\501\Desktop\train_test\G2_train_test\KH_139\KH_139_271.bmp,KH_147
C:\Users\501\Desktop\train_test\G2_train_test\KH_139\KH_139_272.bmp,KH_139
C:\Users\501\Desktop\train_test\G2_train_test\KH_139\KH_139_273.bmp,KH_139
C:\Users\501\Desktop\train_test\G2_train_test\KH_139\KH_139_274.bmp,KH_139
C:\Users\501\Desktop\train_test\G2_train_test\KH_139\KH_139_275.bmp,KH_139
C:\Users\501\Desktop\train_test\G2_train_test\KH_139\KH_139_276.bmp,KH_139
C:\Users\501\Desktop\train_test\G2_train_test\KH_139\KH_139_277.bmp,KH_147
C:\Users\501\Desktop\train_test\G2_train_test\KH_139\KH_139_278.bmp,KH_139
C:\Users\501\Desktop\train_test\G2_train_test\KH_139\KH_139_279.bmp,KH_139
C:\Users\501\Desktop\train_test\G2_train_test\KH_139\KH_139_28.bmp,KH_139
C:\Users\501\Desktop\train_test\G2_train_test\KH_139\KH_139_280.bmp,KH_139
C:\Users\501\Desktop\train_test\G2_train_test\KH_139\KH_139_281.bmp,KH_139
C:\Users\501\Desktop\train_test\G2_train_test\KH_139\KH_139_282.bmp,KH_139
C:\Users\501\Desktop\train_test\G2_train_test\KH_139\KH_139_283.bmp,KH_139
C:\Users\501\Desktop\train_test\G2_train_test\KH_139\KH_139_284.bmp,KH_139
C:\Users\501\Desktop\train_test\G2_train_test\KH_139\KH_139_285.bmp,KH_147
C:\Users\501\Desktop\train_test\G2_train_test\KH_139\KH_139_286.bmp,KH_139
C:\Users\501\Desktop\train_test\G2_train_test\KH_139\KH_139_287.bmp,KH_139
C:\Users\501\Desktop\train_test\G2_train_test\KH_139\KH_139_288.bmp,KH_139
C:\Users\501\Desktop\train_test\G2_train_test\KH_139\KH_139_289.bmp,KH_147
C:\Users\501\Desktop\train_test\G2_train_test\KH_139\KH_139_29.bmp,KH_139
C:\Users\501\Desktop\train_test\G2_train_test\KH_139\KH_139_290.bmp,KH_139
C:\Users\501\Desktop\train_test\G2_train_test\KH_139\KH_139_291.bmp,KH_139
C:\Users\501\Desktop\train_test\G2_train_test\KH_139\KH_139_292.bmp,KH_139
C:\Users\501\Desktop\train_test\G2_train_test\KH_139\KH_139_293.bmp,KH_147
C:\Users\501\Desktop\train_test\G2_train_test\KH_139\KH_139_294.bmp,KH_139
C:\Users\501\Desktop\train_test\G2_train_test\KH_139\KH_139_295.bmp,KH_139
C:\Users\501\Desktop\train_test\G2_train_test\KH_139\KH_139_296.bmp,KH_139
C:\Users\501\Desktop\train_test\G2_train_test\KH_139\KH_139_297.bmp,No
C:\Users\501\Desktop\train_test\G2_train_test\KH_139\KH_139_298.bmp,KH_139
C:\Users\501\Desktop\train_test\G2_train_test\KH_139\KH_139_299.bmp,KH_139
C:\Users\501\Desktop\train_test\G2_train_test\KH_139\KH_139_3.bmp,KH_139
C:\Users\501\Desktop\train_test\G2_train_test\KH_139\KH_139_30.bmp,KH_139
C:\Users\501\Desktop\train_test\G2_train_test\KH_139\KH_139_300.bmp,KH_147
C:\Users\501\Desktop\train_test\G2_train_test\KH_139\KH_139_301.bmp,KH_139
C:\Users\501\Desktop\train_test\G2_train_test\KH_139\KH_139_302.bmp,KH_139
C:\Users\501\Desktop\train_test\G2_train_test\KH_139\KH_139_303.bmp,KH_139
C:\Users\501\Desktop\train_test\G2_train_test\KH_139\KH_139_304.bmp,KH_147
C:\Users\501\Desktop\train_test\G2_train_test\KH_139\KH_139_305.bmp,KH_139
C:\Users\501\Desktop\train_test\G2_train_test\KH_139\KH_139_306.bmp,KH_139
C:\Users\501\Desktop\train_test\G2_train_test\KH_139\KH_139_307.bmp,KH_139
C:\Users\501\Desktop\train_test\G2_train_test\KH_139\KH_139_308.bmp,KH_139
C:\Users\501\Desktop\train_test\G2_train_test\KH_139\KH_139_309.bmp,KH_139
C:\Users\501\Desktop\train_test\G2_train_test\KH_139\KH_139_31.bmp,KH_139
C:\Users\501\Desktop\train_test\G2_train_test\KH_139\KH_139_310.bmp,KH_139
C:\Users\501\Desktop\train_test\G2_train_test\KH_139\KH_139_311.bmp,KH_139
C:\Users\501\Desktop\train_test\G2_train_test\KH_139\KH_139_312.bmp,KH_139
C:\Users\501\Desktop\train_test\G2_train_test\KH_139\KH_139_313.bmp,KH_139
C:\Users\501\Desktop\train_test\G2_train_test\KH_139\KH_139_314.bmp,KH_147
C:\Users\501\Desktop\train_test\G2_train_test\KH_139\KH_139_315.bmp,KH_139
C:\Users\501\Desktop\train_test\G2_train_test\KH_139\KH_139_316.bmp,KH_139
C:\Users\501\Desktop\train_test\G2_train_test\KH_139\KH_139_317.bmp,KH_139
C:\Users\501\Desktop\train_test\G2_train_test\KH_139\KH_139_318.bmp,KH_139
C:\Users\501\Desktop\train_test\G2_train_test\KH_139\KH_139_319.bmp,KH_139
C:\Users\501\Desktop\train_test\G2_train_test\KH_139\KH_139_32.bmp,KH_139
C:\Users\501\Desktop\train_test\G2_train_test\KH_139\KH_139_320.bmp,KH_147
C:\Users\501\Desktop\train_test\G2_train_test\KH_139\KH_139_321.bmp,KH_139
C:\Users\501\Desktop\train_test\G2_train_test\KH_139\KH_139_322.bmp,KH_139
C:\Users\501\Desktop\train_test\G2_train_test\KH_139\KH_139_323.bmp,KH_147
C:\Users\501\Desktop\train_test\G2_train_test\KH_139\KH_139_324.bmp,KH_139
C:\Users\501\Desktop\train_test\G2_train_test\KH_139\KH_139_325.bmp,KH_139
C:\Users\501\Desktop\train_test\G2_train_test\KH_139\KH_139_326.bmp,KH_147
C:\Users\501\Desktop\train_test\G2_train_test\KH_139\KH_139_327.bmp,KH_139
C:\Users\501\Desktop\train_test\G2_train_test\KH_139\KH_139_328.bmp,KH_139
C:\Users\501\Desktop\train_test\G2_train_test\KH_139\KH_139_329.bmp,KH_139
C:\Users\501\Desktop\train_test\G2_train_test\KH_139\KH_139_33.bmp,KH_139
C:\Users\501\Desktop\train_test\G2_train_test\KH_139\KH_139_330.bmp,KH_139
C:\Users\501\Desktop\train_test\G2_train_test\KH_139\KH_139_331.bmp,KH_139
C:\Users\501\Desktop\train_test\G2_train_test\KH_139\KH_139_332.bmp,KH_139
C:\Users\501\Desktop\train_test\G2_train_test\KH_139\KH_139_333.bmp,KH_139
C:\Users\501\Desktop\train_test\G2_train_test\KH_139\KH_139_334.bmp,KH_145
C:\Users\501\Desktop\train_test\G2_train_test\KH_139\KH_139_335.bmp,KH_139
C:\Users\501\Desktop\train_test\G2_train_test\KH_139\KH_139_336.bmp,KH_139
C:\Users\501\Desktop\train_test\G2_train_test\KH_139\KH_139_337.bmp,KH_147
C:\Users\501\Desktop\train_test\G2_train_test\KH_139\KH_139_338.bmp,KH_147
C:\Users\501\Desktop\train_test\G2_train_test\KH_139\KH_139_339.bmp,KH_139
C:\Users\501\Desktop\train_test\G2_train_test\KH_139\KH_139_34.bmp,KH_139
C:\Users\501\Desktop\train_test\G2_train_test\KH_139\KH_139_340.bmp,KH_147
C:\Users\501\Desktop\train_test\G2_train_test\KH_139\KH_139_341.bmp,KH_139
C:\Users\501\Desktop\train_test\G2_train_test\KH_139\KH_139_342.bmp,KH_139
C:\Users\501\Desktop\train_test\G2_train_test\KH_139\KH_139_343.bmp,KH_139
C:\Users\501\Desktop\train_test\G2_train_test\KH_139\KH_139_344.bmp,KH_139
C:\Users\501\Desktop\train_test\G2_train_test\KH_139\KH_139_345.bmp,KH_139
C:\Users\501\Desktop\train_test\G2_train_test\KH_139\KH_139_346.bmp,KH_139
C:\Users\501\Desktop\train_test\G2_train_test\KH_139\KH_139_347.bmp,No
C:\Users\501\Desktop\train_test\G2_train_test\KH_139\KH_139_348.bmp,KH_139
C:\Users\501\Desktop\train_test\G2_train_test\KH_139\KH_139_349.bmp,KH_139
C:\Users\501\Desktop\train_test\G2_train_test\KH_139\KH_139_35.bmp,KH_139
C:\Users\501\Desktop\train_test\G2_train_test\KH_139\KH_139_350.bmp,KH_139
C:\Users\501\Desktop\train_test\G2_train_test\KH_139\KH_139_351.bmp,KH_147
C:\Users\501\Desktop\train_test\G2_train_test\KH_139\KH_139_352.bmp,KH_139
C:\Users\501\Desktop\train_test\G2_train_test\KH_139\KH_139_353.bmp,KH_139
C:\Users\501\Desktop\train_test\G2_train_test\KH_139\KH_139_354.bmp,KH_139
C:\Users\501\Desktop\train_test\G2_train_test\KH_139\KH_139_355.bmp,KH_139
C:\Users\501\Desktop\train_test\G2_train_test\KH_139\KH_139_356.bmp,KH_139
C:\Users\501\Desktop\train_test\G2_train_test\KH_139\KH_139_357.bmp,KH_139
C:\Users\501\Desktop\train_test\G2_train_test\KH_139\KH_139_358.bmp,KH_139
C:\Users\501\Desktop\train_test\G2_train_test\KH_139\KH_139_359.bmp,KH_147
C:\Users\501\Desktop\train_test\G2_train_test\KH_139\KH_139_36.bmp,KH_147
C:\Users\501\Desktop\train_test\G2_train_test\KH_139\KH_139_360.bmp,KH_139
C:\Users\501\Desktop\train_test\G2_train_test\KH_139\KH_139_361.bmp,KH_147
C:\Users\501\Desktop\train_test\G2_train_test\KH_139\KH_139_362.bmp,KH_139
C:\Users\501\Desktop\train_test\G2_train_test\KH_139\KH_139_363.bmp,KH_139
C:\Users\501\Desktop\train_test\G2_train_test\KH_139\KH_139_364.bmp,KH_139
C:\Users\501\Desktop\train_test\G2_train_test\KH_139\KH_139_365.bmp,No
C:\Users\501\Desktop\train_test\G2_train_test\KH_139\KH_139_366.bmp,KH_139
C:\Users\501\Desktop\train_test\G2_train_test\KH_139\KH_139_367.bmp,KH_139
C:\Users\501\Desktop\train_test\G2_train_test\KH_139\KH_139_368.bmp,No
C:\Users\501\Desktop\train_test\G2_train_test\KH_139\KH_139_369.bmp,KH_139
C:\Users\501\Desktop\train_test\G2_train_test\KH_139\KH_139_37.bmp,KH_139
C:\Users\501\Desktop\train_test\G2_train_test\KH_139\KH_139_370.bmp,KH_147
C:\Users\501\Desktop\train_test\G2_train_test\KH_139\KH_139_371.bmp,KH_139
C:\Users\501\Desktop\train_test\G2_train_test\KH_139\KH_139_372.bmp,KH_139
C:\Users\501\Desktop\train_test\G2_train_test\KH_139\KH_139_373.bmp,KH_139
C:\Users\501\Desktop\train_test\G2_train_test\KH_139\KH_139_374.bmp,KH_139
C:\Users\501\Desktop\train_test\G2_train_test\KH_139\KH_139_375.bmp,No
C:\Users\501\Desktop\train_test\G2_train_test\KH_139\KH_139_376.bmp,KH_139
C:\Users\501\Desktop\train_test\G2_train_test\KH_139\KH_139_377.bmp,KH_147
C:\Users\501\Desktop\train_test\G2_train_test\KH_139\KH_139_378.bmp,KH_139
C:\Users\501\Desktop\train_test\G2_train_test\KH_139\KH_139_379.bmp,KH_139
C:\Users\501\Desktop\train_test\G2_train_test\KH_139\KH_139_38.bmp,KH_139
C:\Users\501\Desktop\train_test\G2_train_test\KH_139\KH_139_380.bmp,KH_139
C:\Users\501\Desktop\train_test\G2_train_test\KH_139\KH_139_381.bmp,KH_139
C:\Users\501\Desktop\train_test\G2_train_test\KH_139\KH_139_382.bmp,KH_139
C:\Users\501\Desktop\train_test\G2_train_test\KH_139\KH_139_383.bmp,KH_139
C:\Users\501\Desktop\train_test\G2_train_test\KH_139\KH_139_384.bmp,KH_139
C:\Users\501\Desktop\train_test\G2_train_test\KH_139\KH_139_385.bmp,KH_139
C:\Users\501\Desktop\train_test\G2_train_test\KH_139\KH_139_386.bmp,KH_139
C:\Users\501\Desktop\train_test\G2_train_test\KH_139\KH_139_387.bmp,KH_139
C:\Users\501\Desktop\train_test\G2_train_test\KH_139\KH_139_388.bmp,KH_139
C:\Users\501\Desktop\train_test\G2_train_test\KH_139\KH_139_389.bmp,KH_139
C:\Users\501\Desktop\train_test\G2_train_test\KH_139\KH_139_39.bmp,KH_139
C:\Users\501\Desktop\train_test\G2_train_test\KH_139\KH_139_390.bmp,KH_139
C:\Users\501\Desktop\train_test\G2_train_test\KH_139\KH_139_391.bmp,KH_139
C:\Users\501\Desktop\train_test\G2_train_test\KH_139\KH_139_392.bmp,KH_147
C:\Users\501\Desktop\train_test\G2_train_test\KH_139\KH_139_393.bmp,KH_139
C:\Users\501\Desktop\train_test\G2_train_test\KH_139\KH_139_394.bmp,KH_139
C:\Users\501\Desktop\train_test\G2_train_test\KH_139\KH_139_395.bmp,KH_139
C:\Users\501\Desktop\train_test\G2_train_test\KH_139\KH_139_396.bmp,KH_139
C:\Users\501\Desktop\train_test\G2_train_test\KH_139\KH_139_397.bmp,KH_139
C:\Users\501\Desktop\train_test\G2_train_test\KH_139\KH_139_398.bmp,KH_147
C:\Users\501\Desktop\train_test\G2_train_test\KH_139\KH_139_399.bmp,KH_139
C:\Users\501\Desktop\train_test\G2_train_test\KH_139\KH_139_4.bmp,KH_147
C:\Users\501\Desktop\train_test\G2_train_test\KH_139\KH_139_40.bmp,KH_147
C:\Users\501\Desktop\train_test\G2_train_test\KH_139\KH_139_400.bmp,KH_147
C:\Users\501\Desktop\train_test\G2_train_test\KH_139\KH_139_401.bmp,KH_139
C:\Users\501\Desktop\train_test\G2_train_test\KH_139\KH_139_402.bmp,KH_139
C:\Users\501\Desktop\train_test\G2_train_test\KH_139\KH_139_403.bmp,KH_139
C:\Users\501\Desktop\train_test\G2_train_test\KH_139\KH_139_404.bmp,KH_139
C:\Users\501\Desktop\train_test\G2_train_test\KH_139\KH_139_405.bmp,KH_139
C:\Users\501\Desktop\train_test\G2_train_test\KH_139\KH_139_406.bmp,KH_139
C:\Users\501\Desktop\train_test\G2_train_test\KH_139\KH_139_407.bmp,KH_147
C:\Users\501\Desktop\train_test\G2_train_test\KH_139\KH_139_408.bmp,KH_139
C:\Users\501\Desktop\train_test\G2_train_test\KH_139\KH_139_409.bmp,KH_139
C:\Users\501\Desktop\train_test\G2_train_test\KH_139\KH_139_41.bmp,KH_147
C:\Users\501\Desktop\train_test\G2_train_test\KH_139\KH_139_410.bmp,KH_139
C:\Users\501\Desktop\train_test\G2_train_test\KH_139\KH_139_411.bmp,KH_147
C:\Users\501\Desktop\train_test\G2_train_test\KH_139\KH_139_412.bmp,KH_139
C:\Users\501\Desktop\train_test\G2_train_test\KH_139\KH_139_413.bmp,KH_139
C:\Users\501\Desktop\train_test\G2_train_test\KH_139\KH_139_414.bmp,KH_139
C:\Users\501\Desktop\train_test\G2_train_test\KH_139\KH_139_415.bmp,KH_139
C:\Users\501\Desktop\train_test\G2_train_test\KH_139\KH_139_416.bmp,KH_139
C:\Users\501\Desktop\train_test\G2_train_test\KH_139\KH_139_417.bmp,KH_147
C:\Users\501\Desktop\train_test\G2_train_test\KH_139\KH_139_418.bmp,No
C:\Users\501\Desktop\train_test\G2_train_test\KH_139\KH_139_419.bmp,KH_139
C:\Users\501\Desktop\train_test\G2_train_test\KH_139\KH_139_42.bmp,KH_139
C:\Users\501\Desktop\train_test\G2_train_test\KH_139\KH_139_420.bmp,KH_139
C:\Users\501\Desktop\train_test\G2_train_test\KH_139\KH_139_421.bmp,KH_139
C:\Users\501\Desktop\train_test\G2_train_test\KH_139\KH_139_422.bmp,KH_139
C:\Users\501\Desktop\train_test\G2_train_test\KH_139\KH_139_423.bmp,KH_139
C:\Users\501\Desktop\train_test\G2_train_test\KH_139\KH_139_424.bmp,KH_139
C:\Users\501\Desktop\train_test\G2_train_test\KH_139\KH_139_425.bmp,KH_139
C:\Users\501\Desktop\train_test\G2_train_test\KH_139\KH_139_426.bmp,KH_139
C:\Users\501\Desktop\train_test\G2_train_test\KH_139\KH_139_427.bmp,KH_139
C:\Users\501\Desktop\train_test\G2_train_test\KH_139\KH_139_428.bmp,KH_139
C:\Users\501\Desktop\train_test\G2_train_test\KH_139\KH_139_429.bmp,KH_139
C:\Users\501\Desktop\train_test\G2_train_test\KH_139\KH_139_43.bmp,KH_139
C:\Users\501\Desktop\train_test\G2_train_test\KH_139\KH_139_430.bmp,KH_139
C:\Users\501\Desktop\train_test\G2_train_test\KH_139\KH_139_431.bmp,KH_139
C:\Users\501\Desktop\train_test\G2_train_test\KH_139\KH_139_432.bmp,No
C:\Users\501\Desktop\train_test\G2_train_test\KH_139\KH_139_433.bmp,KH_139
C:\Users\501\Desktop\train_test\G2_train_test\KH_139\KH_139_434.bmp,No
C:\Users\501\Desktop\train_test\G2_train_test\KH_139\KH_139_435.bmp,KH_139
C:\Users\501\Desktop\train_test\G2_train_test\KH_139\KH_139_436.bmp,KH_147
C:\Users\501\Desktop\train_test\G2_train_test\KH_139\KH_139_437.bmp,KH_139
C:\Users\501\Desktop\train_test\G2_train_test\KH_139\KH_139_438.bmp,KH_139
C:\Users\501\Desktop\train_test\G2_train_test\KH_139\KH_139_439.bmp,KH_139
C:\Users\501\Desktop\train_test\G2_train_test\KH_139\KH_139_44.bmp,KH_139
C:\Users\501\Desktop\train_test\G2_train_test\KH_139\KH_139_440.bmp,KH_139
C:\Users\501\Desktop\train_test\G2_train_test\KH_139\KH_139_441.bmp,KH_139
C:\Users\501\Desktop\train_test\G2_train_test\KH_139\KH_139_442.bmp,KH_139
C:\Users\501\Desktop\train_test\G2_train_test\KH_139\KH_139_443.bmp,KH_139
C:\Users\501\Desktop\train_test\G2_train_test\KH_139\KH_139_444.bmp,No
C:\Users\501\Desktop\train_test\G2_train_test\KH_139\KH_139_445.bmp,KH_139
C:\Users\501\Desktop\train_test\G2_train_test\KH_139\KH_139_446.bmp,KH_139
C:\Users\501\Desktop\train_test\G2_train_test\KH_139\KH_139_447.bmp,KH_147
C:\Users\501\Desktop\train_test\G2_train_test\KH_139\KH_139_448.bmp,KH_139
C:\Users\501\Desktop\train_test\G2_train_test\KH_139\KH_139_449.bmp,KH_147
C:\Users\501\Desktop\train_test\G2_train_test\KH_139\KH_139_45.bmp,KH_139
C:\Users\501\Desktop\train_test\G2_train_test\KH_139\KH_139_450.bmp,KH_139
C:\Users\501\Desktop\train_test\G2_train_test\KH_139\KH_139_451.bmp,KH_139
C:\Users\501\Desktop\train_test\G2_train_test\KH_139\KH_139_452.bmp,KH_147
C:\Users\501\Desktop\train_test\G2_train_test\KH_139\KH_139_453.bmp,KH_147
C:\Users\501\Desktop\train_test\G2_train_test\KH_139\KH_139_454.bmp,KH_139
C:\Users\501\Desktop\train_test\G2_train_test\KH_139\KH_139_455.bmp,KH_139
C:\Users\501\Desktop\train_test\G2_train_test\KH_139\KH_139_456.bmp,KH_139
C:\Users\501\Desktop\train_test\G2_train_test\KH_139\KH_139_457.bmp,KH_139
C:\Users\501\Desktop\train_test\G2_train_test\KH_139\KH_139_458.bmp,KH_139
C:\Users\501\Desktop\train_test\G2_train_test\KH_139\KH_139_459.bmp,KH_139
C:\Users\501\Desktop\train_test\G2_train_test\KH_139\KH_139_46.bmp,KH_139
C:\Users\501\Desktop\train_test\G2_train_test\KH_139\KH_139_460.bmp,KH_139
C:\Users\501\Desktop\train_test\G2_train_test\KH_139\KH_139_461.bmp,KH_139
C:\Users\501\Desktop\train_test\G2_train_test\KH_139\KH_139_462.bmp,KH_139
C:\Users\501\Desktop\train_test\G2_train_test\KH_139\KH_139_463.bmp,KH_139
C:\Users\501\Desktop\train_test\G2_train_test\KH_139\KH_139_464.bmp,KH_139
C:\Users\501\Desktop\train_test\G2_train_test\KH_139\KH_139_465.bmp,KH_139
C:\Users\501\Desktop\train_test\G2_train_test\KH_139\KH_139_466.bmp,KH_139
C:\Users\501\Desktop\train_test\G2_train_test\KH_139\KH_139_467.bmp,KH_139
C:\Users\501\Desktop\train_test\G2_train_test\KH_139\KH_139_468.bmp,KH_139
C:\Users\501\Desktop\train_test\G2_train_test\KH_139\KH_139_469.bmp,KH_139
C:\Users\501\Desktop\train_test\G2_train_test\KH_139\KH_139_47.bmp,KH_139
C:\Users\501\Desktop\train_test\G2_train_test\KH_139\KH_139_470.bmp,KH_139
C:\Users\501\Desktop\train_test\G2_train_test\KH_139\KH_139_471.bmp,KH_139
C:\Users\501\Desktop\train_test\G2_train_test\KH_139\KH_139_472.bmp,KH_139
C:\Users\501\Desktop\train_test\G2_train_test\KH_139\KH_139_473.bmp,KH_139
C:\Users\501\Desktop\train_test\G2_train_test\KH_139\KH_139_474.bmp,KH_139
C:\Users\501\Desktop\train_test\G2_train_test\KH_139\KH_139_475.bmp,KH_139
C:\Users\501\Desktop\train_test\G2_train_test\KH_139\KH_139_476.bmp,KH_139
C:\Users\501\Desktop\train_test\G2_train_test\KH_139\KH_139_477.bmp,KH_139
C:\Users\501\Desktop\train_test\G2_train_test\KH_139\KH_139_478.bmp,KH_139
C:\Users\501\Desktop\train_test\G2_train_test\KH_139\KH_139_479.bmp,KH_139
C:\Users\501\Desktop\train_test\G2_train_test\KH_139\KH_139_48.bmp,KH_139
C:\Users\501\Desktop\train_test\G2_train_test\KH_139\KH_139_480.bmp,KH_139
C:\Users\501\Desktop\train_test\G2_train_test\KH_139\KH_139_481.bmp,KH_139
C:\Users\501\Desktop\train_test\G2_train_test\KH_139\KH_139_482.bmp,KH_139
C:\Users\501\Desktop\train_test\G2_train_test\KH_139\KH_139_483.bmp,KH_139
C:\Users\501\Desktop\train_test\G2_train_test\KH_139\KH_139_484.bmp,KH_139
C:\Users\501\Desktop\train_test\G2_train_test\KH_139\KH_139_485.bmp,KH_139
C:\Users\501\Desktop\train_test\G2_train_test\KH_139\KH_139_486.bmp,KH_139
C:\Users\501\Desktop\train_test\G2_train_test\KH_139\KH_139_487.bmp,KH_139
C:\Users\501\Desktop\train_test\G2_train_test\KH_139\KH_139_488.bmp,KH_139
C:\Users\501\Desktop\train_test\G2_train_test\KH_139\KH_139_489.bmp,KH_139
C:\Users\501\Desktop\train_test\G2_train_test\KH_139\KH_139_49.bmp,KH_147
C:\Users\501\Desktop\train_test\G2_train_test\KH_139\KH_139_490.bmp,KH_139
C:\Users\501\Desktop\train_test\G2_train_test\KH_139\KH_139_491.bmp,KH_139
C:\Users\501\Desktop\train_test\G2_train_test\KH_139\KH_139_492.bmp,KH_139
C:\Users\501\Desktop\train_test\G2_train_test\KH_139\KH_139_493.bmp,KH_139
C:\Users\501\Desktop\train_test\G2_train_test\KH_139\KH_139_494.bmp,KH_147
C:\Users\501\Desktop\train_test\G2_train_test\KH_139\KH_139_495.bmp,KH_139
C:\Users\501\Desktop\train_test\G2_train_test\KH_139\KH_139_496.bmp,KH_139
C:\Users\501\Desktop\train_test\G2_train_test\KH_139\KH_139_497.bmp,KH_139
C:\Users\501\Desktop\train_test\G2_train_test\KH_139\KH_139_498.bmp,KH_139
C:\Users\501\Desktop\train_test\G2_train_test\KH_139\KH_139_499.bmp,KH_139
C:\Users\501\Desktop\train_test\G2_train_test\KH_139\KH_139_5.bmp,KH_147
C:\Users\501\Desktop\train_test\G2_train_test\KH_139\KH_139_50.bmp,No
C:\Users\501\Desktop\train_test\G2_train_test\KH_139\KH_139_500.bmp,KH_139
C:\Users\501\Desktop\train_test\G2_train_test\KH_139\KH_139_501.bmp,KH_147
C:\Users\501\Desktop\train_test\G2_train_test\KH_139\KH_139_502.bmp,KH_139
C:\Users\501\Desktop\train_test\G2_train_test\KH_139\KH_139_503.bmp,KH_139
C:\Users\501\Desktop\train_test\G2_train_test\KH_139\KH_139_504.bmp,KH_139
C:\Users\501\Desktop\train_test\G2_train_test\KH_139\KH_139_505.bmp,KH_139
C:\Users\501\Desktop\train_test\G2_train_test\KH_139\KH_139_506.bmp,KH_139
C:\Users\501\Desktop\train_test\G2_train_test\KH_139\KH_139_507.bmp,KH_139
C:\Users\501\Desktop\train_test\G2_train_test\KH_139\KH_139_508.bmp,KH_147
C:\Users\501\Desktop\train_test\G2_train_test\KH_139\KH_139_509.bmp,KH_139
C:\Users\501\Desktop\train_test\G2_train_test\KH_139\KH_139_51.bmp,KH_139
C:\Users\501\Desktop\train_test\G2_train_test\KH_139\KH_139_510.bmp,KH_139
C:\Users\501\Desktop\train_test\G2_train_test\KH_139\KH_139_511.bmp,KH_139
C:\Users\501\Desktop\train_test\G2_train_test\KH_139\KH_139_512.bmp,KH_139
C:\Users\501\Desktop\train_test\G2_train_test\KH_139\KH_139_513.bmp,KH_139
C:\Users\501\Desktop\train_test\G2_train_test\KH_139\KH_139_514.bmp,KH_139
C:\Users\501\Desktop\train_test\G2_train_test\KH_139\KH_139_515.bmp,KH_139
C:\Users\501\Desktop\train_test\G2_train_test\KH_139\KH_139_516.bmp,KH_139
C:\Users\501\Desktop\train_test\G2_train_test\KH_139\KH_139_517.bmp,KH_139
C:\Users\501\Desktop\train_test\G2_train_test\KH_139\KH_139_518.bmp,KH_139
C:\Users\501\Desktop\train_test\G2_train_test\KH_139\KH_139_519.bmp,KH_139
C:\Users\501\Desktop\train_test\G2_train_test\KH_139\KH_139_52.bmp,KH_139
C:\Users\501\Desktop\train_test\G2_train_test\KH_139\KH_139_520.bmp,KH_139
C:\Users\501\Desktop\train_test\G2_train_test\KH_139\KH_139_521.bmp,KH_139
C:\Users\501\Desktop\train_test\G2_train_test\KH_139\KH_139_522.bmp,KH_139
C:\Users\501\Desktop\train_test\G2_train_test\KH_139\KH_139_523.bmp,KH_139
C:\Users\501\Desktop\train_test\G2_train_test\KH_139\KH_139_524.bmp,KH_139
C:\Users\501\Desktop\train_test\G2_train_test\KH_139\KH_139_525.bmp,KH_139
C:\Users\501\Desktop\train_test\G2_train_test\KH_139\KH_139_526.bmp,KH_139
C:\Users\501\Desktop\train_test\G2_train_test\KH_139\KH_139_527.bmp,KH_139
C:\Users\501\Desktop\train_test\G2_train_test\KH_139\KH_139_528.bmp,KH_139
C:\Users\501\Desktop\train_test\G2_train_test\KH_139\KH_139_529.bmp,KH_139
C:\Users\501\Desktop\train_test\G2_train_test\KH_139\KH_139_53.bmp,KH_139
C:\Users\501\Desktop\train_test\G2_train_test\KH_139\KH_139_530.bmp,KH_139
C:\Users\501\Desktop\train_test\G2_train_test\KH_139\KH_139_531.bmp,KH_139
C:\Users\501\Desktop\train_test\G2_train_test\KH_139\KH_139_532.bmp,KH_139
C:\Users\501\Desktop\train_test\G2_train_test\KH_139\KH_139_533.bmp,KH_139
C:\Users\501\Desktop\train_test\G2_train_test\KH_139\KH_139_534.bmp,KH_139
C:\Users\501\Desktop\train_test\G2_train_test\KH_139\KH_139_535.bmp,KH_139
C:\Users\501\Desktop\train_test\G2_train_test\KH_139\KH_139_536.bmp,KH_139
C:\Users\501\Desktop\train_test\G2_train_test\KH_139\KH_139_537.bmp,KH_139
C:\Users\501\Desktop\train_test\G2_train_test\KH_139\KH_139_538.bmp,KH_139
C:\Users\501\Desktop\train_test\G2_train_test\KH_139\KH_139_539.bmp,KH_139
C:\Users\501\Desktop\train_test\G2_train_test\KH_139\KH_139_54.bmp,KH_139
C:\Users\501\Desktop\train_test\G2_train_test\KH_139\KH_139_540.bmp,KH_139
C:\Users\501\Desktop\train_test\G2_train_test\KH_139\KH_139_541.bmp,KH_139
C:\Users\501\Desktop\train_test\G2_train_test\KH_139\KH_139_542.bmp,KH_139
C:\Users\501\Desktop\train_test\G2_train_test\KH_139\KH_139_543.bmp,KH_139
C:\Users\501\Desktop\train_test\G2_train_test\KH_139\KH_139_544.bmp,KH_139
C:\Users\501\Desktop\train_test\G2_train_test\KH_139\KH_139_545.bmp,KH_139
C:\Users\501\Desktop\train_test\G2_train_test\KH_139\KH_139_546.bmp,KH_139
C:\Users\501\Desktop\train_test\G2_train_test\KH_139\KH_139_547.bmp,KH_139
C:\Users\501\Desktop\train_test\G2_train_test\KH_139\KH_139_548.bmp,KH_145
C:\Users\501\Desktop\train_test\G2_train_test\KH_139\KH_139_549.bmp,KH_139
C:\Users\501\Desktop\train_test\G2_train_test\KH_139\KH_139_55.bmp,KH_139
C:\Users\501\Desktop\train_test\G2_train_test\KH_139\KH_139_550.bmp,KH_139
C:\Users\501\Desktop\train_test\G2_train_test\KH_139\KH_139_551.bmp,KH_139
C:\Users\501\Desktop\train_test\G2_train_test\KH_139\KH_139_552.bmp,KH_139
C:\Users\501\Desktop\train_test\G2_train_test\KH_139\KH_139_553.bmp,KH_139
C:\Users\501\Desktop\train_test\G2_train_test\KH_139\KH_139_554.bmp,KH_147
C:\Users\501\Desktop\train_test\G2_train_test\KH_139\KH_139_555.bmp,KH_139
C:\Users\501\Desktop\train_test\G2_train_test\KH_139\KH_139_556.bmp,KH_139
C:\Users\501\Desktop\train_test\G2_train_test\KH_139\KH_139_557.bmp,KH_139
C:\Users\501\Desktop\train_test\G2_train_test\KH_139\KH_139_558.bmp,KH_139
C:\Users\501\Desktop\train_test\G2_train_test\KH_139\KH_139_559.bmp,KH_139
C:\Users\501\Desktop\train_test\G2_train_test\KH_139\KH_139_56.bmp,KH_139
C:\Users\501\Desktop\train_test\G2_train_test\KH_139\KH_139_560.bmp,KH_139
C:\Users\501\Desktop\train_test\G2_train_test\KH_139\KH_139_561.bmp,KH_139
C:\Users\501\Desktop\train_test\G2_train_test\KH_139\KH_139_562.bmp,KH_139
C:\Users\501\Desktop\train_test\G2_train_test\KH_139\KH_139_563.bmp,KH_139
C:\Users\501\Desktop\train_test\G2_train_test\KH_139\KH_139_564.bmp,KH_139
C:\Users\501\Desktop\train_test\G2_train_test\KH_139\KH_139_565.bmp,KH_139
C:\Users\501\Desktop\train_test\G2_train_test\KH_139\KH_139_566.bmp,KH_139
C:\Users\501\Desktop\train_test\G2_train_test\KH_139\KH_139_567.bmp,KH_139
C:\Users\501\Desktop\train_test\G2_train_test\KH_139\KH_139_568.bmp,KH_139
C:\Users\501\Desktop\train_test\G2_train_test\KH_139\KH_139_569.bmp,KH_139
C:\Users\501\Desktop\train_test\G2_train_test\KH_139\KH_139_57.bmp,KH_139
C:\Users\501\Desktop\train_test\G2_train_test\KH_139\KH_139_570.bmp,KH_139
C:\Users\501\Desktop\train_test\G2_train_test\KH_139\KH_139_571.bmp,KH_139
C:\Users\501\Desktop\train_test\G2_train_test\KH_139\KH_139_572.bmp,KH_139
C:\Users\501\Desktop\train_test\G2_train_test\KH_139\KH_139_573.bmp,KH_139
C:\Users\501\Desktop\train_test\G2_train_test\KH_139\KH_139_574.bmp,KH_139
C:\Users\501\Desktop\train_test\G2_train_test\KH_139\KH_139_575.bmp,KH_139
C:\Users\501\Desktop\train_test\G2_train_test\KH_139\KH_139_576.bmp,KH_139
C:\Users\501\Desktop\train_test\G2_train_test\KH_139\KH_139_577.bmp,KH_139
C:\Users\501\Desktop\train_test\G2_train_test\KH_139\KH_139_578.bmp,KH_139
C:\Users\501\Desktop\train_test\G2_train_test\KH_139\KH_139_579.bmp,KH_139
C:\Users\501\Desktop\train_test\G2_train_test\KH_139\KH_139_58.bmp,KH_139
C:\Users\501\Desktop\train_test\G2_train_test\KH_139\KH_139_580.bmp,KH_139
C:\Users\501\Desktop\train_test\G2_train_test\KH_139\KH_139_581.bmp,KH_139
C:\Users\501\Desktop\train_test\G2_train_test\KH_139\KH_139_582.bmp,KH_147
C:\Users\501\Desktop\train_test\G2_train_test\KH_139\KH_139_583.bmp,KH_139
C:\Users\501\Desktop\train_test\G2_train_test\KH_139\KH_139_584.bmp,KH_139
C:\Users\501\Desktop\train_test\G2_train_test\KH_139\KH_139_585.bmp,KH_139
C:\Users\501\Desktop\train_test\G2_train_test\KH_139\KH_139_586.bmp,KH_139
C:\Users\501\Desktop\train_test\G2_train_test\KH_139\KH_139_587.bmp,KH_139
C:\Users\501\Desktop\train_test\G2_train_test\KH_139\KH_139_588.bmp,KH_139
C:\Users\501\Desktop\train_test\G2_train_test\KH_139\KH_139_589.bmp,KH_139
C:\Users\501\Desktop\train_test\G2_train_test\KH_139\KH_139_59.bmp,KH_139
C:\Users\501\Desktop\train_test\G2_train_test\KH_139\KH_139_590.bmp,KH_139
C:\Users\501\Desktop\train_test\G2_train_test\KH_139\KH_139_591.bmp,No
C:\Users\501\Desktop\train_test\G2_train_test\KH_139\KH_139_592.bmp,KH_139
C:\Users\501\Desktop\train_test\G2_train_test\KH_139\KH_139_593.bmp,KH_139
C:\Users\501\Desktop\train_test\G2_train_test\KH_139\KH_139_594.bmp,KH_139
C:\Users\501\Desktop\train_test\G2_train_test\KH_139\KH_139_595.bmp,KH_139
C:\Users\501\Desktop\train_test\G2_train_test\KH_139\KH_139_596.bmp,KH_139
C:\Users\501\Desktop\train_test\G2_train_test\KH_139\KH_139_597.bmp,KH_139
C:\Users\501\Desktop\train_test\G2_train_test\KH_139\KH_139_598.bmp,KH_139
C:\Users\501\Desktop\train_test\G2_train_test\KH_139\KH_139_599.bmp,KH_139
C:\Users\501\Desktop\train_test\G2_train_test\KH_139\KH_139_6.bmp,KH_139
C:\Users\501\Desktop\train_test\G2_train_test\KH_139\KH_139_60.bmp,KH_147
C:\Users\501\Desktop\train_test\G2_train_test\KH_139\KH_139_600.bmp,KH_147
C:\Users\501\Desktop\train_test\G2_train_test\KH_139\KH_139_601.bmp,KH_139
C:\Users\501\Desktop\train_test\G2_train_test\KH_139\KH_139_602.bmp,KH_139
C:\Users\501\Desktop\train_test\G2_train_test\KH_139\KH_139_603.bmp,KH_139
C:\Users\501\Desktop\train_test\G2_train_test\KH_139\KH_139_604.bmp,KH_139
C:\Users\501\Desktop\train_test\G2_train_test\KH_139\KH_139_605.bmp,KH_139
C:\Users\501\Desktop\train_test\G2_train_test\KH_139\KH_139_606.bmp,KH_139
C:\Users\501\Desktop\train_test\G2_train_test\KH_139\KH_139_607.bmp,KH_139
C:\Users\501\Desktop\train_test\G2_train_test\KH_139\KH_139_608.bmp,KH_139
C:\Users\501\Desktop\train_test\G2_train_test\KH_139\KH_139_609.bmp,KH_139
C:\Users\501\Desktop\train_test\G2_train_test\KH_139\KH_139_61.bmp,KH_139
C:\Users\501\Desktop\train_test\G2_train_test\KH_139\KH_139_610.bmp,KH_139
C:\Users\501\Desktop\train_test\G2_train_test\KH_139\KH_139_611.bmp,KH_139
C:\Users\501\Desktop\train_test\G2_train_test\KH_139\KH_139_612.bmp,KH_139
C:\Users\501\Desktop\train_test\G2_train_test\KH_139\KH_139_613.bmp,KH_139
C:\Users\501\Desktop\train_test\G2_train_test\KH_139\KH_139_614.bmp,KH_139
C:\Users\501\Desktop\train_test\G2_train_test\KH_139\KH_139_615.bmp,KH_139
C:\Users\501\Desktop\train_test\G2_train_test\KH_139\KH_139_616.bmp,KH_139
C:\Users\501\Desktop\train_test\G2_train_test\KH_139\KH_139_617.bmp,KH_139
C:\Users\501\Desktop\train_test\G2_train_test\KH_139\KH_139_618.bmp,KH_139
C:\Users\501\Desktop\train_test\G2_train_test\KH_139\KH_139_619.bmp,KH_139
C:\Users\501\Desktop\train_test\G2_train_test\KH_139\KH_139_62.bmp,KH_147
C:\Users\501\Desktop\train_test\G2_train_test\KH_139\KH_139_620.bmp,No
C:\Users\501\Desktop\train_test\G2_train_test\KH_139\KH_139_621.bmp,KH_139
C:\Users\501\Desktop\train_test\G2_train_test\KH_139\KH_139_622.bmp,KH_147
C:\Users\501\Desktop\train_test\G2_train_test\KH_139\KH_139_623.bmp,KH_139
C:\Users\501\Desktop\train_test\G2_train_test\KH_139\KH_139_624.bmp,KH_139
C:\Users\501\Desktop\train_test\G2_train_test\KH_139\KH_139_625.bmp,KH_139
C:\Users\501\Desktop\train_test\G2_train_test\KH_139\KH_139_626.bmp,KH_139
C:\Users\501\Desktop\train_test\G2_train_test\KH_139\KH_139_627.bmp,KH_147
C:\Users\501\Desktop\train_test\G2_train_test\KH_139\KH_139_628.bmp,KH_139
C:\Users\501\Desktop\train_test\G2_train_test\KH_139\KH_139_629.bmp,KH_139
C:\Users\501\Desktop\train_test\G2_train_test\KH_139\KH_139_63.bmp,KH_139
C:\Users\501\Desktop\train_test\G2_train_test\KH_139\KH_139_630.bmp,KH_139
C:\Users\501\Desktop\train_test\G2_train_test\KH_139\KH_139_631.bmp,KH_139
C:\Users\501\Desktop\train_test\G2_train_test\KH_139\KH_139_632.bmp,KH_139
C:\Users\501\Desktop\train_test\G2_train_test\KH_139\KH_139_633.bmp,KH_139
C:\Users\501\Desktop\train_test\G2_train_test\KH_139\KH_139_634.bmp,KH_139
C:\Users\501\Desktop\train_test\G2_train_test\KH_139\KH_139_635.bmp,KH_139
C:\Users\501\Desktop\train_test\G2_train_test\KH_139\KH_139_636.bmp,KH_139
C:\Users\501\Desktop\train_test\G2_train_test\KH_139\KH_139_637.bmp,KH_139
C:\Users\501\Desktop\train_test\G2_train_test\KH_139\KH_139_638.bmp,KH_139
C:\Users\501\Desktop\train_test\G2_train_test\KH_139\KH_139_639.bmp,KH_139
C:\Users\501\Desktop\train_test\G2_train_test\KH_139\KH_139_64.bmp,KH_147
C:\Users\501\Desktop\train_test\G2_train_test\KH_139\KH_139_640.bmp,KH_139
C:\Users\501\Desktop\train_test\G2_train_test\KH_139\KH_139_641.bmp,KH_139
C:\Users\501\Desktop\train_test\G2_train_test\KH_139\KH_139_642.bmp,KH_139
C:\Users\501\Desktop\train_test\G2_train_test\KH_139\KH_139_643.bmp,KH_139
C:\Users\501\Desktop\train_test\G2_train_test\KH_139\KH_139_644.bmp,KH_139
C:\Users\501\Desktop\train_test\G2_train_test\KH_139\KH_139_645.bmp,KH_139
C:\Users\501\Desktop\train_test\G2_train_test\KH_139\KH_139_646.bmp,KH_139
C:\Users\501\Desktop\train_test\G2_train_test\KH_139\KH_139_647.bmp,KH_139
C:\Users\501\Desktop\train_test\G2_train_test\KH_139\KH_139_648.bmp,KH_139
C:\Users\501\Desktop\train_test\G2_train_test\KH_139\KH_139_649.bmp,KH_139
C:\Users\501\Desktop\train_test\G2_train_test\KH_139\KH_139_65.bmp,KH_139
C:\Users\501\Desktop\train_test\G2_train_test\KH_139\KH_139_650.bmp,KH_139
C:\Users\501\Desktop\train_test\G2_train_test\KH_139\KH_139_651.bmp,KH_139
C:\Users\501\Desktop\train_test\G2_train_test\KH_139\KH_139_652.bmp,KH_139
C:\Users\501\Desktop\train_test\G2_train_test\KH_139\KH_139_653.bmp,KH_139
C:\Users\501\Desktop\train_test\G2_train_test\KH_139\KH_139_654.bmp,KH_139
C:\Users\501\Desktop\train_test\G2_train_test\KH_139\KH_139_655.bmp,KH_139
C:\Users\501\Desktop\train_test\G2_train_test\KH_139\KH_139_656.bmp,KH_139
C:\Users\501\Desktop\train_test\G2_train_test\KH_139\KH_139_657.bmp,KH_147
C:\Users\501\Desktop\train_test\G2_train_test\KH_139\KH_139_658.bmp,KH_139
C:\Users\501\Desktop\train_test\G2_train_test\KH_139\KH_139_659.bmp,KH_139
C:\Users\501\Desktop\train_test\G2_train_test\KH_139\KH_139_66.bmp,KH_139
C:\Users\501\Desktop\train_test\G2_train_test\KH_139\KH_139_660.bmp,KH_139
C:\Users\501\Desktop\train_test\G2_train_test\KH_139\KH_139_661.bmp,KH_139
C:\Users\501\Desktop\train_test\G2_train_test\KH_139\KH_139_662.bmp,KH_139
C:\Users\501\Desktop\train_test\G2_train_test\KH_139\KH_139_663.bmp,KH_139
C:\Users\501\Desktop\train_test\G2_train_test\KH_139\KH_139_664.bmp,KH_139
C:\Users\501\Desktop\train_test\G2_train_test\KH_139\KH_139_665.bmp,KH_139
C:\Users\501\Desktop\train_test\G2_train_test\KH_139\KH_139_666.bmp,KH_139
C:\Users\501\Desktop\train_test\G2_train_test\KH_139\KH_139_667.bmp,KH_139
C:\Users\501\Desktop\train_test\G2_train_test\KH_139\KH_139_668.bmp,KH_139
C:\Users\501\Desktop\train_test\G2_train_test\KH_139\KH_139_669.bmp,KH_139
C:\Users\501\Desktop\train_test\G2_train_test\KH_139\KH_139_67.bmp,KH_139
C:\Users\501\Desktop\train_test\G2_train_test\KH_139\KH_139_670.bmp,KH_139
C:\Users\501\Desktop\train_test\G2_train_test\KH_139\KH_139_671.bmp,KH_147
C:\Users\501\Desktop\train_test\G2_train_test\KH_139\KH_139_672.bmp,KH_145
C:\Users\501\Desktop\train_test\G2_train_test\KH_139\KH_139_673.bmp,KH_139
C:\Users\501\Desktop\train_test\G2_train_test\KH_139\KH_139_674.bmp,KH_139
C:\Users\501\Desktop\train_test\G2_train_test\KH_139\KH_139_675.bmp,KH_139
C:\Users\501\Desktop\train_test\G2_train_test\KH_139\KH_139_676.bmp,KH_139
C:\Users\501\Desktop\train_test\G2_train_test\KH_139\KH_139_677.bmp,KH_139
C:\Users\501\Desktop\train_test\G2_train_test\KH_139\KH_139_678.bmp,KH_139
C:\Users\501\Desktop\train_test\G2_train_test\KH_139\KH_139_679.bmp,KH_139
C:\Users\501\Desktop\train_test\G2_train_test\KH_139\KH_139_68.bmp,KH_139
C:\Users\501\Desktop\train_test\G2_train_test\KH_139\KH_139_680.bmp,KH_139
C:\Users\501\Desktop\train_test\G2_train_test\KH_139\KH_139_681.bmp,KH_139
C:\Users\501\Desktop\train_test\G2_train_test\KH_139\KH_139_682.bmp,KH_139
C:\Users\501\Desktop\train_test\G2_train_test\KH_139\KH_139_683.bmp,KH_139
C:\Users\501\Desktop\train_test\G2_train_test\KH_139\KH_139_684.bmp,KH_139
C:\Users\501\Desktop\train_test\G2_train_test\KH_139\KH_139_685.bmp,KH_139
C:\Users\501\Desktop\train_test\G2_train_test\KH_139\KH_139_686.bmp,KH_139
C:\Users\501\Desktop\train_test\G2_train_test\KH_139\KH_139_687.bmp,KH_139
C:\Users\501\Desktop\train_test\G2_train_test\KH_139\KH_139_688.bmp,KH_139
C:\Users\501\Desktop\train_test\G2_train_test\KH_139\KH_139_689.bmp,KH_139
C:\Users\501\Desktop\train_test\G2_train_test\KH_139\KH_139_69.bmp,KH_147
C:\Users\501\Desktop\train_test\G2_train_test\KH_139\KH_139_690.bmp,KH_139
C:\Users\501\Desktop\train_test\G2_train_test\KH_139\KH_139_691.bmp,KH_147
C:\Users\501\Desktop\train_test\G2_train_test\KH_139\KH_139_692.bmp,KH_147
C:\Users\501\Desktop\train_test\G2_train_test\KH_139\KH_139_693.bmp,KH_139
C:\Users\501\Desktop\train_test\G2_train_test\KH_139\KH_139_694.bmp,KH_139
C:\Users\501\Desktop\train_test\G2_train_test\KH_139\KH_139_695.bmp,KH_139
C:\Users\501\Desktop\train_test\G2_train_test\KH_139\KH_139_696.bmp,KH_139
C:\Users\501\Desktop\train_test\G2_train_test\KH_139\KH_139_697.bmp,KH_139
C:\Users\501\Desktop\train_test\G2_train_test\KH_139\KH_139_698.bmp,KH_139
C:\Users\501\Desktop\train_test\G2_train_test\KH_139\KH_139_699.bmp,KH_147
C:\Users\501\Desktop\train_test\G2_train_test\KH_139\KH_139_7.bmp,KH_139
C:\Users\501\Desktop\train_test\G2_train_test\KH_139\KH_139_70.bmp,KH_139
C:\Users\501\Desktop\train_test\G2_train_test\KH_139\KH_139_700.bmp,KH_139
C:\Users\501\Desktop\train_test\G2_train_test\KH_139\KH_139_701.bmp,KH_139
C:\Users\501\Desktop\train_test\G2_train_test\KH_139\KH_139_702.bmp,KH_147
C:\Users\501\Desktop\train_test\G2_train_test\KH_139\KH_139_703.bmp,KH_139
C:\Users\501\Desktop\train_test\G2_train_test\KH_139\KH_139_704.bmp,KH_139
C:\Users\501\Desktop\train_test\G2_train_test\KH_139\KH_139_705.bmp,KH_139
C:\Users\501\Desktop\train_test\G2_train_test\KH_139\KH_139_706.bmp,KH_139
C:\Users\501\Desktop\train_test\G2_train_test\KH_139\KH_139_707.bmp,KH_139
C:\Users\501\Desktop\train_test\G2_train_test\KH_139\KH_139_708.bmp,KH_139
C:\Users\501\Desktop\train_test\G2_train_test\KH_139\KH_139_709.bmp,KH_139
C:\Users\501\Desktop\train_test\G2_train_test\KH_139\KH_139_71.bmp,No
C:\Users\501\Desktop\train_test\G2_train_test\KH_139\KH_139_710.bmp,KH_139
C:\Users\501\Desktop\train_test\G2_train_test\KH_139\KH_139_711.bmp,KH_139
C:\Users\501\Desktop\train_test\G2_train_test\KH_139\KH_139_712.bmp,KH_139
C:\Users\501\Desktop\train_test\G2_train_test\KH_139\KH_139_713.bmp,KH_147
C:\Users\501\Desktop\train_test\G2_train_test\KH_139\KH_139_714.bmp,KH_139
C:\Users\501\Desktop\train_test\G2_train_test\KH_139\KH_139_715.bmp,KH_139
C:\Users\501\Desktop\train_test\G2_train_test\KH_139\KH_139_716.bmp,KH_139
C:\Users\501\Desktop\train_test\G2_train_test\KH_139\KH_139_717.bmp,KH_139
C:\Users\501\Desktop\train_test\G2_train_test\KH_139\KH_139_718.bmp,KH_139
C:\Users\501\Desktop\train_test\G2_train_test\KH_139\KH_139_719.bmp,KH_139
C:\Users\501\Desktop\train_test\G2_train_test\KH_139\KH_139_72.bmp,KH_139
C:\Users\501\Desktop\train_test\G2_train_test\KH_139\KH_139_720.bmp,KH_139
C:\Users\501\Desktop\train_test\G2_train_test\KH_139\KH_139_721.bmp,KH_147
C:\Users\501\Desktop\train_test\G2_train_test\KH_139\KH_139_722.bmp,KH_139
C:\Users\501\Desktop\train_test\G2_train_test\KH_139\KH_139_723.bmp,KH_139
C:\Users\501\Desktop\train_test\G2_train_test\KH_139\KH_139_724.bmp,KH_139
C:\Users\501\Desktop\train_test\G2_train_test\KH_139\KH_139_725.bmp,KH_139
C:\Users\501\Desktop\train_test\G2_train_test\KH_139\KH_139_726.bmp,KH_139
C:\Users\501\Desktop\train_test\G2_train_test\KH_139\KH_139_727.bmp,KH_139
C:\Users\501\Desktop\train_test\G2_train_test\KH_139\KH_139_728.bmp,KH_139
C:\Users\501\Desktop\train_test\G2_train_test\KH_139\KH_139_729.bmp,KH_139
C:\Users\501\Desktop\train_test\G2_train_test\KH_139\KH_139_73.bmp,KH_147
C:\Users\501\Desktop\train_test\G2_train_test\KH_139\KH_139_730.bmp,KH_139
C:\Users\501\Desktop\train_test\G2_train_test\KH_139\KH_139_731.bmp,KH_139
C:\Users\501\Desktop\train_test\G2_train_test\KH_139\KH_139_732.bmp,KH_139
C:\Users\501\Desktop\train_test\G2_train_test\KH_139\KH_139_733.bmp,KH_139
C:\Users\501\Desktop\train_test\G2_train_test\KH_139\KH_139_734.bmp,TT_30
C:\Users\501\Desktop\train_test\G2_train_test\KH_139\KH_139_735.bmp,KH_139
C:\Users\501\Desktop\train_test\G2_train_test\KH_139\KH_139_736.bmp,KH_139
C:\Users\501\Desktop\train_test\G2_train_test\KH_139\KH_139_737.bmp,KH_139
C:\Users\501\Desktop\train_test\G2_train_test\KH_139\KH_139_738.bmp,KH_147
C:\Users\501\Desktop\train_test\G2_train_test\KH_139\KH_139_739.bmp,KH_139
C:\Users\501\Desktop\train_test\G2_train_test\KH_139\KH_139_74.bmp,KH_139
C:\Users\501\Desktop\train_test\G2_train_test\KH_139\KH_139_740.bmp,KH_139
C:\Users\501\Desktop\train_test\G2_train_test\KH_139\KH_139_741.bmp,KH_139
C:\Users\501\Desktop\train_test\G2_train_test\KH_139\KH_139_742.bmp,KH_139
C:\Users\501\Desktop\train_test\G2_train_test\KH_139\KH_139_743.bmp,No
C:\Users\501\Desktop\train_test\G2_train_test\KH_139\KH_139_744.bmp,KH_139
C:\Users\501\Desktop\train_test\G2_train_test\KH_139\KH_139_745.bmp,KH_139
C:\Users\501\Desktop\train_test\G2_train_test\KH_139\KH_139_746.bmp,KH_147
C:\Users\501\Desktop\train_test\G2_train_test\KH_139\KH_139_747.bmp,KH_139
C:\Users\501\Desktop\train_test\G2_train_test\KH_139\KH_139_748.bmp,KH_139
C:\Users\501\Desktop\train_test\G2_train_test\KH_139\KH_139_749.bmp,KH_139
C:\Users\501\Desktop\train_test\G2_train_test\KH_139\KH_139_75.bmp,KH_139
C:\Users\501\Desktop\train_test\G2_train_test\KH_139\KH_139_750.bmp,KH_139
C:\Users\501\Desktop\train_test\G2_train_test\KH_139\KH_139_751.bmp,KH_147
C:\Users\501\Desktop\train_test\G2_train_test\KH_139\KH_139_752.bmp,KH_139
C:\Users\501\Desktop\train_test\G2_train_test\KH_139\KH_139_753.bmp,KH_139
C:\Users\501\Desktop\train_test\G2_train_test\KH_139\KH_139_754.bmp,KH_139
C:\Users\501\Desktop\train_test\G2_train_test\KH_139\KH_139_755.bmp,KH_139
C:\Users\501\Desktop\train_test\G2_train_test\KH_139\KH_139_756.bmp,KH_139
C:\Users\501\Desktop\train_test\G2_train_test\KH_139\KH_139_757.bmp,KH_139
C:\Users\501\Desktop\train_test\G2_train_test\KH_139\KH_139_758.bmp,KH_139
C:\Users\501\Desktop\train_test\G2_train_test\KH_139\KH_139_759.bmp,KH_139
C:\Users\501\Desktop\train_test\G2_train_test\KH_139\KH_139_76.bmp,KH_139
C:\Users\501\Desktop\train_test\G2_train_test\KH_139\KH_139_760.bmp,KH_139
C:\Users\501\Desktop\train_test\G2_train_test\KH_139\KH_139_761.bmp,KH_139
C:\Users\501\Desktop\train_test\G2_train_test\KH_139\KH_139_762.bmp,KH_139
C:\Users\501\Desktop\train_test\G2_train_test\KH_139\KH_139_763.bmp,KH_139
C:\Users\501\Desktop\train_test\G2_train_test\KH_139\KH_139_764.bmp,KH_139
C:\Users\501\Desktop\train_test\G2_train_test\KH_139\KH_139_765.bmp,KH_139
C:\Users\501\Desktop\train_test\G2_train_test\KH_139\KH_139_766.bmp,KH_139
C:\Users\501\Desktop\train_test\G2_train_test\KH_139\KH_139_767.bmp,KH_139
C:\Users\501\Desktop\train_test\G2_train_test\KH_139\KH_139_768.bmp,KH_147
C:\Users\501\Desktop\train_test\G2_train_test\KH_139\KH_139_769.bmp,KH_139
C:\Users\501\Desktop\train_test\G2_train_test\KH_139\KH_139_77.bmp,KH_139
C:\Users\501\Desktop\train_test\G2_train_test\KH_139\KH_139_770.bmp,KH_139
C:\Users\501\Desktop\train_test\G2_train_test\KH_139\KH_139_771.bmp,KH_139
C:\Users\501\Desktop\train_test\G2_train_test\KH_139\KH_139_772.bmp,KH_139
C:\Users\501\Desktop\train_test\G2_train_test\KH_139\KH_139_773.bmp,KH_139
C:\Users\501\Desktop\train_test\G2_train_test\KH_139\KH_139_774.bmp,KH_139
C:\Users\501\Desktop\train_test\G2_train_test\KH_139\KH_139_775.bmp,KH_139
C:\Users\501\Desktop\train_test\G2_train_test\KH_139\KH_139_776.bmp,KH_139
C:\Users\501\Desktop\train_test\G2_train_test\KH_139\KH_139_777.bmp,KH_139
C:\Users\501\Desktop\train_test\G2_train_test\KH_139\KH_139_778.bmp,KH_139
C:\Users\501\Desktop\train_test\G2_train_test\KH_139\KH_139_779.bmp,KH_139
C:\Users\501\Desktop\train_test\G2_train_test\KH_139\KH_139_78.bmp,KH_147
C:\Users\501\Desktop\train_test\G2_train_test\KH_139\KH_139_780.bmp,KH_139
C:\Users\501\Desktop\train_test\G2_train_test\KH_139\KH_139_781.bmp,KH_139
C:\Users\501\Desktop\train_test\G2_train_test\KH_139\KH_139_782.bmp,KH_139
C:\Users\501\Desktop\train_test\G2_train_test\KH_139\KH_139_783.bmp,KH_139
C:\Users\501\Desktop\train_test\G2_train_test\KH_139\KH_139_784.bmp,KH_139
C:\Users\501\Desktop\train_test\G2_train_test\KH_139\KH_139_785.bmp,KH_139
C:\Users\501\Desktop\train_test\G2_train_test\KH_139\KH_139_786.bmp,KH_139
C:\Users\501\Desktop\train_test\G2_train_test\KH_139\KH_139_787.bmp,KH_139
C:\Users\501\Desktop\train_test\G2_train_test\KH_139\KH_139_788.bmp,KH_139
C:\Users\501\Desktop\train_test\G2_train_test\KH_139\KH_139_789.bmp,KH_139
C:\Users\501\Desktop\train_test\G2_train_test\KH_139\KH_139_79.bmp,KH_139
C:\Users\501\Desktop\train_test\G2_train_test\KH_139\KH_139_790.bmp,KH_139
C:\Users\501\Desktop\train_test\G2_train_test\KH_139\KH_139_791.bmp,KH_139
C:\Users\501\Desktop\train_test\G2_train_test\KH_139\KH_139_792.bmp,KH_139
C:\Users\501\Desktop\train_test\G2_train_test\KH_139\KH_139_793.bmp,No
C:\Users\501\Desktop\train_test\G2_train_test\KH_139\KH_139_794.bmp,KH_139
C:\Users\501\Desktop\train_test\G2_train_test\KH_139\KH_139_795.bmp,KH_147
C:\Users\501\Desktop\train_test\G2_train_test\KH_139\KH_139_796.bmp,KH_147
C:\Users\501\Desktop\train_test\G2_train_test\KH_139\KH_139_797.bmp,KH_139
C:\Users\501\Desktop\train_test\G2_train_test\KH_139\KH_139_798.bmp,KH_139
C:\Users\501\Desktop\train_test\G2_train_test\KH_139\KH_139_799.bmp,KH_139
C:\Users\501\Desktop\train_test\G2_train_test\KH_139\KH_139_8.bmp,KH_139
C:\Users\501\Desktop\train_test\G2_train_test\KH_139\KH_139_80.bmp,KH_139
C:\Users\501\Desktop\train_test\G2_train_test\KH_139\KH_139_800.bmp,KH_139
C:\Users\501\Desktop\train_test\G2_train_test\KH_139\KH_139_801.bmp,KH_139
C:\Users\501\Desktop\train_test\G2_train_test\KH_139\KH_139_802.bmp,KH_147
C:\Users\501\Desktop\train_test\G2_train_test\KH_139\KH_139_803.bmp,KH_139
C:\Users\501\Desktop\train_test\G2_train_test\KH_139\KH_139_804.bmp,KH_139
C:\Users\501\Desktop\train_test\G2_train_test\KH_139\KH_139_805.bmp,KH_139
C:\Users\501\Desktop\train_test\G2_train_test\KH_139\KH_139_806.bmp,KH_139
C:\Users\501\Desktop\train_test\G2_train_test\KH_139\KH_139_807.bmp,KH_139
C:\Users\501\Desktop\train_test\G2_train_test\KH_139\KH_139_808.bmp,KH_139
C:\Users\501\Desktop\train_test\G2_train_test\KH_139\KH_139_809.bmp,KH_139
C:\Users\501\Desktop\train_test\G2_train_test\KH_139\KH_139_81.bmp,KH_139
C:\Users\501\Desktop\train_test\G2_train_test\KH_139\KH_139_810.bmp,KH_139
C:\Users\501\Desktop\train_test\G2_train_test\KH_139\KH_139_811.bmp,KH_139
C:\Users\501\Desktop\train_test\G2_train_test\KH_139\KH_139_812.bmp,KH_139
C:\Users\501\Desktop\train_test\G2_train_test\KH_139\KH_139_813.bmp,KH_139
C:\Users\501\Desktop\train_test\G2_train_test\KH_139\KH_139_814.bmp,KH_139
C:\Users\501\Desktop\train_test\G2_train_test\KH_139\KH_139_815.bmp,KH_139
C:\Users\501\Desktop\train_test\G2_train_test\KH_139\KH_139_816.bmp,KH_139
C:\Users\501\Desktop\train_test\G2_train_test\KH_139\KH_139_817.bmp,KH_139
C:\Users\501\Desktop\train_test\G2_train_test\KH_139\KH_139_818.bmp,KH_139
C:\Users\501\Desktop\train_test\G2_train_test\KH_139\KH_139_819.bmp,KH_139
C:\Users\501\Desktop\train_test\G2_train_test\KH_139\KH_139_82.bmp,KH_139
C:\Users\501\Desktop\train_test\G2_train_test\KH_139\KH_139_820.bmp,KH_139
C:\Users\501\Desktop\train_test\G2_train_test\KH_139\KH_139_821.bmp,KH_139
C:\Users\501\Desktop\train_test\G2_train_test\KH_139\KH_139_822.bmp,KH_139
C:\Users\501\Desktop\train_test\G2_train_test\KH_139\KH_139_823.bmp,KH_139
C:\Users\501\Desktop\train_test\G2_train_test\KH_139\KH_139_824.bmp,KH_139
C:\Users\501\Desktop\train_test\G2_train_test\KH_139\KH_139_825.bmp,KH_139
C:\Users\501\Desktop\train_test\G2_train_test\KH_139\KH_139_826.bmp,No
C:\Users\501\Desktop\train_test\G2_train_test\KH_139\KH_139_827.bmp,KH_145
C:\Users\501\Desktop\train_test\G2_train_test\KH_139\KH_139_828.bmp,KH_147
C:\Users\501\Desktop\train_test\G2_train_test\KH_139\KH_139_829.bmp,KH_139
C:\Users\501\Desktop\train_test\G2_train_test\KH_139\KH_139_83.bmp,KH_147
C:\Users\501\Desktop\train_test\G2_train_test\KH_139\KH_139_830.bmp,KH_139
C:\Users\501\Desktop\train_test\G2_train_test\KH_139\KH_139_831.bmp,KH_139
C:\Users\501\Desktop\train_test\G2_train_test\KH_139\KH_139_832.bmp,KH_139
C:\Users\501\Desktop\train_test\G2_train_test\KH_139\KH_139_833.bmp,KH_139
C:\Users\501\Desktop\train_test\G2_train_test\KH_139\KH_139_834.bmp,KH_139
C:\Users\501\Desktop\train_test\G2_train_test\KH_139\KH_139_835.bmp,KH_139
C:\Users\501\Desktop\train_test\G2_train_test\KH_139\KH_139_836.bmp,KH_139
C:\Users\501\Desktop\train_test\G2_train_test\KH_139\KH_139_837.bmp,KH_139
C:\Users\501\Desktop\train_test\G2_train_test\KH_139\KH_139_838.bmp,KH_139
C:\Users\501\Desktop\train_test\G2_train_test\KH_139\KH_139_839.bmp,KH_139
C:\Users\501\Desktop\train_test\G2_train_test\KH_139\KH_139_84.bmp,KH_147
C:\Users\501\Desktop\train_test\G2_train_test\KH_139\KH_139_840.bmp,KH_139
C:\Users\501\Desktop\train_test\G2_train_test\KH_139\KH_139_841.bmp,KH_139
C:\Users\501\Desktop\train_test\G2_train_test\KH_139\KH_139_842.bmp,KH_139
C:\Users\501\Desktop\train_test\G2_train_test\KH_139\KH_139_843.bmp,KH_139
C:\Users\501\Desktop\train_test\G2_train_test\KH_139\KH_139_844.bmp,KH_139
C:\Users\501\Desktop\train_test\G2_train_test\KH_139\KH_139_845.bmp,KH_139
C:\Users\501\Desktop\train_test\G2_train_test\KH_139\KH_139_846.bmp,KH_139
C:\Users\501\Desktop\train_test\G2_train_test\KH_139\KH_139_847.bmp,KH_139
C:\Users\501\Desktop\train_test\G2_train_test\KH_139\KH_139_848.bmp,KH_139
C:\Users\501\Desktop\train_test\G2_train_test\KH_139\KH_139_849.bmp,KH_139
C:\Users\501\Desktop\train_test\G2_train_test\KH_139\KH_139_85.bmp,KH_139
C:\Users\501\Desktop\train_test\G2_train_test\KH_139\KH_139_850.bmp,KH_139
C:\Users\501\Desktop\train_test\G2_train_test\KH_139\KH_139_851.bmp,KH_139
C:\Users\501\Desktop\train_test\G2_train_test\KH_139\KH_139_852.bmp,KH_139
C:\Users\501\Desktop\train_test\G2_train_test\KH_139\KH_139_853.bmp,KH_139
C:\Users\501\Desktop\train_test\G2_train_test\KH_139\KH_139_854.bmp,KH_139
C:\Users\501\Desktop\train_test\G2_train_test\KH_139\KH_139_855.bmp,KH_139
C:\Users\501\Desktop\train_test\G2_train_test\KH_139\KH_139_856.bmp,KH_147
C:\Users\501\Desktop\train_test\G2_train_test\KH_139\KH_139_857.bmp,KH_147
C:\Users\501\Desktop\train_test\G2_train_test\KH_139\KH_139_858.bmp,KH_139
C:\Users\501\Desktop\train_test\G2_train_test\KH_139\KH_139_859.bmp,KH_139
C:\Users\501\Desktop\train_test\G2_train_test\KH_139\KH_139_86.bmp,KH_139
C:\Users\501\Desktop\train_test\G2_train_test\KH_139\KH_139_860.bmp,KH_139
C:\Users\501\Desktop\train_test\G2_train_test\KH_139\KH_139_861.bmp,KH_139
C:\Users\501\Desktop\train_test\G2_train_test\KH_139\KH_139_862.bmp,KH_139
C:\Users\501\Desktop\train_test\G2_train_test\KH_139\KH_139_863.bmp,KH_139
C:\Users\501\Desktop\train_test\G2_train_test\KH_139\KH_139_864.bmp,KH_139
C:\Users\501\Desktop\train_test\G2_train_test\KH_139\KH_139_865.bmp,No
C:\Users\501\Desktop\train_test\G2_train_test\KH_139\KH_139_866.bmp,KH_139
C:\Users\501\Desktop\train_test\G2_train_test\KH_139\KH_139_867.bmp,KH_139
C:\Users\501\Desktop\train_test\G2_train_test\KH_139\KH_139_868.bmp,KH_139
C:\Users\501\Desktop\train_test\G2_train_test\KH_139\KH_139_869.bmp,KH_139
C:\Users\501\Desktop\train_test\G2_train_test\KH_139\KH_139_87.bmp,KH_139
C:\Users\501\Desktop\train_test\G2_train_test\KH_139\KH_139_870.bmp,KH_139
C:\Users\501\Desktop\train_test\G2_train_test\KH_139\KH_139_871.bmp,KH_139
C:\Users\501\Desktop\train_test\G2_train_test\KH_139\KH_139_872.bmp,KH_139
C:\Users\501\Desktop\train_test\G2_train_test\KH_139\KH_139_873.bmp,KH_139
C:\Users\501\Desktop\train_test\G2_train_test\KH_139\KH_139_874.bmp,KH_139
C:\Users\501\Desktop\train_test\G2_train_test\KH_139\KH_139_875.bmp,KH_139
C:\Users\501\Desktop\train_test\G2_train_test\KH_139\KH_139_876.bmp,KH_139
C:\Users\501\Desktop\train_test\G2_train_test\KH_139\KH_139_877.bmp,KH_139
C:\Users\501\Desktop\train_test\G2_train_test\KH_139\KH_139_878.bmp,KH_139
C:\Users\501\Desktop\train_test\G2_train_test\KH_139\KH_139_879.bmp,KH_139
C:\Users\501\Desktop\train_test\G2_train_test\KH_139\KH_139_88.bmp,KH_139
C:\Users\501\Desktop\train_test\G2_train_test\KH_139\KH_139_880.bmp,KH_147
C:\Users\501\Desktop\train_test\G2_train_test\KH_139\KH_139_881.bmp,KH_139
C:\Users\501\Desktop\train_test\G2_train_test\KH_139\KH_139_882.bmp,KH_139
C:\Users\501\Desktop\train_test\G2_train_test\KH_139\KH_139_883.bmp,KH_139
C:\Users\501\Desktop\train_test\G2_train_test\KH_139\KH_139_884.bmp,KH_139
C:\Users\501\Desktop\train_test\G2_train_test\KH_139\KH_139_885.bmp,KH_139
C:\Users\501\Desktop\train_test\G2_train_test\KH_139\KH_139_886.bmp,KH_139
C:\Users\501\Desktop\train_test\G2_train_test\KH_139\KH_139_887.bmp,KH_139
C:\Users\501\Desktop\train_test\G2_train_test\KH_139\KH_139_888.bmp,KH_139
C:\Users\501\Desktop\train_test\G2_train_test\KH_139\KH_139_889.bmp,KH_139
C:\Users\501\Desktop\train_test\G2_train_test\KH_139\KH_139_89.bmp,KH_139
C:\Users\501\Desktop\train_test\G2_train_test\KH_139\KH_139_890.bmp,KH_139
C:\Users\501\Desktop\train_test\G2_train_test\KH_139\KH_139_891.bmp,KH_139
C:\Users\501\Desktop\train_test\G2_train_test\KH_139\KH_139_892.bmp,KH_139
C:\Users\501\Desktop\train_test\G2_train_test\KH_139\KH_139_893.bmp,KH_139
C:\Users\501\Desktop\train_test\G2_train_test\KH_139\KH_139_894.bmp,KH_139
C:\Users\501\Desktop\train_test\G2_train_test\KH_139\KH_139_895.bmp,KH_139
C:\Users\501\Desktop\train_test\G2_train_test\KH_139\KH_139_896.bmp,KH_139
C:\Users\501\Desktop\train_test\G2_train_test\KH_139\KH_139_897.bmp,KH_139
C:\Users\501\Desktop\train_test\G2_train_test\KH_139\KH_139_898.bmp,KH_139
C:\Users\501\Desktop\train_test\G2_train_test\KH_139\KH_139_899.bmp,KH_139
C:\Users\501\Desktop\train_test\G2_train_test\KH_139\KH_139_9.bmp,KH_139
C:\Users\501\Desktop\train_test\G2_train_test\KH_139\KH_139_90.bmp,KH_139
C:\Users\501\Desktop\train_test\G2_train_test\KH_139\KH_139_900.bmp,KH_139
C:\Users\501\Desktop\train_test\G2_train_test\KH_139\KH_139_901.bmp,KH_139
C:\Users\501\Desktop\train_test\G2_train_test\KH_139\KH_139_902.bmp,KH_139
C:\Users\501\Desktop\train_test\G2_train_test\KH_139\KH_139_903.bmp,KH_139
C:\Users\501\Desktop\train_test\G2_train_test\KH_139\KH_139_904.bmp,KH_139
C:\Users\501\Desktop\train_test\G2_train_test\KH_139\KH_139_905.bmp,KH_139
C:\Users\501\Desktop\train_test\G2_train_test\KH_139\KH_139_906.bmp,KH_139
C:\Users\501\Desktop\train_test\G2_train_test\KH_139\KH_139_907.bmp,KH_139
C:\Users\501\Desktop\train_test\G2_train_test\KH_139\KH_139_908.bmp,KH_139
C:\Users\501\Desktop\train_test\G2_train_test\KH_139\KH_139_909.bmp,KH_139
C:\Users\501\Desktop\train_test\G2_train_test\KH_139\KH_139_91.bmp,KH_147
C:\Users\501\Desktop\train_test\G2_train_test\KH_139\KH_139_910.bmp,KH_139
C:\Users\501\Desktop\train_test\G2_train_test\KH_139\KH_139_911.bmp,KH_139
C:\Users\501\Desktop\train_test\G2_train_test\KH_139\KH_139_912.bmp,KH_139
C:\Users\501\Desktop\train_test\G2_train_test\KH_139\KH_139_913.bmp,KH_139
C:\Users\501\Desktop\train_test\G2_train_test\KH_139\KH_139_914.bmp,KH_139
C:\Users\501\Desktop\train_test\G2_train_test\KH_139\KH_139_915.bmp,KH_139
C:\Users\501\Desktop\train_test\G2_train_test\KH_139\KH_139_916.bmp,KH_139
C:\Users\501\Desktop\train_test\G2_train_test\KH_139\KH_139_917.bmp,KH_139
C:\Users\501\Desktop\train_test\G2_train_test\KH_139\KH_139_918.bmp,KH_139
C:\Users\501\Desktop\train_test\G2_train_test\KH_139\KH_139_919.bmp,KH_139
C:\Users\501\Desktop\train_test\G2_train_test\KH_139\KH_139_92.bmp,KH_139
C:\Users\501\Desktop\train_test\G2_train_test\KH_139\KH_139_920.bmp,KH_139
C:\Users\501\Desktop\train_test\G2_train_test\KH_139\KH_139_921.bmp,KH_139
C:\Users\501\Desktop\train_test\G2_train_test\KH_139\KH_139_922.bmp,KH_139
C:\Users\501\Desktop\train_test\G2_train_test\KH_139\KH_139_923.bmp,KH_139
C:\Users\501\Desktop\train_test\G2_train_test\KH_139\KH_139_924.bmp,KH_147
C:\Users\501\Desktop\train_test\G2_train_test\KH_139\KH_139_925.bmp,KH_139
C:\Users\501\Desktop\train_test\G2_train_test\KH_139\KH_139_926.bmp,KH_147
C:\Users\501\Desktop\train_test\G2_train_test\KH_139\KH_139_927.bmp,KH_139
C:\Users\501\Desktop\train_test\G2_train_test\KH_139\KH_139_928.bmp,KH_139
C:\Users\501\Desktop\train_test\G2_train_test\KH_139\KH_139_929.bmp,KH_139
C:\Users\501\Desktop\train_test\G2_train_test\KH_139\KH_139_93.bmp,KH_139
C:\Users\501\Desktop\train_test\G2_train_test\KH_139\KH_139_930.bmp,KH_139
C:\Users\501\Desktop\train_test\G2_train_test\KH_139\KH_139_931.bmp,KH_139
C:\Users\501\Desktop\train_test\G2_train_test\KH_139\KH_139_932.bmp,KH_139
C:\Users\501\Desktop\train_test\G2_train_test\KH_139\KH_139_933.bmp,KH_139
C:\Users\501\Desktop\train_test\G2_train_test\KH_139\KH_139_934.bmp,KH_147
C:\Users\501\Desktop\train_test\G2_train_test\KH_139\KH_139_935.bmp,KH_147
C:\Users\501\Desktop\train_test\G2_train_test\KH_139\KH_139_936.bmp,KH_139
C:\Users\501\Desktop\train_test\G2_train_test\KH_139\KH_139_937.bmp,KH_139
C:\Users\501\Desktop\train_test\G2_train_test\KH_139\KH_139_938.bmp,KH_139
C:\Users\501\Desktop\train_test\G2_train_test\KH_139\KH_139_939.bmp,KH_139
C:\Users\501\Desktop\train_test\G2_train_test\KH_139\KH_139_94.bmp,KH_139
C:\Users\501\Desktop\train_test\G2_train_test\KH_139\KH_139_940.bmp,KH_139
C:\Users\501\Desktop\train_test\G2_train_test\KH_139\KH_139_941.bmp,KH_139
C:\Users\501\Desktop\train_test\G2_train_test\KH_139\KH_139_942.bmp,KH_139
C:\Users\501\Desktop\train_test\G2_train_test\KH_139\KH_139_943.bmp,KH_139
C:\Users\501\Desktop\train_test\G2_train_test\KH_139\KH_139_944.bmp,KH_139
C:\Users\501\Desktop\train_test\G2_train_test\KH_139\KH_139_945.bmp,KH_139
C:\Users\501\Desktop\train_test\G2_train_test\KH_139\KH_139_946.bmp,KH_139
C:\Users\501\Desktop\train_test\G2_train_test\KH_139\KH_139_947.bmp,KH_147
C:\Users\501\Desktop\train_test\G2_train_test\KH_139\KH_139_948.bmp,KH_139
C:\Users\501\Desktop\train_test\G2_train_test\KH_139\KH_139_949.bmp,KH_147
C:\Users\501\Desktop\train_test\G2_train_test\KH_139\KH_139_95.bmp,KH_139
C:\Users\501\Desktop\train_test\G2_train_test\KH_139\KH_139_950.bmp,KH_139
C:\Users\501\Desktop\train_test\G2_train_test\KH_139\KH_139_951.bmp,KH_139
C:\Users\501\Desktop\train_test\G2_train_test\KH_139\KH_139_952.bmp,KH_139
C:\Users\501\Desktop\train_test\G2_train_test\KH_139\KH_139_953.bmp,KH_147
C:\Users\501\Desktop\train_test\G2_train_test\KH_139\KH_139_954.bmp,KH_139
C:\Users\501\Desktop\train_test\G2_train_test\KH_139\KH_139_955.bmp,KH_139
C:\Users\501\Desktop\train_test\G2_train_test\KH_139\KH_139_956.bmp,KH_139
C:\Users\501\Desktop\train_test\G2_train_test\KH_139\KH_139_957.bmp,KH_139
C:\Users\501\Desktop\train_test\G2_train_test\KH_139\KH_139_958.bmp,KH_139
C:\Users\501\Desktop\train_test\G2_train_test\KH_139\KH_139_959.bmp,KH_139
C:\Users\501\Desktop\train_test\G2_train_test\KH_139\KH_139_96.bmp,KH_147
C:\Users\501\Desktop\train_test\G2_train_test\KH_139\KH_139_960.bmp,KH_139
C:\Users\501\Desktop\train_test\G2_train_test\KH_139\KH_139_961.bmp,KH_139
C:\Users\501\Desktop\train_test\G2_train_test\KH_139\KH_139_962.bmp,KH_139
C:\Users\501\Desktop\train_test\G2_train_test\KH_139\KH_139_963.bmp,KH_139
C:\Users\501\Desktop\train_test\G2_train_test\KH_139\KH_139_964.bmp,KH_139
C:\Users\501\Desktop\train_test\G2_train_test\KH_139\KH_139_965.bmp,KH_139
C:\Users\501\Desktop\train_test\G2_train_test\KH_139\KH_139_966.bmp,KH_139
C:\Users\501\Desktop\train_test\G2_train_test\KH_139\KH_139_967.bmp,KH_139
C:\Users\501\Desktop\train_test\G2_train_test\KH_139\KH_139_968.bmp,KH_139
C:\Users\501\Desktop\train_test\G2_train_test\KH_139\KH_139_969.bmp,KH_139
C:\Users\501\Desktop\train_test\G2_train_test\KH_139\KH_139_97.bmp,KH_139
C:\Users\501\Desktop\train_test\G2_train_test\KH_139\KH_139_970.bmp,KH_139
C:\Users\501\Desktop\train_test\G2_train_test\KH_139\KH_139_971.bmp,KH_139
C:\Users\501\Desktop\train_test\G2_train_test\KH_139\KH_139_972.bmp,KH_139
C:\Users\501\Desktop\train_test\G2_train_test\KH_139\KH_139_973.bmp,KH_139
C:\Users\501\Desktop\train_test\G2_train_test\KH_139\KH_139_974.bmp,KH_139
C:\Users\501\Desktop\train_test\G2_train_test\KH_139\KH_139_975.bmp,KH_139
C:\Users\501\Desktop\train_test\G2_train_test\KH_139\KH_139_976.bmp,KH_139
C:\Users\501\Desktop\train_test\G2_train_test\KH_139\KH_139_977.bmp,KH_139
C:\Users\501\Desktop\train_test\G2_train_test\KH_139\KH_139_978.bmp,KH_139
C:\Users\501\Desktop\train_test\G2_train_test\KH_139\KH_139_979.bmp,KH_147
C:\Users\501\Desktop\train_test\G2_train_test\KH_139\KH_139_98.bmp,TY_3
C:\Users\501\Desktop\train_test\G2_train_test\KH_139\KH_139_980.bmp,KH_139
C:\Users\501\Desktop\train_test\G2_train_test\KH_139\KH_139_981.bmp,KH_139
C:\Users\501\Desktop\train_test\G2_train_test\KH_139\KH_139_982.bmp,KH_139
C:\Users\501\Desktop\train_test\G2_train_test\KH_139\KH_139_983.bmp,KH_139
C:\Users\501\Desktop\train_test\G2_train_test\KH_139\KH_139_984.bmp,KH_139
C:\Users\501\Desktop\train_test\G2_train_test\KH_139\KH_139_985.bmp,KH_139
C:\Users\501\Desktop\train_test\G2_train_test\KH_139\KH_139_986.bmp,KH_139
C:\Users\501\Desktop\train_test\G2_train_test\KH_139\KH_139_987.bmp,KH_139
C:\Users\501\Desktop\train_test\G2_train_test\KH_139\KH_139_988.bmp,KH_139
C:\Users\501\Desktop\train_test\G2_train_test\KH_139\KH_139_989.bmp,KH_139
C:\Users\501\Desktop\train_test\G2_train_test\KH_139\KH_139_99.bmp,KH_139
C:\Users\501\Desktop\train_test\G2_train_test\KH_139\KH_139_990.bmp,KH_139
C:\Users\501\Desktop\train_test\G2_train_test\KH_139\KH_139_991.bmp,KH_139
C:\Users\501\Desktop\train_test\G2_train_test\KH_139\KH_139_992.bmp,No
C:\Users\501\Desktop\train_test\G2_train_test\KH_139\KH_139_993.bmp,KH_147
C:\Users\501\Desktop\train_test\G2_train_test\KH_139\KH_139_994.bmp,KH_139
C:\Users\501\Desktop\train_test\G2_train_test\KH_139\KH_139_995.bmp,KH_139
C:\Users\501\Desktop\train_test\G2_train_test\KH_139\KH_139_996.bmp,KH_139
C:\Users\501\Desktop\train_test\G2_train_test\KH_139\KH_139_997.bmp,KH_139
C:\Users\501\Desktop\train_test\G2_train_test\KH_139\KH_139_998.bmp,KH_139
C:\Users\501\Desktop\train_test\G2_train_test\KH_139\KH_139_999.bmp,KH_139


KH_139,1000,Accurate: 85.39999 %
KH_139,KH_145,KH_147,TT_30,TT_33,TY_3,No
854,6,113,1,0,1,25
