C:\Users\501\Desktop\train_test\G2_train_test\TT_33\TT_33_1.bmp,TT_33
C:\Users\501\Desktop\train_test\G2_train_test\TT_33\TT_33_10.bmp,TT_33
C:\Users\501\Desktop\train_test\G2_train_test\TT_33\TT_33_100.bmp,TT_33
C:\Users\501\Desktop\train_test\G2_train_test\TT_33\TT_33_1000.bmp,TT_33
C:\Users\501\Desktop\train_test\G2_train_test\TT_33\TT_33_101.bmp,TT_33
C:\Users\501\Desktop\train_test\G2_train_test\TT_33\TT_33_102.bmp,TT_33
C:\Users\501\Desktop\train_test\G2_train_test\TT_33\TT_33_103.bmp,TT_33
C:\Users\501\Desktop\train_test\G2_train_test\TT_33\TT_33_104.bmp,TT_33
C:\Users\501\Desktop\train_test\G2_train_test\TT_33\TT_33_105.bmp,TT_33
C:\Users\501\Desktop\train_test\G2_train_test\TT_33\TT_33_106.bmp,KH_147
C:\Users\501\Desktop\train_test\G2_train_test\TT_33\TT_33_107.bmp,TT_33
C:\Users\501\Desktop\train_test\G2_train_test\TT_33\TT_33_108.bmp,TT_33
C:\Users\501\Desktop\train_test\G2_train_test\TT_33\TT_33_109.bmp,TT_33
C:\Users\501\Desktop\train_test\G2_train_test\TT_33\TT_33_11.bmp,TT_33
C:\Users\501\Desktop\train_test\G2_train_test\TT_33\TT_33_110.bmp,TT_33
C:\Users\501\Desktop\train_test\G2_train_test\TT_33\TT_33_111.bmp,TT_33
C:\Users\501\Desktop\train_test\G2_train_test\TT_33\TT_33_112.bmp,No
C:\Users\501\Desktop\train_test\G2_train_test\TT_33\TT_33_113.bmp,TT_33
C:\Users\501\Desktop\train_test\G2_train_test\TT_33\TT_33_114.bmp,TT_33
C:\Users\501\Desktop\train_test\G2_train_test\TT_33\TT_33_115.bmp,TT_33
C:\Users\501\Desktop\train_test\G2_train_test\TT_33\TT_33_116.bmp,TT_33
C:\Users\501\Desktop\train_test\G2_train_test\TT_33\TT_33_117.bmp,TT_33
C:\Users\501\Desktop\train_test\G2_train_test\TT_33\TT_33_118.bmp,TT_33
C:\Users\501\Desktop\train_test\G2_train_test\TT_33\TT_33_119.bmp,TT_33
C:\Users\501\Desktop\train_test\G2_train_test\TT_33\TT_33_12.bmp,TT_33
C:\Users\501\Desktop\train_test\G2_train_test\TT_33\TT_33_120.bmp,TT_33
C:\Users\501\Desktop\train_test\G2_train_test\TT_33\TT_33_121.bmp,TT_33
C:\Users\501\Desktop\train_test\G2_train_test\TT_33\TT_33_122.bmp,TT_33
C:\Users\501\Desktop\train_test\G2_train_test\TT_33\TT_33_123.bmp,TT_33
C:\Users\501\Desktop\train_test\G2_train_test\TT_33\TT_33_124.bmp,TT_33
C:\Users\501\Desktop\train_test\G2_train_test\TT_33\TT_33_125.bmp,TT_33
C:\Users\501\Desktop\train_test\G2_train_test\TT_33\TT_33_126.bmp,TT_33
C:\Users\501\Desktop\train_test\G2_train_test\TT_33\TT_33_127.bmp,TT_33
C:\Users\501\Desktop\train_test\G2_train_test\TT_33\TT_33_128.bmp,TT_33
C:\Users\501\Desktop\train_test\G2_train_test\TT_33\TT_33_129.bmp,TT_33
C:\Users\501\Desktop\train_test\G2_train_test\TT_33\TT_33_13.bmp,TT_33
C:\Users\501\Desktop\train_test\G2_train_test\TT_33\TT_33_130.bmp,TT_33
C:\Users\501\Desktop\train_test\G2_train_test\TT_33\TT_33_131.bmp,TT_33
C:\Users\501\Desktop\train_test\G2_train_test\TT_33\TT_33_132.bmp,TT_33
C:\Users\501\Desktop\train_test\G2_train_test\TT_33\TT_33_133.bmp,TT_33
C:\Users\501\Desktop\train_test\G2_train_test\TT_33\TT_33_134.bmp,TT_33
C:\Users\501\Desktop\train_test\G2_train_test\TT_33\TT_33_135.bmp,TT_33
C:\Users\501\Desktop\train_test\G2_train_test\TT_33\TT_33_136.bmp,TT_33
C:\Users\501\Desktop\train_test\G2_train_test\TT_33\TT_33_137.bmp,TT_33
C:\Users\501\Desktop\train_test\G2_train_test\TT_33\TT_33_138.bmp,TT_33
C:\Users\501\Desktop\train_test\G2_train_test\TT_33\TT_33_139.bmp,TT_33
C:\Users\501\Desktop\train_test\G2_train_test\TT_33\TT_33_14.bmp,TT_33
C:\Users\501\Desktop\train_test\G2_train_test\TT_33\TT_33_140.bmp,TT_33
C:\Users\501\Desktop\train_test\G2_train_test\TT_33\TT_33_141.bmp,TT_33
C:\Users\501\Desktop\train_test\G2_train_test\TT_33\TT_33_142.bmp,TT_33
C:\Users\501\Desktop\train_test\G2_train_test\TT_33\TT_33_143.bmp,TT_33
C:\Users\501\Desktop\train_test\G2_train_test\TT_33\TT_33_144.bmp,TT_33
C:\Users\501\Desktop\train_test\G2_train_test\TT_33\TT_33_145.bmp,TT_33
C:\Users\501\Desktop\train_test\G2_train_test\TT_33\TT_33_146.bmp,TT_33
C:\Users\501\Desktop\train_test\G2_train_test\TT_33\TT_33_147.bmp,TT_33
C:\Users\501\Desktop\train_test\G2_train_test\TT_33\TT_33_148.bmp,KH_147
C:\Users\501\Desktop\train_test\G2_train_test\TT_33\TT_33_149.bmp,TT_33
C:\Users\501\Desktop\train_test\G2_train_test\TT_33\TT_33_15.bmp,TT_33
C:\Users\501\Desktop\train_test\G2_train_test\TT_33\TT_33_150.bmp,TT_33
C:\Users\501\Desktop\train_test\G2_train_test\TT_33\TT_33_151.bmp,TT_33
C:\Users\501\Desktop\train_test\G2_train_test\TT_33\TT_33_152.bmp,TT_33
C:\Users\501\Desktop\train_test\G2_train_test\TT_33\TT_33_153.bmp,TT_33
C:\Users\501\Desktop\train_test\G2_train_test\TT_33\TT_33_154.bmp,TT_33
C:\Users\501\Desktop\train_test\G2_train_test\TT_33\TT_33_155.bmp,TT_33
C:\Users\501\Desktop\train_test\G2_train_test\TT_33\TT_33_156.bmp,TT_33
C:\Users\501\Desktop\train_test\G2_train_test\TT_33\TT_33_157.bmp,TT_33
C:\Users\501\Desktop\train_test\G2_train_test\TT_33\TT_33_158.bmp,TT_33
C:\Users\501\Desktop\train_test\G2_train_test\TT_33\TT_33_159.bmp,TT_33
C:\Users\501\Desktop\train_test\G2_train_test\TT_33\TT_33_16.bmp,TT_33
C:\Users\501\Desktop\train_test\G2_train_test\TT_33\TT_33_160.bmp,TT_33
C:\Users\501\Desktop\train_test\G2_train_test\TT_33\TT_33_161.bmp,TT_33
C:\Users\501\Desktop\train_test\G2_train_test\TT_33\TT_33_162.bmp,TT_33
C:\Users\501\Desktop\train_test\G2_train_test\TT_33\TT_33_163.bmp,TT_33
C:\Users\501\Desktop\train_test\G2_train_test\TT_33\TT_33_164.bmp,TT_33
C:\Users\501\Desktop\train_test\G2_train_test\TT_33\TT_33_165.bmp,TT_33
C:\Users\501\Desktop\train_test\G2_train_test\TT_33\TT_33_166.bmp,TT_33
C:\Users\501\Desktop\train_test\G2_train_test\TT_33\TT_33_167.bmp,TT_33
C:\Users\501\Desktop\train_test\G2_train_test\TT_33\TT_33_168.bmp,TT_33
C:\Users\501\Desktop\train_test\G2_train_test\TT_33\TT_33_169.bmp,TT_33
C:\Users\501\Desktop\train_test\G2_train_test\TT_33\TT_33_17.bmp,TT_33
C:\Users\501\Desktop\train_test\G2_train_test\TT_33\TT_33_170.bmp,TT_33
C:\Users\501\Desktop\train_test\G2_train_test\TT_33\TT_33_171.bmp,TT_33
C:\Users\501\Desktop\train_test\G2_train_test\TT_33\TT_33_172.bmp,No
C:\Users\501\Desktop\train_test\G2_train_test\TT_33\TT_33_173.bmp,TT_33
C:\Users\501\Desktop\train_test\G2_train_test\TT_33\TT_33_174.bmp,TT_33
C:\Users\501\Desktop\train_test\G2_train_test\TT_33\TT_33_175.bmp,TT_33
C:\Users\501\Desktop\train_test\G2_train_test\TT_33\TT_33_176.bmp,KH_147
C:\Users\501\Desktop\train_test\G2_train_test\TT_33\TT_33_177.bmp,TT_33
C:\Users\501\Desktop\train_test\G2_train_test\TT_33\TT_33_178.bmp,TT_33
C:\Users\501\Desktop\train_test\G2_train_test\TT_33\TT_33_179.bmp,TT_33
C:\Users\501\Desktop\train_test\G2_train_test\TT_33\TT_33_18.bmp,TT_33
C:\Users\501\Desktop\train_test\G2_train_test\TT_33\TT_33_180.bmp,TT_33
C:\Users\501\Desktop\train_test\G2_train_test\TT_33\TT_33_181.bmp,TT_33
C:\Users\501\Desktop\train_test\G2_train_test\TT_33\TT_33_182.bmp,TT_33
C:\Users\501\Desktop\train_test\G2_train_test\TT_33\TT_33_183.bmp,TT_33
C:\Users\501\Desktop\train_test\G2_train_test\TT_33\TT_33_184.bmp,TT_33
C:\Users\501\Desktop\train_test\G2_train_test\TT_33\TT_33_185.bmp,TT_33
C:\Users\501\Desktop\train_test\G2_train_test\TT_33\TT_33_186.bmp,TT_33
C:\Users\501\Desktop\train_test\G2_train_test\TT_33\TT_33_187.bmp,TT_33
C:\Users\501\Desktop\train_test\G2_train_test\TT_33\TT_33_188.bmp,TT_33
C:\Users\501\Desktop\train_test\G2_train_test\TT_33\TT_33_189.bmp,No
C:\Users\501\Desktop\train_test\G2_train_test\TT_33\TT_33_19.bmp,TT_33
C:\Users\501\Desktop\train_test\G2_train_test\TT_33\TT_33_190.bmp,TT_33
C:\Users\501\Desktop\train_test\G2_train_test\TT_33\TT_33_191.bmp,TT_33
C:\Users\501\Desktop\train_test\G2_train_test\TT_33\TT_33_192.bmp,TT_33
C:\Users\501\Desktop\train_test\G2_train_test\TT_33\TT_33_193.bmp,TT_33
C:\Users\501\Desktop\train_test\G2_train_test\TT_33\TT_33_194.bmp,TT_33
C:\Users\501\Desktop\train_test\G2_train_test\TT_33\TT_33_195.bmp,No
C:\Users\501\Desktop\train_test\G2_train_test\TT_33\TT_33_196.bmp,No
C:\Users\501\Desktop\train_test\G2_train_test\TT_33\TT_33_197.bmp,TT_33
C:\Users\501\Desktop\train_test\G2_train_test\TT_33\TT_33_198.bmp,TT_33
C:\Users\501\Desktop\train_test\G2_train_test\TT_33\TT_33_199.bmp,TT_33
C:\Users\501\Desktop\train_test\G2_train_test\TT_33\TT_33_2.bmp,TT_33
C:\Users\501\Desktop\train_test\G2_train_test\TT_33\TT_33_20.bmp,TT_33
C:\Users\501\Desktop\train_test\G2_train_test\TT_33\TT_33_200.bmp,TT_33
C:\Users\501\Desktop\train_test\G2_train_test\TT_33\TT_33_201.bmp,TT_33
C:\Users\501\Desktop\train_test\G2_train_test\TT_33\TT_33_202.bmp,TT_33
C:\Users\501\Desktop\train_test\G2_train_test\TT_33\TT_33_203.bmp,TT_33
C:\Users\501\Desktop\train_test\G2_train_test\TT_33\TT_33_204.bmp,TT_33
C:\Users\501\Desktop\train_test\G2_train_test\TT_33\TT_33_205.bmp,TT_33
C:\Users\501\Desktop\train_test\G2_train_test\TT_33\TT_33_206.bmp,TT_33
C:\Users\501\Desktop\train_test\G2_train_test\TT_33\TT_33_207.bmp,TT_33
C:\Users\501\Desktop\train_test\G2_train_test\TT_33\TT_33_208.bmp,TT_33
C:\Users\501\Desktop\train_test\G2_train_test\TT_33\TT_33_209.bmp,TT_33
C:\Users\501\Desktop\train_test\G2_train_test\TT_33\TT_33_21.bmp,No
C:\Users\501\Desktop\train_test\G2_train_test\TT_33\TT_33_210.bmp,TT_33
C:\Users\501\Desktop\train_test\G2_train_test\TT_33\TT_33_211.bmp,TT_33
C:\Users\501\Desktop\train_test\G2_train_test\TT_33\TT_33_212.bmp,TT_33
C:\Users\501\Desktop\train_test\G2_train_test\TT_33\TT_33_213.bmp,TT_33
C:\Users\501\Desktop\train_test\G2_train_test\TT_33\TT_33_214.bmp,TT_33
C:\Users\501\Desktop\train_test\G2_train_test\TT_33\TT_33_215.bmp,TT_33
C:\Users\501\Desktop\train_test\G2_train_test\TT_33\TT_33_216.bmp,TT_33
C:\Users\501\Desktop\train_test\G2_train_test\TT_33\TT_33_217.bmp,TT_33
C:\Users\501\Desktop\train_test\G2_train_test\TT_33\TT_33_218.bmp,KH_147
C:\Users\501\Desktop\train_test\G2_train_test\TT_33\TT_33_219.bmp,TT_33
C:\Users\501\Desktop\train_test\G2_train_test\TT_33\TT_33_22.bmp,TT_33
C:\Users\501\Desktop\train_test\G2_train_test\TT_33\TT_33_220.bmp,TT_33
C:\Users\501\Desktop\train_test\G2_train_test\TT_33\TT_33_221.bmp,TT_33
C:\Users\501\Desktop\train_test\G2_train_test\TT_33\TT_33_222.bmp,TT_33
C:\Users\501\Desktop\train_test\G2_train_test\TT_33\TT_33_223.bmp,TT_33
C:\Users\501\Desktop\train_test\G2_train_test\TT_33\TT_33_224.bmp,TT_33
C:\Users\501\Desktop\train_test\G2_train_test\TT_33\TT_33_225.bmp,No
C:\Users\501\Desktop\train_test\G2_train_test\TT_33\TT_33_226.bmp,TT_33
C:\Users\501\Desktop\train_test\G2_train_test\TT_33\TT_33_227.bmp,TT_33
C:\Users\501\Desktop\train_test\G2_train_test\TT_33\TT_33_228.bmp,TT_33
C:\Users\501\Desktop\train_test\G2_train_test\TT_33\TT_33_229.bmp,TT_33
C:\Users\501\Desktop\train_test\G2_train_test\TT_33\TT_33_23.bmp,TT_33
C:\Users\501\Desktop\train_test\G2_train_test\TT_33\TT_33_230.bmp,TT_33
C:\Users\501\Desktop\train_test\G2_train_test\TT_33\TT_33_231.bmp,TT_33
C:\Users\501\Desktop\train_test\G2_train_test\TT_33\TT_33_232.bmp,TT_33
C:\Users\501\Desktop\train_test\G2_train_test\TT_33\TT_33_233.bmp,TT_33
C:\Users\501\Desktop\train_test\G2_train_test\TT_33\TT_33_234.bmp,TT_33
C:\Users\501\Desktop\train_test\G2_train_test\TT_33\TT_33_235.bmp,No
C:\Users\501\Desktop\train_test\G2_train_test\TT_33\TT_33_236.bmp,TT_33
C:\Users\501\Desktop\train_test\G2_train_test\TT_33\TT_33_237.bmp,TT_33
C:\Users\501\Desktop\train_test\G2_train_test\TT_33\TT_33_238.bmp,TT_33
C:\Users\501\Desktop\train_test\G2_train_test\TT_33\TT_33_239.bmp,TT_33
C:\Users\501\Desktop\train_test\G2_train_test\TT_33\TT_33_24.bmp,TT_33
C:\Users\501\Desktop\train_test\G2_train_test\TT_33\TT_33_240.bmp,TT_33
C:\Users\501\Desktop\train_test\G2_train_test\TT_33\TT_33_241.bmp,TT_33
C:\Users\501\Desktop\train_test\G2_train_test\TT_33\TT_33_242.bmp,TT_33
C:\Users\501\Desktop\train_test\G2_train_test\TT_33\TT_33_243.bmp,TT_33
C:\Users\501\Desktop\train_test\G2_train_test\TT_33\TT_33_244.bmp,TT_33
C:\Users\501\Desktop\train_test\G2_train_test\TT_33\TT_33_245.bmp,KH_147
C:\Users\501\Desktop\train_test\G2_train_test\TT_33\TT_33_246.bmp,No
C:\Users\501\Desktop\train_test\G2_train_test\TT_33\TT_33_247.bmp,TT_30
C:\Users\501\Desktop\train_test\G2_train_test\TT_33\TT_33_248.bmp,TT_33
C:\Users\501\Desktop\train_test\G2_train_test\TT_33\TT_33_249.bmp,TT_33
C:\Users\501\Desktop\train_test\G2_train_test\TT_33\TT_33_25.bmp,TT_33
C:\Users\501\Desktop\train_test\G2_train_test\TT_33\TT_33_250.bmp,TT_33
C:\Users\501\Desktop\train_test\G2_train_test\TT_33\TT_33_251.bmp,TT_33
C:\Users\501\Desktop\train_test\G2_train_test\TT_33\TT_33_252.bmp,TT_33
C:\Users\501\Desktop\train_test\G2_train_test\TT_33\TT_33_253.bmp,TT_33
C:\Users\501\Desktop\train_test\G2_train_test\TT_33\TT_33_254.bmp,No
C:\Users\501\Desktop\train_test\G2_train_test\TT_33\TT_33_255.bmp,TT_33
C:\Users\501\Desktop\train_test\G2_train_test\TT_33\TT_33_256.bmp,TT_33
C:\Users\501\Desktop\train_test\G2_train_test\TT_33\TT_33_257.bmp,TT_33
C:\Users\501\Desktop\train_test\G2_train_test\TT_33\TT_33_258.bmp,TT_33
C:\Users\501\Desktop\train_test\G2_train_test\TT_33\TT_33_259.bmp,TT_33
C:\Users\501\Desktop\train_test\G2_train_test\TT_33\TT_33_26.bmp,TT_33
C:\Users\501\Desktop\train_test\G2_train_test\TT_33\TT_33_260.bmp,TT_33
C:\Users\501\Desktop\train_test\G2_train_test\TT_33\TT_33_261.bmp,TT_33
C:\Users\501\Desktop\train_test\G2_train_test\TT_33\TT_33_262.bmp,TT_33
C:\Users\501\Desktop\train_test\G2_train_test\TT_33\TT_33_263.bmp,TT_33
C:\Users\501\Desktop\train_test\G2_train_test\TT_33\TT_33_264.bmp,TT_33
C:\Users\501\Desktop\train_test\G2_train_test\TT_33\TT_33_265.bmp,TT_33
C:\Users\501\Desktop\train_test\G2_train_test\TT_33\TT_33_266.bmp,TT_33
C:\Users\501\Desktop\train_test\G2_train_test\TT_33\TT_33_267.bmp,TT_33
C:\Users\501\Desktop\train_test\G2_train_test\TT_33\TT_33_268.bmp,TT_33
C:\Users\501\Desktop\train_test\G2_train_test\TT_33\TT_33_269.bmp,TT_33
C:\Users\501\Desktop\train_test\G2_train_test\TT_33\TT_33_27.bmp,TT_33
C:\Users\501\Desktop\train_test\G2_train_test\TT_33\TT_33_270.bmp,TT_33
C:\Users\501\Desktop\train_test\G2_train_test\TT_33\TT_33_271.bmp,TT_33
C:\Users\501\Desktop\train_test\G2_train_test\TT_33\TT_33_272.bmp,TT_33
C:\Users\501\Desktop\train_test\G2_train_test\TT_33\TT_33_273.bmp,TT_33
C:\Users\501\Desktop\train_test\G2_train_test\TT_33\TT_33_274.bmp,TT_33
C:\Users\501\Desktop\train_test\G2_train_test\TT_33\TT_33_275.bmp,TT_33
C:\Users\501\Desktop\train_test\G2_train_test\TT_33\TT_33_276.bmp,TT_33
C:\Users\501\Desktop\train_test\G2_train_test\TT_33\TT_33_277.bmp,TT_33
C:\Users\501\Desktop\train_test\G2_train_test\TT_33\TT_33_278.bmp,TT_33
C:\Users\501\Desktop\train_test\G2_train_test\TT_33\TT_33_279.bmp,TT_33
C:\Users\501\Desktop\train_test\G2_train_test\TT_33\TT_33_28.bmp,TT_33
C:\Users\501\Desktop\train_test\G2_train_test\TT_33\TT_33_280.bmp,TT_33
C:\Users\501\Desktop\train_test\G2_train_test\TT_33\TT_33_281.bmp,TT_33
C:\Users\501\Desktop\train_test\G2_train_test\TT_33\TT_33_282.bmp,TT_33
C:\Users\501\Desktop\train_test\G2_train_test\TT_33\TT_33_283.bmp,TT_33
C:\Users\501\Desktop\train_test\G2_train_test\TT_33\TT_33_284.bmp,TT_33
C:\Users\501\Desktop\train_test\G2_train_test\TT_33\TT_33_285.bmp,TT_33
C:\Users\501\Desktop\train_test\G2_train_test\TT_33\TT_33_286.bmp,TT_33
C:\Users\501\Desktop\train_test\G2_train_test\TT_33\TT_33_287.bmp,TT_33
C:\Users\501\Desktop\train_test\G2_train_test\TT_33\TT_33_288.bmp,TT_33
C:\Users\501\Desktop\train_test\G2_train_test\TT_33\TT_33_289.bmp,TT_33
C:\Users\501\Desktop\train_test\G2_train_test\TT_33\TT_33_29.bmp,TT_33
C:\Users\501\Desktop\train_test\G2_train_test\TT_33\TT_33_290.bmp,TT_33
C:\Users\501\Desktop\train_test\G2_train_test\TT_33\TT_33_291.bmp,TT_33
C:\Users\501\Desktop\train_test\G2_train_test\TT_33\TT_33_292.bmp,No
C:\Users\501\Desktop\train_test\G2_train_test\TT_33\TT_33_293.bmp,TT_33
C:\Users\501\Desktop\train_test\G2_train_test\TT_33\TT_33_294.bmp,TT_33
C:\Users\501\Desktop\train_test\G2_train_test\TT_33\TT_33_295.bmp,TT_33
C:\Users\501\Desktop\train_test\G2_train_test\TT_33\TT_33_296.bmp,No
C:\Users\501\Desktop\train_test\G2_train_test\TT_33\TT_33_297.bmp,TT_33
C:\Users\501\Desktop\train_test\G2_train_test\TT_33\TT_33_298.bmp,TT_33
C:\Users\501\Desktop\train_test\G2_train_test\TT_33\TT_33_299.bmp,TT_30
C:\Users\501\Desktop\train_test\G2_train_test\TT_33\TT_33_3.bmp,TT_33
C:\Users\501\Desktop\train_test\G2_train_test\TT_33\TT_33_30.bmp,TT_33
C:\Users\501\Desktop\train_test\G2_train_test\TT_33\TT_33_300.bmp,TT_33
C:\Users\501\Desktop\train_test\G2_train_test\TT_33\TT_33_301.bmp,TT_33
C:\Users\501\Desktop\train_test\G2_train_test\TT_33\TT_33_302.bmp,TT_33
C:\Users\501\Desktop\train_test\G2_train_test\TT_33\TT_33_303.bmp,TT_33
C:\Users\501\Desktop\train_test\G2_train_test\TT_33\TT_33_304.bmp,TT_33
C:\Users\501\Desktop\train_test\G2_train_test\TT_33\TT_33_305.bmp,TT_33
C:\Users\501\Desktop\train_test\G2_train_test\TT_33\TT_33_306.bmp,No
C:\Users\501\Desktop\train_test\G2_train_test\TT_33\TT_33_307.bmp,TT_33
C:\Users\501\Desktop\train_test\G2_train_test\TT_33\TT_33_308.bmp,No
C:\Users\501\Desktop\train_test\G2_train_test\TT_33\TT_33_309.bmp,TT_33
C:\Users\501\Desktop\train_test\G2_train_test\TT_33\TT_33_31.bmp,TT_33
C:\Users\501\Desktop\train_test\G2_train_test\TT_33\TT_33_310.bmp,TT_33
C:\Users\501\Desktop\train_test\G2_train_test\TT_33\TT_33_311.bmp,TT_33
C:\Users\501\Desktop\train_test\G2_train_test\TT_33\TT_33_312.bmp,TT_33
C:\Users\501\Desktop\train_test\G2_train_test\TT_33\TT_33_313.bmp,TT_33
C:\Users\501\Desktop\train_test\G2_train_test\TT_33\TT_33_314.bmp,TT_33
C:\Users\501\Desktop\train_test\G2_train_test\TT_33\TT_33_315.bmp,No
C:\Users\501\Desktop\train_test\G2_train_test\TT_33\TT_33_316.bmp,TT_33
C:\Users\501\Desktop\train_test\G2_train_test\TT_33\TT_33_317.bmp,TT_33
C:\Users\501\Desktop\train_test\G2_train_test\TT_33\TT_33_318.bmp,TT_33
C:\Users\501\Desktop\train_test\G2_train_test\TT_33\TT_33_319.bmp,TT_33
C:\Users\501\Desktop\train_test\G2_train_test\TT_33\TT_33_32.bmp,TT_33
C:\Users\501\Desktop\train_test\G2_train_test\TT_33\TT_33_320.bmp,TT_33
C:\Users\501\Desktop\train_test\G2_train_test\TT_33\TT_33_321.bmp,No
C:\Users\501\Desktop\train_test\G2_train_test\TT_33\TT_33_322.bmp,TT_33
C:\Users\501\Desktop\train_test\G2_train_test\TT_33\TT_33_323.bmp,TT_33
C:\Users\501\Desktop\train_test\G2_train_test\TT_33\TT_33_324.bmp,TT_33
C:\Users\501\Desktop\train_test\G2_train_test\TT_33\TT_33_325.bmp,TT_33
C:\Users\501\Desktop\train_test\G2_train_test\TT_33\TT_33_326.bmp,TT_33
C:\Users\501\Desktop\train_test\G2_train_test\TT_33\TT_33_327.bmp,TT_33
C:\Users\501\Desktop\train_test\G2_train_test\TT_33\TT_33_328.bmp,TT_33
C:\Users\501\Desktop\train_test\G2_train_test\TT_33\TT_33_329.bmp,TT_33
C:\Users\501\Desktop\train_test\G2_train_test\TT_33\TT_33_33.bmp,TT_33
C:\Users\501\Desktop\train_test\G2_train_test\TT_33\TT_33_330.bmp,TT_33
C:\Users\501\Desktop\train_test\G2_train_test\TT_33\TT_33_331.bmp,TT_33
C:\Users\501\Desktop\train_test\G2_train_test\TT_33\TT_33_332.bmp,TT_33
C:\Users\501\Desktop\train_test\G2_train_test\TT_33\TT_33_333.bmp,TT_33
C:\Users\501\Desktop\train_test\G2_train_test\TT_33\TT_33_334.bmp,TT_33
C:\Users\501\Desktop\train_test\G2_train_test\TT_33\TT_33_335.bmp,TT_33
C:\Users\501\Desktop\train_test\G2_train_test\TT_33\TT_33_336.bmp,TT_33
C:\Users\501\Desktop\train_test\G2_train_test\TT_33\TT_33_337.bmp,TT_33
C:\Users\501\Desktop\train_test\G2_train_test\TT_33\TT_33_338.bmp,TT_33
C:\Users\501\Desktop\train_test\G2_train_test\TT_33\TT_33_339.bmp,TT_33
C:\Users\501\Desktop\train_test\G2_train_test\TT_33\TT_33_34.bmp,TT_33
C:\Users\501\Desktop\train_test\G2_train_test\TT_33\TT_33_340.bmp,TT_33
C:\Users\501\Desktop\train_test\G2_train_test\TT_33\TT_33_341.bmp,TT_33
C:\Users\501\Desktop\train_test\G2_train_test\TT_33\TT_33_342.bmp,TT_33
C:\Users\501\Desktop\train_test\G2_train_test\TT_33\TT_33_343.bmp,TT_33
C:\Users\501\Desktop\train_test\G2_train_test\TT_33\TT_33_344.bmp,TT_33
C:\Users\501\Desktop\train_test\G2_train_test\TT_33\TT_33_345.bmp,TT_33
C:\Users\501\Desktop\train_test\G2_train_test\TT_33\TT_33_346.bmp,TT_33
C:\Users\501\Desktop\train_test\G2_train_test\TT_33\TT_33_347.bmp,TT_33
C:\Users\501\Desktop\train_test\G2_train_test\TT_33\TT_33_348.bmp,TT_33
C:\Users\501\Desktop\train_test\G2_train_test\TT_33\TT_33_349.bmp,TT_33
C:\Users\501\Desktop\train_test\G2_train_test\TT_33\TT_33_35.bmp,KH_147
C:\Users\501\Desktop\train_test\G2_train_test\TT_33\TT_33_350.bmp,TT_33
C:\Users\501\Desktop\train_test\G2_train_test\TT_33\TT_33_351.bmp,TT_33
C:\Users\501\Desktop\train_test\G2_train_test\TT_33\TT_33_352.bmp,No
C:\Users\501\Desktop\train_test\G2_train_test\TT_33\TT_33_353.bmp,TT_33
C:\Users\501\Desktop\train_test\G2_train_test\TT_33\TT_33_354.bmp,TT_33
C:\Users\501\Desktop\train_test\G2_train_test\TT_33\TT_33_355.bmp,TT_33
C:\Users\501\Desktop\train_test\G2_train_test\TT_33\TT_33_356.bmp,TT_33
C:\Users\501\Desktop\train_test\G2_train_test\TT_33\TT_33_357.bmp,TT_33
C:\Users\501\Desktop\train_test\G2_train_test\TT_33\TT_33_358.bmp,TT_33
C:\Users\501\Desktop\train_test\G2_train_test\TT_33\TT_33_359.bmp,TT_33
C:\Users\501\Desktop\train_test\G2_train_test\TT_33\TT_33_36.bmp,TT_33
C:\Users\501\Desktop\train_test\G2_train_test\TT_33\TT_33_360.bmp,TT_33
C:\Users\501\Desktop\train_test\G2_train_test\TT_33\TT_33_361.bmp,TT_33
C:\Users\501\Desktop\train_test\G2_train_test\TT_33\TT_33_362.bmp,No
C:\Users\501\Desktop\train_test\G2_train_test\TT_33\TT_33_363.bmp,TT_33
C:\Users\501\Desktop\train_test\G2_train_test\TT_33\TT_33_364.bmp,No
C:\Users\501\Desktop\train_test\G2_train_test\TT_33\TT_33_365.bmp,TT_33
C:\Users\501\Desktop\train_test\G2_train_test\TT_33\TT_33_366.bmp,TT_33
C:\Users\501\Desktop\train_test\G2_train_test\TT_33\TT_33_367.bmp,TT_30
C:\Users\501\Desktop\train_test\G2_train_test\TT_33\TT_33_368.bmp,No
C:\Users\501\Desktop\train_test\G2_train_test\TT_33\TT_33_369.bmp,TT_33
C:\Users\501\Desktop\train_test\G2_train_test\TT_33\TT_33_37.bmp,TT_33
C:\Users\501\Desktop\train_test\G2_train_test\TT_33\TT_33_370.bmp,TT_33
C:\Users\501\Desktop\train_test\G2_train_test\TT_33\TT_33_371.bmp,No
C:\Users\501\Desktop\train_test\G2_train_test\TT_33\TT_33_372.bmp,TT_33
C:\Users\501\Desktop\train_test\G2_train_test\TT_33\TT_33_373.bmp,No
C:\Users\501\Desktop\train_test\G2_train_test\TT_33\TT_33_374.bmp,TT_33
C:\Users\501\Desktop\train_test\G2_train_test\TT_33\TT_33_375.bmp,TT_33
C:\Users\501\Desktop\train_test\G2_train_test\TT_33\TT_33_376.bmp,TT_33
C:\Users\501\Desktop\train_test\G2_train_test\TT_33\TT_33_377.bmp,TT_33
C:\Users\501\Desktop\train_test\G2_train_test\TT_33\TT_33_378.bmp,TT_33
C:\Users\501\Desktop\train_test\G2_train_test\TT_33\TT_33_379.bmp,No
C:\Users\501\Desktop\train_test\G2_train_test\TT_33\TT_33_38.bmp,TT_33
C:\Users\501\Desktop\train_test\G2_train_test\TT_33\TT_33_380.bmp,TT_33
C:\Users\501\Desktop\train_test\G2_train_test\TT_33\TT_33_381.bmp,TT_33
C:\Users\501\Desktop\train_test\G2_train_test\TT_33\TT_33_382.bmp,TT_33
C:\Users\501\Desktop\train_test\G2_train_test\TT_33\TT_33_383.bmp,TT_33
C:\Users\501\Desktop\train_test\G2_train_test\TT_33\TT_33_384.bmp,TT_33
C:\Users\501\Desktop\train_test\G2_train_test\TT_33\TT_33_385.bmp,TT_33
C:\Users\501\Desktop\train_test\G2_train_test\TT_33\TT_33_386.bmp,TT_33
C:\Users\501\Desktop\train_test\G2_train_test\TT_33\TT_33_387.bmp,TT_33
C:\Users\501\Desktop\train_test\G2_train_test\TT_33\TT_33_388.bmp,TT_33
C:\Users\501\Desktop\train_test\G2_train_test\TT_33\TT_33_389.bmp,TT_33
C:\Users\501\Desktop\train_test\G2_train_test\TT_33\TT_33_39.bmp,TT_33
C:\Users\501\Desktop\train_test\G2_train_test\TT_33\TT_33_390.bmp,No
C:\Users\501\Desktop\train_test\G2_train_test\TT_33\TT_33_391.bmp,TT_33
C:\Users\501\Desktop\train_test\G2_train_test\TT_33\TT_33_392.bmp,TT_33
C:\Users\501\Desktop\train_test\G2_train_test\TT_33\TT_33_393.bmp,TT_33
C:\Users\501\Desktop\train_test\G2_train_test\TT_33\TT_33_394.bmp,No
C:\Users\501\Desktop\train_test\G2_train_test\TT_33\TT_33_395.bmp,TT_33
C:\Users\501\Desktop\train_test\G2_train_test\TT_33\TT_33_396.bmp,TT_33
C:\Users\501\Desktop\train_test\G2_train_test\TT_33\TT_33_397.bmp,TT_33
C:\Users\501\Desktop\train_test\G2_train_test\TT_33\TT_33_398.bmp,TT_33
C:\Users\501\Desktop\train_test\G2_train_test\TT_33\TT_33_399.bmp,TT_33
C:\Users\501\Desktop\train_test\G2_train_test\TT_33\TT_33_4.bmp,TT_33
C:\Users\501\Desktop\train_test\G2_train_test\TT_33\TT_33_40.bmp,TT_33
C:\Users\501\Desktop\train_test\G2_train_test\TT_33\TT_33_400.bmp,TT_33
C:\Users\501\Desktop\train_test\G2_train_test\TT_33\TT_33_401.bmp,TT_33
C:\Users\501\Desktop\train_test\G2_train_test\TT_33\TT_33_402.bmp,TT_33
C:\Users\501\Desktop\train_test\G2_train_test\TT_33\TT_33_403.bmp,TT_33
C:\Users\501\Desktop\train_test\G2_train_test\TT_33\TT_33_404.bmp,TT_33
C:\Users\501\Desktop\train_test\G2_train_test\TT_33\TT_33_405.bmp,No
C:\Users\501\Desktop\train_test\G2_train_test\TT_33\TT_33_406.bmp,TT_33
C:\Users\501\Desktop\train_test\G2_train_test\TT_33\TT_33_407.bmp,TT_33
C:\Users\501\Desktop\train_test\G2_train_test\TT_33\TT_33_408.bmp,TT_33
C:\Users\501\Desktop\train_test\G2_train_test\TT_33\TT_33_409.bmp,TT_33
C:\Users\501\Desktop\train_test\G2_train_test\TT_33\TT_33_41.bmp,TT_33
C:\Users\501\Desktop\train_test\G2_train_test\TT_33\TT_33_410.bmp,TT_33
C:\Users\501\Desktop\train_test\G2_train_test\TT_33\TT_33_411.bmp,TT_33
C:\Users\501\Desktop\train_test\G2_train_test\TT_33\TT_33_412.bmp,TT_33
C:\Users\501\Desktop\train_test\G2_train_test\TT_33\TT_33_413.bmp,TT_33
C:\Users\501\Desktop\train_test\G2_train_test\TT_33\TT_33_414.bmp,TT_33
C:\Users\501\Desktop\train_test\G2_train_test\TT_33\TT_33_415.bmp,TT_33
C:\Users\501\Desktop\train_test\G2_train_test\TT_33\TT_33_416.bmp,TT_33
C:\Users\501\Desktop\train_test\G2_train_test\TT_33\TT_33_417.bmp,TT_33
C:\Users\501\Desktop\train_test\G2_train_test\TT_33\TT_33_418.bmp,TT_33
C:\Users\501\Desktop\train_test\G2_train_test\TT_33\TT_33_419.bmp,TT_33
C:\Users\501\Desktop\train_test\G2_train_test\TT_33\TT_33_42.bmp,TT_33
C:\Users\501\Desktop\train_test\G2_train_test\TT_33\TT_33_420.bmp,TT_33
C:\Users\501\Desktop\train_test\G2_train_test\TT_33\TT_33_421.bmp,TT_33
C:\Users\501\Desktop\train_test\G2_train_test\TT_33\TT_33_422.bmp,TT_33
C:\Users\501\Desktop\train_test\G2_train_test\TT_33\TT_33_423.bmp,TT_33
C:\Users\501\Desktop\train_test\G2_train_test\TT_33\TT_33_424.bmp,No
C:\Users\501\Desktop\train_test\G2_train_test\TT_33\TT_33_425.bmp,TT_33
C:\Users\501\Desktop\train_test\G2_train_test\TT_33\TT_33_426.bmp,TT_33
C:\Users\501\Desktop\train_test\G2_train_test\TT_33\TT_33_427.bmp,TT_33
C:\Users\501\Desktop\train_test\G2_train_test\TT_33\TT_33_428.bmp,TT_33
C:\Users\501\Desktop\train_test\G2_train_test\TT_33\TT_33_429.bmp,TT_33
C:\Users\501\Desktop\train_test\G2_train_test\TT_33\TT_33_43.bmp,TT_33
C:\Users\501\Desktop\train_test\G2_train_test\TT_33\TT_33_430.bmp,TT_33
C:\Users\501\Desktop\train_test\G2_train_test\TT_33\TT_33_431.bmp,TT_33
C:\Users\501\Desktop\train_test\G2_train_test\TT_33\TT_33_432.bmp,TT_33
C:\Users\501\Desktop\train_test\G2_train_test\TT_33\TT_33_433.bmp,TT_33
C:\Users\501\Desktop\train_test\G2_train_test\TT_33\TT_33_434.bmp,No
C:\Users\501\Desktop\train_test\G2_train_test\TT_33\TT_33_435.bmp,TT_33
C:\Users\501\Desktop\train_test\G2_train_test\TT_33\TT_33_436.bmp,TT_33
C:\Users\501\Desktop\train_test\G2_train_test\TT_33\TT_33_437.bmp,TT_33
C:\Users\501\Desktop\train_test\G2_train_test\TT_33\TT_33_438.bmp,TT_33
C:\Users\501\Desktop\train_test\G2_train_test\TT_33\TT_33_439.bmp,TT_33
C:\Users\501\Desktop\train_test\G2_train_test\TT_33\TT_33_44.bmp,TT_33
C:\Users\501\Desktop\train_test\G2_train_test\TT_33\TT_33_440.bmp,TT_33
C:\Users\501\Desktop\train_test\G2_train_test\TT_33\TT_33_441.bmp,TT_33
C:\Users\501\Desktop\train_test\G2_train_test\TT_33\TT_33_442.bmp,TT_33
C:\Users\501\Desktop\train_test\G2_train_test\TT_33\TT_33_443.bmp,TT_33
C:\Users\501\Desktop\train_test\G2_train_test\TT_33\TT_33_444.bmp,TT_33
C:\Users\501\Desktop\train_test\G2_train_test\TT_33\TT_33_445.bmp,TT_33
C:\Users\501\Desktop\train_test\G2_train_test\TT_33\TT_33_446.bmp,TT_33
C:\Users\501\Desktop\train_test\G2_train_test\TT_33\TT_33_447.bmp,TT_33
C:\Users\501\Desktop\train_test\G2_train_test\TT_33\TT_33_448.bmp,TT_33
C:\Users\501\Desktop\train_test\G2_train_test\TT_33\TT_33_449.bmp,TT_33
C:\Users\501\Desktop\train_test\G2_train_test\TT_33\TT_33_45.bmp,TT_33
C:\Users\501\Desktop\train_test\G2_train_test\TT_33\TT_33_450.bmp,TT_33
C:\Users\501\Desktop\train_test\G2_train_test\TT_33\TT_33_451.bmp,TT_33
C:\Users\501\Desktop\train_test\G2_train_test\TT_33\TT_33_452.bmp,No
C:\Users\501\Desktop\train_test\G2_train_test\TT_33\TT_33_453.bmp,No
C:\Users\501\Desktop\train_test\G2_train_test\TT_33\TT_33_454.bmp,TT_33
C:\Users\501\Desktop\train_test\G2_train_test\TT_33\TT_33_455.bmp,TT_33
C:\Users\501\Desktop\train_test\G2_train_test\TT_33\TT_33_456.bmp,TT_33
C:\Users\501\Desktop\train_test\G2_train_test\TT_33\TT_33_457.bmp,TT_33
C:\Users\501\Desktop\train_test\G2_train_test\TT_33\TT_33_458.bmp,TT_33
C:\Users\501\Desktop\train_test\G2_train_test\TT_33\TT_33_459.bmp,TT_33
C:\Users\501\Desktop\train_test\G2_train_test\TT_33\TT_33_46.bmp,TT_33
C:\Users\501\Desktop\train_test\G2_train_test\TT_33\TT_33_460.bmp,TT_33
C:\Users\501\Desktop\train_test\G2_train_test\TT_33\TT_33_461.bmp,TT_33
C:\Users\501\Desktop\train_test\G2_train_test\TT_33\TT_33_462.bmp,TT_33
C:\Users\501\Desktop\train_test\G2_train_test\TT_33\TT_33_463.bmp,No
C:\Users\501\Desktop\train_test\G2_train_test\TT_33\TT_33_464.bmp,TT_33
C:\Users\501\Desktop\train_test\G2_train_test\TT_33\TT_33_465.bmp,TT_33
C:\Users\501\Desktop\train_test\G2_train_test\TT_33\TT_33_466.bmp,TT_33
C:\Users\501\Desktop\train_test\G2_train_test\TT_33\TT_33_467.bmp,No
C:\Users\501\Desktop\train_test\G2_train_test\TT_33\TT_33_468.bmp,TT_33
C:\Users\501\Desktop\train_test\G2_train_test\TT_33\TT_33_469.bmp,TT_33
C:\Users\501\Desktop\train_test\G2_train_test\TT_33\TT_33_47.bmp,TT_33
C:\Users\501\Desktop\train_test\G2_train_test\TT_33\TT_33_470.bmp,TT_33
C:\Users\501\Desktop\train_test\G2_train_test\TT_33\TT_33_471.bmp,TT_33
C:\Users\501\Desktop\train_test\G2_train_test\TT_33\TT_33_472.bmp,TT_33
C:\Users\501\Desktop\train_test\G2_train_test\TT_33\TT_33_473.bmp,TT_33
C:\Users\501\Desktop\train_test\G2_train_test\TT_33\TT_33_474.bmp,TT_33
C:\Users\501\Desktop\train_test\G2_train_test\TT_33\TT_33_475.bmp,TT_33
C:\Users\501\Desktop\train_test\G2_train_test\TT_33\TT_33_476.bmp,TT_33
C:\Users\501\Desktop\train_test\G2_train_test\TT_33\TT_33_477.bmp,TT_33
C:\Users\501\Desktop\train_test\G2_train_test\TT_33\TT_33_478.bmp,TT_33
C:\Users\501\Desktop\train_test\G2_train_test\TT_33\TT_33_479.bmp,TT_33
C:\Users\501\Desktop\train_test\G2_train_test\TT_33\TT_33_48.bmp,No
C:\Users\501\Desktop\train_test\G2_train_test\TT_33\TT_33_480.bmp,TT_33
C:\Users\501\Desktop\train_test\G2_train_test\TT_33\TT_33_481.bmp,TT_33
C:\Users\501\Desktop\train_test\G2_train_test\TT_33\TT_33_482.bmp,TT_33
C:\Users\501\Desktop\train_test\G2_train_test\TT_33\TT_33_483.bmp,TT_33
C:\Users\501\Desktop\train_test\G2_train_test\TT_33\TT_33_484.bmp,TT_33
C:\Users\501\Desktop\train_test\G2_train_test\TT_33\TT_33_485.bmp,TT_33
C:\Users\501\Desktop\train_test\G2_train_test\TT_33\TT_33_486.bmp,No
C:\Users\501\Desktop\train_test\G2_train_test\TT_33\TT_33_487.bmp,TT_33
C:\Users\501\Desktop\train_test\G2_train_test\TT_33\TT_33_488.bmp,TT_30
C:\Users\501\Desktop\train_test\G2_train_test\TT_33\TT_33_489.bmp,TT_33
C:\Users\501\Desktop\train_test\G2_train_test\TT_33\TT_33_49.bmp,TT_33
C:\Users\501\Desktop\train_test\G2_train_test\TT_33\TT_33_490.bmp,TT_33
C:\Users\501\Desktop\train_test\G2_train_test\TT_33\TT_33_491.bmp,TT_33
C:\Users\501\Desktop\train_test\G2_train_test\TT_33\TT_33_492.bmp,TT_33
C:\Users\501\Desktop\train_test\G2_train_test\TT_33\TT_33_493.bmp,TT_33
C:\Users\501\Desktop\train_test\G2_train_test\TT_33\TT_33_494.bmp,TT_33
C:\Users\501\Desktop\train_test\G2_train_test\TT_33\TT_33_495.bmp,TT_33
C:\Users\501\Desktop\train_test\G2_train_test\TT_33\TT_33_496.bmp,TT_33
C:\Users\501\Desktop\train_test\G2_train_test\TT_33\TT_33_497.bmp,TT_33
C:\Users\501\Desktop\train_test\G2_train_test\TT_33\TT_33_498.bmp,TT_33
C:\Users\501\Desktop\train_test\G2_train_test\TT_33\TT_33_499.bmp,TT_33
C:\Users\501\Desktop\train_test\G2_train_test\TT_33\TT_33_5.bmp,TT_33
C:\Users\501\Desktop\train_test\G2_train_test\TT_33\TT_33_50.bmp,TT_33
C:\Users\501\Desktop\train_test\G2_train_test\TT_33\TT_33_500.bmp,TT_33
C:\Users\501\Desktop\train_test\G2_train_test\TT_33\TT_33_501.bmp,TT_33
C:\Users\501\Desktop\train_test\G2_train_test\TT_33\TT_33_502.bmp,TT_33
C:\Users\501\Desktop\train_test\G2_train_test\TT_33\TT_33_503.bmp,TT_33
C:\Users\501\Desktop\train_test\G2_train_test\TT_33\TT_33_504.bmp,TT_33
C:\Users\501\Desktop\train_test\G2_train_test\TT_33\TT_33_505.bmp,TT_33
C:\Users\501\Desktop\train_test\G2_train_test\TT_33\TT_33_506.bmp,No
C:\Users\501\Desktop\train_test\G2_train_test\TT_33\TT_33_507.bmp,TT_33
C:\Users\501\Desktop\train_test\G2_train_test\TT_33\TT_33_508.bmp,TT_33
C:\Users\501\Desktop\train_test\G2_train_test\TT_33\TT_33_509.bmp,TT_33
C:\Users\501\Desktop\train_test\G2_train_test\TT_33\TT_33_51.bmp,TT_33
C:\Users\501\Desktop\train_test\G2_train_test\TT_33\TT_33_510.bmp,TT_33
C:\Users\501\Desktop\train_test\G2_train_test\TT_33\TT_33_511.bmp,No
C:\Users\501\Desktop\train_test\G2_train_test\TT_33\TT_33_512.bmp,TT_33
C:\Users\501\Desktop\train_test\G2_train_test\TT_33\TT_33_513.bmp,TT_33
C:\Users\501\Desktop\train_test\G2_train_test\TT_33\TT_33_514.bmp,TT_33
C:\Users\501\Desktop\train_test\G2_train_test\TT_33\TT_33_515.bmp,TT_33
C:\Users\501\Desktop\train_test\G2_train_test\TT_33\TT_33_516.bmp,TT_33
C:\Users\501\Desktop\train_test\G2_train_test\TT_33\TT_33_517.bmp,TT_33
C:\Users\501\Desktop\train_test\G2_train_test\TT_33\TT_33_518.bmp,TT_33
C:\Users\501\Desktop\train_test\G2_train_test\TT_33\TT_33_519.bmp,TT_33
C:\Users\501\Desktop\train_test\G2_train_test\TT_33\TT_33_52.bmp,TT_33
C:\Users\501\Desktop\train_test\G2_train_test\TT_33\TT_33_520.bmp,TT_33
C:\Users\501\Desktop\train_test\G2_train_test\TT_33\TT_33_521.bmp,TT_33
C:\Users\501\Desktop\train_test\G2_train_test\TT_33\TT_33_522.bmp,TT_33
C:\Users\501\Desktop\train_test\G2_train_test\TT_33\TT_33_523.bmp,TT_33
C:\Users\501\Desktop\train_test\G2_train_test\TT_33\TT_33_524.bmp,TT_33
C:\Users\501\Desktop\train_test\G2_train_test\TT_33\TT_33_525.bmp,TT_33
C:\Users\501\Desktop\train_test\G2_train_test\TT_33\TT_33_526.bmp,TT_33
C:\Users\501\Desktop\train_test\G2_train_test\TT_33\TT_33_527.bmp,TT_33
C:\Users\501\Desktop\train_test\G2_train_test\TT_33\TT_33_528.bmp,TT_33
C:\Users\501\Desktop\train_test\G2_train_test\TT_33\TT_33_529.bmp,TT_33
C:\Users\501\Desktop\train_test\G2_train_test\TT_33\TT_33_53.bmp,TT_33
C:\Users\501\Desktop\train_test\G2_train_test\TT_33\TT_33_530.bmp,TT_33
C:\Users\501\Desktop\train_test\G2_train_test\TT_33\TT_33_531.bmp,No
C:\Users\501\Desktop\train_test\G2_train_test\TT_33\TT_33_532.bmp,TT_33
C:\Users\501\Desktop\train_test\G2_train_test\TT_33\TT_33_533.bmp,TT_33
C:\Users\501\Desktop\train_test\G2_train_test\TT_33\TT_33_534.bmp,TT_33
C:\Users\501\Desktop\train_test\G2_train_test\TT_33\TT_33_535.bmp,TT_33
C:\Users\501\Desktop\train_test\G2_train_test\TT_33\TT_33_536.bmp,No
C:\Users\501\Desktop\train_test\G2_train_test\TT_33\TT_33_537.bmp,TT_33
C:\Users\501\Desktop\train_test\G2_train_test\TT_33\TT_33_538.bmp,TT_33
C:\Users\501\Desktop\train_test\G2_train_test\TT_33\TT_33_539.bmp,TT_33
C:\Users\501\Desktop\train_test\G2_train_test\TT_33\TT_33_54.bmp,TT_33
C:\Users\501\Desktop\train_test\G2_train_test\TT_33\TT_33_540.bmp,TT_33
C:\Users\501\Desktop\train_test\G2_train_test\TT_33\TT_33_541.bmp,TT_33
C:\Users\501\Desktop\train_test\G2_train_test\TT_33\TT_33_542.bmp,TT_33
C:\Users\501\Desktop\train_test\G2_train_test\TT_33\TT_33_543.bmp,TT_33
C:\Users\501\Desktop\train_test\G2_train_test\TT_33\TT_33_544.bmp,TT_33
C:\Users\501\Desktop\train_test\G2_train_test\TT_33\TT_33_545.bmp,TT_33
C:\Users\501\Desktop\train_test\G2_train_test\TT_33\TT_33_546.bmp,TT_33
C:\Users\501\Desktop\train_test\G2_train_test\TT_33\TT_33_547.bmp,TT_33
C:\Users\501\Desktop\train_test\G2_train_test\TT_33\TT_33_548.bmp,TT_33
C:\Users\501\Desktop\train_test\G2_train_test\TT_33\TT_33_549.bmp,TT_33
C:\Users\501\Desktop\train_test\G2_train_test\TT_33\TT_33_55.bmp,KH_147
C:\Users\501\Desktop\train_test\G2_train_test\TT_33\TT_33_550.bmp,TT_33
C:\Users\501\Desktop\train_test\G2_train_test\TT_33\TT_33_551.bmp,TT_33
C:\Users\501\Desktop\train_test\G2_train_test\TT_33\TT_33_552.bmp,TT_33
C:\Users\501\Desktop\train_test\G2_train_test\TT_33\TT_33_553.bmp,TT_33
C:\Users\501\Desktop\train_test\G2_train_test\TT_33\TT_33_554.bmp,TT_33
C:\Users\501\Desktop\train_test\G2_train_test\TT_33\TT_33_555.bmp,TT_33
C:\Users\501\Desktop\train_test\G2_train_test\TT_33\TT_33_556.bmp,TT_33
C:\Users\501\Desktop\train_test\G2_train_test\TT_33\TT_33_557.bmp,TT_33
C:\Users\501\Desktop\train_test\G2_train_test\TT_33\TT_33_558.bmp,TT_33
C:\Users\501\Desktop\train_test\G2_train_test\TT_33\TT_33_559.bmp,TT_33
C:\Users\501\Desktop\train_test\G2_train_test\TT_33\TT_33_56.bmp,TT_33
C:\Users\501\Desktop\train_test\G2_train_test\TT_33\TT_33_560.bmp,No
C:\Users\501\Desktop\train_test\G2_train_test\TT_33\TT_33_561.bmp,TT_33
C:\Users\501\Desktop\train_test\G2_train_test\TT_33\TT_33_562.bmp,TT_33
C:\Users\501\Desktop\train_test\G2_train_test\TT_33\TT_33_563.bmp,No
C:\Users\501\Desktop\train_test\G2_train_test\TT_33\TT_33_564.bmp,TT_33
C:\Users\501\Desktop\train_test\G2_train_test\TT_33\TT_33_565.bmp,TT_33
C:\Users\501\Desktop\train_test\G2_train_test\TT_33\TT_33_566.bmp,TT_33
C:\Users\501\Desktop\train_test\G2_train_test\TT_33\TT_33_567.bmp,TT_33
C:\Users\501\Desktop\train_test\G2_train_test\TT_33\TT_33_568.bmp,TT_33
C:\Users\501\Desktop\train_test\G2_train_test\TT_33\TT_33_569.bmp,TT_33
C:\Users\501\Desktop\train_test\G2_train_test\TT_33\TT_33_57.bmp,TT_33
C:\Users\501\Desktop\train_test\G2_train_test\TT_33\TT_33_570.bmp,TT_33
C:\Users\501\Desktop\train_test\G2_train_test\TT_33\TT_33_571.bmp,TT_33
C:\Users\501\Desktop\train_test\G2_train_test\TT_33\TT_33_572.bmp,No
C:\Users\501\Desktop\train_test\G2_train_test\TT_33\TT_33_573.bmp,TT_33
C:\Users\501\Desktop\train_test\G2_train_test\TT_33\TT_33_574.bmp,TT_33
C:\Users\501\Desktop\train_test\G2_train_test\TT_33\TT_33_575.bmp,No
C:\Users\501\Desktop\train_test\G2_train_test\TT_33\TT_33_576.bmp,TT_33
C:\Users\501\Desktop\train_test\G2_train_test\TT_33\TT_33_577.bmp,TT_33
C:\Users\501\Desktop\train_test\G2_train_test\TT_33\TT_33_578.bmp,TT_33
C:\Users\501\Desktop\train_test\G2_train_test\TT_33\TT_33_579.bmp,TT_33
C:\Users\501\Desktop\train_test\G2_train_test\TT_33\TT_33_58.bmp,TT_33
C:\Users\501\Desktop\train_test\G2_train_test\TT_33\TT_33_580.bmp,TT_33
C:\Users\501\Desktop\train_test\G2_train_test\TT_33\TT_33_581.bmp,TT_33
C:\Users\501\Desktop\train_test\G2_train_test\TT_33\TT_33_582.bmp,TT_33
C:\Users\501\Desktop\train_test\G2_train_test\TT_33\TT_33_583.bmp,TT_33
C:\Users\501\Desktop\train_test\G2_train_test\TT_33\TT_33_584.bmp,TT_33
C:\Users\501\Desktop\train_test\G2_train_test\TT_33\TT_33_585.bmp,TT_33
C:\Users\501\Desktop\train_test\G2_train_test\TT_33\TT_33_586.bmp,TT_33
C:\Users\501\Desktop\train_test\G2_train_test\TT_33\TT_33_587.bmp,TT_33
C:\Users\501\Desktop\train_test\G2_train_test\TT_33\TT_33_588.bmp,No
C:\Users\501\Desktop\train_test\G2_train_test\TT_33\TT_33_589.bmp,TT_33
C:\Users\501\Desktop\train_test\G2_train_test\TT_33\TT_33_59.bmp,TT_33
C:\Users\501\Desktop\train_test\G2_train_test\TT_33\TT_33_590.bmp,TT_33
C:\Users\501\Desktop\train_test\G2_train_test\TT_33\TT_33_591.bmp,TT_33
C:\Users\501\Desktop\train_test\G2_train_test\TT_33\TT_33_592.bmp,TT_33
C:\Users\501\Desktop\train_test\G2_train_test\TT_33\TT_33_593.bmp,TT_33
C:\Users\501\Desktop\train_test\G2_train_test\TT_33\TT_33_594.bmp,TT_33
C:\Users\501\Desktop\train_test\G2_train_test\TT_33\TT_33_595.bmp,TT_33
C:\Users\501\Desktop\train_test\G2_train_test\TT_33\TT_33_596.bmp,TT_33
C:\Users\501\Desktop\train_test\G2_train_test\TT_33\TT_33_597.bmp,TT_33
C:\Users\501\Desktop\train_test\G2_train_test\TT_33\TT_33_598.bmp,TT_33
C:\Users\501\Desktop\train_test\G2_train_test\TT_33\TT_33_599.bmp,TT_33
C:\Users\501\Desktop\train_test\G2_train_test\TT_33\TT_33_6.bmp,TT_33
C:\Users\501\Desktop\train_test\G2_train_test\TT_33\TT_33_60.bmp,TT_33
C:\Users\501\Desktop\train_test\G2_train_test\TT_33\TT_33_600.bmp,TT_33
C:\Users\501\Desktop\train_test\G2_train_test\TT_33\TT_33_601.bmp,TT_33
C:\Users\501\Desktop\train_test\G2_train_test\TT_33\TT_33_602.bmp,TT_33
C:\Users\501\Desktop\train_test\G2_train_test\TT_33\TT_33_603.bmp,TT_33
C:\Users\501\Desktop\train_test\G2_train_test\TT_33\TT_33_604.bmp,TT_33
C:\Users\501\Desktop\train_test\G2_train_test\TT_33\TT_33_605.bmp,TT_33
C:\Users\501\Desktop\train_test\G2_train_test\TT_33\TT_33_606.bmp,TT_33
C:\Users\501\Desktop\train_test\G2_train_test\TT_33\TT_33_607.bmp,TT_33
C:\Users\501\Desktop\train_test\G2_train_test\TT_33\TT_33_608.bmp,TT_33
C:\Users\501\Desktop\train_test\G2_train_test\TT_33\TT_33_609.bmp,TT_33
C:\Users\501\Desktop\train_test\G2_train_test\TT_33\TT_33_61.bmp,TT_33
C:\Users\501\Desktop\train_test\G2_train_test\TT_33\TT_33_610.bmp,TT_33
C:\Users\501\Desktop\train_test\G2_train_test\TT_33\TT_33_611.bmp,TT_33
C:\Users\501\Desktop\train_test\G2_train_test\TT_33\TT_33_612.bmp,TT_33
C:\Users\501\Desktop\train_test\G2_train_test\TT_33\TT_33_613.bmp,TT_33
C:\Users\501\Desktop\train_test\G2_train_test\TT_33\TT_33_614.bmp,TT_33
C:\Users\501\Desktop\train_test\G2_train_test\TT_33\TT_33_615.bmp,TT_33
C:\Users\501\Desktop\train_test\G2_train_test\TT_33\TT_33_616.bmp,No
C:\Users\501\Desktop\train_test\G2_train_test\TT_33\TT_33_617.bmp,TT_33
C:\Users\501\Desktop\train_test\G2_train_test\TT_33\TT_33_618.bmp,TT_33
C:\Users\501\Desktop\train_test\G2_train_test\TT_33\TT_33_619.bmp,No
C:\Users\501\Desktop\train_test\G2_train_test\TT_33\TT_33_62.bmp,TT_33
C:\Users\501\Desktop\train_test\G2_train_test\TT_33\TT_33_620.bmp,TT_33
C:\Users\501\Desktop\train_test\G2_train_test\TT_33\TT_33_621.bmp,TT_33
C:\Users\501\Desktop\train_test\G2_train_test\TT_33\TT_33_622.bmp,TT_33
C:\Users\501\Desktop\train_test\G2_train_test\TT_33\TT_33_623.bmp,TT_33
C:\Users\501\Desktop\train_test\G2_train_test\TT_33\TT_33_624.bmp,TT_33
C:\Users\501\Desktop\train_test\G2_train_test\TT_33\TT_33_625.bmp,TT_33
C:\Users\501\Desktop\train_test\G2_train_test\TT_33\TT_33_626.bmp,TT_33
C:\Users\501\Desktop\train_test\G2_train_test\TT_33\TT_33_627.bmp,TT_33
C:\Users\501\Desktop\train_test\G2_train_test\TT_33\TT_33_628.bmp,No
C:\Users\501\Desktop\train_test\G2_train_test\TT_33\TT_33_629.bmp,TT_33
C:\Users\501\Desktop\train_test\G2_train_test\TT_33\TT_33_63.bmp,TT_33
C:\Users\501\Desktop\train_test\G2_train_test\TT_33\TT_33_630.bmp,TT_33
C:\Users\501\Desktop\train_test\G2_train_test\TT_33\TT_33_631.bmp,No
C:\Users\501\Desktop\train_test\G2_train_test\TT_33\TT_33_632.bmp,TT_33
C:\Users\501\Desktop\train_test\G2_train_test\TT_33\TT_33_633.bmp,TT_33
C:\Users\501\Desktop\train_test\G2_train_test\TT_33\TT_33_634.bmp,No
C:\Users\501\Desktop\train_test\G2_train_test\TT_33\TT_33_635.bmp,TT_33
C:\Users\501\Desktop\train_test\G2_train_test\TT_33\TT_33_636.bmp,TT_33
C:\Users\501\Desktop\train_test\G2_train_test\TT_33\TT_33_637.bmp,TT_33
C:\Users\501\Desktop\train_test\G2_train_test\TT_33\TT_33_638.bmp,TT_33
C:\Users\501\Desktop\train_test\G2_train_test\TT_33\TT_33_639.bmp,TT_33
C:\Users\501\Desktop\train_test\G2_train_test\TT_33\TT_33_64.bmp,No
C:\Users\501\Desktop\train_test\G2_train_test\TT_33\TT_33_640.bmp,No
C:\Users\501\Desktop\train_test\G2_train_test\TT_33\TT_33_641.bmp,No
C:\Users\501\Desktop\train_test\G2_train_test\TT_33\TT_33_642.bmp,No
C:\Users\501\Desktop\train_test\G2_train_test\TT_33\TT_33_643.bmp,TT_33
C:\Users\501\Desktop\train_test\G2_train_test\TT_33\TT_33_644.bmp,TT_33
C:\Users\501\Desktop\train_test\G2_train_test\TT_33\TT_33_645.bmp,TT_33
C:\Users\501\Desktop\train_test\G2_train_test\TT_33\TT_33_646.bmp,TT_33
C:\Users\501\Desktop\train_test\G2_train_test\TT_33\TT_33_647.bmp,No
C:\Users\501\Desktop\train_test\G2_train_test\TT_33\TT_33_648.bmp,TT_33
C:\Users\501\Desktop\train_test\G2_train_test\TT_33\TT_33_649.bmp,No
C:\Users\501\Desktop\train_test\G2_train_test\TT_33\TT_33_65.bmp,TT_33
C:\Users\501\Desktop\train_test\G2_train_test\TT_33\TT_33_650.bmp,TT_33
C:\Users\501\Desktop\train_test\G2_train_test\TT_33\TT_33_651.bmp,KH_147
C:\Users\501\Desktop\train_test\G2_train_test\TT_33\TT_33_652.bmp,TT_33
C:\Users\501\Desktop\train_test\G2_train_test\TT_33\TT_33_653.bmp,TT_33
C:\Users\501\Desktop\train_test\G2_train_test\TT_33\TT_33_654.bmp,TT_33
C:\Users\501\Desktop\train_test\G2_train_test\TT_33\TT_33_655.bmp,TT_33
C:\Users\501\Desktop\train_test\G2_train_test\TT_33\TT_33_656.bmp,TT_33
C:\Users\501\Desktop\train_test\G2_train_test\TT_33\TT_33_657.bmp,TT_33
C:\Users\501\Desktop\train_test\G2_train_test\TT_33\TT_33_658.bmp,TT_33
C:\Users\501\Desktop\train_test\G2_train_test\TT_33\TT_33_659.bmp,TT_33
C:\Users\501\Desktop\train_test\G2_train_test\TT_33\TT_33_66.bmp,TT_33
C:\Users\501\Desktop\train_test\G2_train_test\TT_33\TT_33_660.bmp,TT_33
C:\Users\501\Desktop\train_test\G2_train_test\TT_33\TT_33_661.bmp,TT_33
C:\Users\501\Desktop\train_test\G2_train_test\TT_33\TT_33_662.bmp,TT_33
C:\Users\501\Desktop\train_test\G2_train_test\TT_33\TT_33_663.bmp,TT_33
C:\Users\501\Desktop\train_test\G2_train_test\TT_33\TT_33_664.bmp,TT_33
C:\Users\501\Desktop\train_test\G2_train_test\TT_33\TT_33_665.bmp,TT_33
C:\Users\501\Desktop\train_test\G2_train_test\TT_33\TT_33_666.bmp,TT_33
C:\Users\501\Desktop\train_test\G2_train_test\TT_33\TT_33_667.bmp,TT_33
C:\Users\501\Desktop\train_test\G2_train_test\TT_33\TT_33_668.bmp,TT_33
C:\Users\501\Desktop\train_test\G2_train_test\TT_33\TT_33_669.bmp,TT_33
C:\Users\501\Desktop\train_test\G2_train_test\TT_33\TT_33_67.bmp,TT_33
C:\Users\501\Desktop\train_test\G2_train_test\TT_33\TT_33_670.bmp,TT_33
C:\Users\501\Desktop\train_test\G2_train_test\TT_33\TT_33_671.bmp,TT_33
C:\Users\501\Desktop\train_test\G2_train_test\TT_33\TT_33_672.bmp,TT_33
C:\Users\501\Desktop\train_test\G2_train_test\TT_33\TT_33_673.bmp,TT_33
C:\Users\501\Desktop\train_test\G2_train_test\TT_33\TT_33_674.bmp,TT_33
C:\Users\501\Desktop\train_test\G2_train_test\TT_33\TT_33_675.bmp,No
C:\Users\501\Desktop\train_test\G2_train_test\TT_33\TT_33_676.bmp,No
C:\Users\501\Desktop\train_test\G2_train_test\TT_33\TT_33_677.bmp,TT_33
C:\Users\501\Desktop\train_test\G2_train_test\TT_33\TT_33_678.bmp,TT_33
C:\Users\501\Desktop\train_test\G2_train_test\TT_33\TT_33_679.bmp,No
C:\Users\501\Desktop\train_test\G2_train_test\TT_33\TT_33_68.bmp,TT_33
C:\Users\501\Desktop\train_test\G2_train_test\TT_33\TT_33_680.bmp,TT_33
C:\Users\501\Desktop\train_test\G2_train_test\TT_33\TT_33_681.bmp,TT_33
C:\Users\501\Desktop\train_test\G2_train_test\TT_33\TT_33_682.bmp,No
C:\Users\501\Desktop\train_test\G2_train_test\TT_33\TT_33_683.bmp,No
C:\Users\501\Desktop\train_test\G2_train_test\TT_33\TT_33_684.bmp,TT_33
C:\Users\501\Desktop\train_test\G2_train_test\TT_33\TT_33_685.bmp,TT_33
C:\Users\501\Desktop\train_test\G2_train_test\TT_33\TT_33_686.bmp,TT_33
C:\Users\501\Desktop\train_test\G2_train_test\TT_33\TT_33_687.bmp,TT_33
C:\Users\501\Desktop\train_test\G2_train_test\TT_33\TT_33_688.bmp,TT_33
C:\Users\501\Desktop\train_test\G2_train_test\TT_33\TT_33_689.bmp,TT_33
C:\Users\501\Desktop\train_test\G2_train_test\TT_33\TT_33_69.bmp,No
C:\Users\501\Desktop\train_test\G2_train_test\TT_33\TT_33_690.bmp,TT_33
C:\Users\501\Desktop\train_test\G2_train_test\TT_33\TT_33_691.bmp,TT_33
C:\Users\501\Desktop\train_test\G2_train_test\TT_33\TT_33_692.bmp,TT_33
C:\Users\501\Desktop\train_test\G2_train_test\TT_33\TT_33_693.bmp,No
C:\Users\501\Desktop\train_test\G2_train_test\TT_33\TT_33_694.bmp,TT_33
C:\Users\501\Desktop\train_test\G2_train_test\TT_33\TT_33_695.bmp,TT_33
C:\Users\501\Desktop\train_test\G2_train_test\TT_33\TT_33_696.bmp,TT_33
C:\Users\501\Desktop\train_test\G2_train_test\TT_33\TT_33_697.bmp,TT_33
C:\Users\501\Desktop\train_test\G2_train_test\TT_33\TT_33_698.bmp,TT_33
C:\Users\501\Desktop\train_test\G2_train_test\TT_33\TT_33_699.bmp,TT_33
C:\Users\501\Desktop\train_test\G2_train_test\TT_33\TT_33_7.bmp,TT_33
C:\Users\501\Desktop\train_test\G2_train_test\TT_33\TT_33_70.bmp,TT_33
C:\Users\501\Desktop\train_test\G2_train_test\TT_33\TT_33_700.bmp,TT_33
C:\Users\501\Desktop\train_test\G2_train_test\TT_33\TT_33_701.bmp,TT_33
C:\Users\501\Desktop\train_test\G2_train_test\TT_33\TT_33_702.bmp,No
C:\Users\501\Desktop\train_test\G2_train_test\TT_33\TT_33_703.bmp,TT_33
C:\Users\501\Desktop\train_test\G2_train_test\TT_33\TT_33_704.bmp,TT_33
C:\Users\501\Desktop\train_test\G2_train_test\TT_33\TT_33_705.bmp,No
C:\Users\501\Desktop\train_test\G2_train_test\TT_33\TT_33_706.bmp,TT_33
C:\Users\501\Desktop\train_test\G2_train_test\TT_33\TT_33_707.bmp,TT_33
C:\Users\501\Desktop\train_test\G2_train_test\TT_33\TT_33_708.bmp,TT_33
C:\Users\501\Desktop\train_test\G2_train_test\TT_33\TT_33_709.bmp,TT_33
C:\Users\501\Desktop\train_test\G2_train_test\TT_33\TT_33_71.bmp,TT_33
C:\Users\501\Desktop\train_test\G2_train_test\TT_33\TT_33_710.bmp,TT_33
C:\Users\501\Desktop\train_test\G2_train_test\TT_33\TT_33_711.bmp,No
C:\Users\501\Desktop\train_test\G2_train_test\TT_33\TT_33_712.bmp,TT_33
C:\Users\501\Desktop\train_test\G2_train_test\TT_33\TT_33_713.bmp,TT_33
C:\Users\501\Desktop\train_test\G2_train_test\TT_33\TT_33_714.bmp,TT_33
C:\Users\501\Desktop\train_test\G2_train_test\TT_33\TT_33_715.bmp,TT_33
C:\Users\501\Desktop\train_test\G2_train_test\TT_33\TT_33_716.bmp,TT_33
C:\Users\501\Desktop\train_test\G2_train_test\TT_33\TT_33_717.bmp,TT_33
C:\Users\501\Desktop\train_test\G2_train_test\TT_33\TT_33_718.bmp,TT_33
C:\Users\501\Desktop\train_test\G2_train_test\TT_33\TT_33_719.bmp,TT_33
C:\Users\501\Desktop\train_test\G2_train_test\TT_33\TT_33_72.bmp,TT_33
C:\Users\501\Desktop\train_test\G2_train_test\TT_33\TT_33_720.bmp,TT_33
C:\Users\501\Desktop\train_test\G2_train_test\TT_33\TT_33_721.bmp,TT_33
C:\Users\501\Desktop\train_test\G2_train_test\TT_33\TT_33_722.bmp,No
C:\Users\501\Desktop\train_test\G2_train_test\TT_33\TT_33_723.bmp,TT_33
C:\Users\501\Desktop\train_test\G2_train_test\TT_33\TT_33_724.bmp,TT_33
C:\Users\501\Desktop\train_test\G2_train_test\TT_33\TT_33_725.bmp,TT_33
C:\Users\501\Desktop\train_test\G2_train_test\TT_33\TT_33_726.bmp,TT_33
C:\Users\501\Desktop\train_test\G2_train_test\TT_33\TT_33_727.bmp,TT_33
C:\Users\501\Desktop\train_test\G2_train_test\TT_33\TT_33_728.bmp,TT_33
C:\Users\501\Desktop\train_test\G2_train_test\TT_33\TT_33_729.bmp,TT_33
C:\Users\501\Desktop\train_test\G2_train_test\TT_33\TT_33_73.bmp,TT_33
C:\Users\501\Desktop\train_test\G2_train_test\TT_33\TT_33_730.bmp,TT_33
C:\Users\501\Desktop\train_test\G2_train_test\TT_33\TT_33_731.bmp,TT_33
C:\Users\501\Desktop\train_test\G2_train_test\TT_33\TT_33_732.bmp,TT_33
C:\Users\501\Desktop\train_test\G2_train_test\TT_33\TT_33_733.bmp,TT_33
C:\Users\501\Desktop\train_test\G2_train_test\TT_33\TT_33_734.bmp,TT_33
C:\Users\501\Desktop\train_test\G2_train_test\TT_33\TT_33_735.bmp,TT_33
C:\Users\501\Desktop\train_test\G2_train_test\TT_33\TT_33_736.bmp,TT_33
C:\Users\501\Desktop\train_test\G2_train_test\TT_33\TT_33_737.bmp,TT_33
C:\Users\501\Desktop\train_test\G2_train_test\TT_33\TT_33_738.bmp,TT_33
C:\Users\501\Desktop\train_test\G2_train_test\TT_33\TT_33_739.bmp,TT_33
C:\Users\501\Desktop\train_test\G2_train_test\TT_33\TT_33_74.bmp,TT_33
C:\Users\501\Desktop\train_test\G2_train_test\TT_33\TT_33_740.bmp,TT_33
C:\Users\501\Desktop\train_test\G2_train_test\TT_33\TT_33_741.bmp,TT_33
C:\Users\501\Desktop\train_test\G2_train_test\TT_33\TT_33_742.bmp,TT_33
C:\Users\501\Desktop\train_test\G2_train_test\TT_33\TT_33_743.bmp,TT_33
C:\Users\501\Desktop\train_test\G2_train_test\TT_33\TT_33_744.bmp,TT_33
C:\Users\501\Desktop\train_test\G2_train_test\TT_33\TT_33_745.bmp,TT_33
C:\Users\501\Desktop\train_test\G2_train_test\TT_33\TT_33_746.bmp,TT_33
C:\Users\501\Desktop\train_test\G2_train_test\TT_33\TT_33_747.bmp,TT_33
C:\Users\501\Desktop\train_test\G2_train_test\TT_33\TT_33_748.bmp,TT_33
C:\Users\501\Desktop\train_test\G2_train_test\TT_33\TT_33_749.bmp,TT_33
C:\Users\501\Desktop\train_test\G2_train_test\TT_33\TT_33_75.bmp,TT_33
C:\Users\501\Desktop\train_test\G2_train_test\TT_33\TT_33_750.bmp,No
C:\Users\501\Desktop\train_test\G2_train_test\TT_33\TT_33_751.bmp,TT_33
C:\Users\501\Desktop\train_test\G2_train_test\TT_33\TT_33_752.bmp,No
C:\Users\501\Desktop\train_test\G2_train_test\TT_33\TT_33_753.bmp,No
C:\Users\501\Desktop\train_test\G2_train_test\TT_33\TT_33_754.bmp,TT_33
C:\Users\501\Desktop\train_test\G2_train_test\TT_33\TT_33_755.bmp,TT_33
C:\Users\501\Desktop\train_test\G2_train_test\TT_33\TT_33_756.bmp,TT_33
C:\Users\501\Desktop\train_test\G2_train_test\TT_33\TT_33_757.bmp,TT_33
C:\Users\501\Desktop\train_test\G2_train_test\TT_33\TT_33_758.bmp,TT_33
C:\Users\501\Desktop\train_test\G2_train_test\TT_33\TT_33_759.bmp,TT_33
C:\Users\501\Desktop\train_test\G2_train_test\TT_33\TT_33_76.bmp,TT_33
C:\Users\501\Desktop\train_test\G2_train_test\TT_33\TT_33_760.bmp,No
C:\Users\501\Desktop\train_test\G2_train_test\TT_33\TT_33_761.bmp,TT_33
C:\Users\501\Desktop\train_test\G2_train_test\TT_33\TT_33_762.bmp,TT_33
C:\Users\501\Desktop\train_test\G2_train_test\TT_33\TT_33_763.bmp,TT_33
C:\Users\501\Desktop\train_test\G2_train_test\TT_33\TT_33_764.bmp,TT_33
C:\Users\501\Desktop\train_test\G2_train_test\TT_33\TT_33_765.bmp,No
C:\Users\501\Desktop\train_test\G2_train_test\TT_33\TT_33_766.bmp,TT_33
C:\Users\501\Desktop\train_test\G2_train_test\TT_33\TT_33_767.bmp,No
C:\Users\501\Desktop\train_test\G2_train_test\TT_33\TT_33_768.bmp,TT_33
C:\Users\501\Desktop\train_test\G2_train_test\TT_33\TT_33_769.bmp,TT_33
C:\Users\501\Desktop\train_test\G2_train_test\TT_33\TT_33_77.bmp,TT_33
C:\Users\501\Desktop\train_test\G2_train_test\TT_33\TT_33_770.bmp,TT_33
C:\Users\501\Desktop\train_test\G2_train_test\TT_33\TT_33_771.bmp,No
C:\Users\501\Desktop\train_test\G2_train_test\TT_33\TT_33_772.bmp,TT_33
C:\Users\501\Desktop\train_test\G2_train_test\TT_33\TT_33_773.bmp,TT_33
C:\Users\501\Desktop\train_test\G2_train_test\TT_33\TT_33_774.bmp,TT_33
C:\Users\501\Desktop\train_test\G2_train_test\TT_33\TT_33_775.bmp,TT_33
C:\Users\501\Desktop\train_test\G2_train_test\TT_33\TT_33_776.bmp,TT_33
C:\Users\501\Desktop\train_test\G2_train_test\TT_33\TT_33_777.bmp,TT_33
C:\Users\501\Desktop\train_test\G2_train_test\TT_33\TT_33_778.bmp,TT_33
C:\Users\501\Desktop\train_test\G2_train_test\TT_33\TT_33_779.bmp,TT_33
C:\Users\501\Desktop\train_test\G2_train_test\TT_33\TT_33_78.bmp,TT_33
C:\Users\501\Desktop\train_test\G2_train_test\TT_33\TT_33_780.bmp,TT_33
C:\Users\501\Desktop\train_test\G2_train_test\TT_33\TT_33_781.bmp,TT_33
C:\Users\501\Desktop\train_test\G2_train_test\TT_33\TT_33_782.bmp,No
C:\Users\501\Desktop\train_test\G2_train_test\TT_33\TT_33_783.bmp,TT_33
C:\Users\501\Desktop\train_test\G2_train_test\TT_33\TT_33_784.bmp,No
C:\Users\501\Desktop\train_test\G2_train_test\TT_33\TT_33_785.bmp,TT_33
C:\Users\501\Desktop\train_test\G2_train_test\TT_33\TT_33_786.bmp,TT_33
C:\Users\501\Desktop\train_test\G2_train_test\TT_33\TT_33_787.bmp,TT_33
C:\Users\501\Desktop\train_test\G2_train_test\TT_33\TT_33_788.bmp,TT_33
C:\Users\501\Desktop\train_test\G2_train_test\TT_33\TT_33_789.bmp,TT_33
C:\Users\501\Desktop\train_test\G2_train_test\TT_33\TT_33_79.bmp,TT_33
C:\Users\501\Desktop\train_test\G2_train_test\TT_33\TT_33_790.bmp,TT_30
C:\Users\501\Desktop\train_test\G2_train_test\TT_33\TT_33_791.bmp,TT_33
C:\Users\501\Desktop\train_test\G2_train_test\TT_33\TT_33_792.bmp,TT_33
C:\Users\501\Desktop\train_test\G2_train_test\TT_33\TT_33_793.bmp,No
C:\Users\501\Desktop\train_test\G2_train_test\TT_33\TT_33_794.bmp,TT_30
C:\Users\501\Desktop\train_test\G2_train_test\TT_33\TT_33_795.bmp,TT_33
C:\Users\501\Desktop\train_test\G2_train_test\TT_33\TT_33_796.bmp,TT_33
C:\Users\501\Desktop\train_test\G2_train_test\TT_33\TT_33_797.bmp,TT_33
C:\Users\501\Desktop\train_test\G2_train_test\TT_33\TT_33_798.bmp,TT_33
C:\Users\501\Desktop\train_test\G2_train_test\TT_33\TT_33_799.bmp,TT_33
C:\Users\501\Desktop\train_test\G2_train_test\TT_33\TT_33_8.bmp,TT_33
C:\Users\501\Desktop\train_test\G2_train_test\TT_33\TT_33_80.bmp,TT_33
C:\Users\501\Desktop\train_test\G2_train_test\TT_33\TT_33_800.bmp,TT_33
C:\Users\501\Desktop\train_test\G2_train_test\TT_33\TT_33_801.bmp,TT_33
C:\Users\501\Desktop\train_test\G2_train_test\TT_33\TT_33_802.bmp,No
C:\Users\501\Desktop\train_test\G2_train_test\TT_33\TT_33_803.bmp,TT_33
C:\Users\501\Desktop\train_test\G2_train_test\TT_33\TT_33_804.bmp,No
C:\Users\501\Desktop\train_test\G2_train_test\TT_33\TT_33_805.bmp,No
C:\Users\501\Desktop\train_test\G2_train_test\TT_33\TT_33_806.bmp,No
C:\Users\501\Desktop\train_test\G2_train_test\TT_33\TT_33_807.bmp,TT_33
C:\Users\501\Desktop\train_test\G2_train_test\TT_33\TT_33_808.bmp,TT_33
C:\Users\501\Desktop\train_test\G2_train_test\TT_33\TT_33_809.bmp,No
C:\Users\501\Desktop\train_test\G2_train_test\TT_33\TT_33_81.bmp,TT_33
C:\Users\501\Desktop\train_test\G2_train_test\TT_33\TT_33_810.bmp,TT_33
C:\Users\501\Desktop\train_test\G2_train_test\TT_33\TT_33_811.bmp,TT_33
C:\Users\501\Desktop\train_test\G2_train_test\TT_33\TT_33_812.bmp,No
C:\Users\501\Desktop\train_test\G2_train_test\TT_33\TT_33_813.bmp,TT_33
C:\Users\501\Desktop\train_test\G2_train_test\TT_33\TT_33_814.bmp,No
C:\Users\501\Desktop\train_test\G2_train_test\TT_33\TT_33_815.bmp,TT_33
C:\Users\501\Desktop\train_test\G2_train_test\TT_33\TT_33_816.bmp,TT_33
C:\Users\501\Desktop\train_test\G2_train_test\TT_33\TT_33_817.bmp,TT_33
C:\Users\501\Desktop\train_test\G2_train_test\TT_33\TT_33_818.bmp,TT_33
C:\Users\501\Desktop\train_test\G2_train_test\TT_33\TT_33_819.bmp,No
C:\Users\501\Desktop\train_test\G2_train_test\TT_33\TT_33_82.bmp,TT_33
C:\Users\501\Desktop\train_test\G2_train_test\TT_33\TT_33_820.bmp,TT_33
C:\Users\501\Desktop\train_test\G2_train_test\TT_33\TT_33_821.bmp,TT_33
C:\Users\501\Desktop\train_test\G2_train_test\TT_33\TT_33_822.bmp,TT_33
C:\Users\501\Desktop\train_test\G2_train_test\TT_33\TT_33_823.bmp,TT_33
C:\Users\501\Desktop\train_test\G2_train_test\TT_33\TT_33_824.bmp,TT_33
C:\Users\501\Desktop\train_test\G2_train_test\TT_33\TT_33_825.bmp,TT_33
C:\Users\501\Desktop\train_test\G2_train_test\TT_33\TT_33_826.bmp,TT_33
C:\Users\501\Desktop\train_test\G2_train_test\TT_33\TT_33_827.bmp,TT_33
C:\Users\501\Desktop\train_test\G2_train_test\TT_33\TT_33_828.bmp,TT_33
C:\Users\501\Desktop\train_test\G2_train_test\TT_33\TT_33_829.bmp,TT_33
C:\Users\501\Desktop\train_test\G2_train_test\TT_33\TT_33_83.bmp,TT_30
C:\Users\501\Desktop\train_test\G2_train_test\TT_33\TT_33_830.bmp,TT_33
C:\Users\501\Desktop\train_test\G2_train_test\TT_33\TT_33_831.bmp,TT_33
C:\Users\501\Desktop\train_test\G2_train_test\TT_33\TT_33_832.bmp,No
C:\Users\501\Desktop\train_test\G2_train_test\TT_33\TT_33_833.bmp,TT_33
C:\Users\501\Desktop\train_test\G2_train_test\TT_33\TT_33_834.bmp,TT_33
C:\Users\501\Desktop\train_test\G2_train_test\TT_33\TT_33_835.bmp,TT_33
C:\Users\501\Desktop\train_test\G2_train_test\TT_33\TT_33_836.bmp,TT_33
C:\Users\501\Desktop\train_test\G2_train_test\TT_33\TT_33_837.bmp,TT_33
C:\Users\501\Desktop\train_test\G2_train_test\TT_33\TT_33_838.bmp,TT_33
C:\Users\501\Desktop\train_test\G2_train_test\TT_33\TT_33_839.bmp,TT_33
C:\Users\501\Desktop\train_test\G2_train_test\TT_33\TT_33_84.bmp,TT_33
C:\Users\501\Desktop\train_test\G2_train_test\TT_33\TT_33_840.bmp,TT_33
C:\Users\501\Desktop\train_test\G2_train_test\TT_33\TT_33_841.bmp,TT_33
C:\Users\501\Desktop\train_test\G2_train_test\TT_33\TT_33_842.bmp,No
C:\Users\501\Desktop\train_test\G2_train_test\TT_33\TT_33_843.bmp,No
C:\Users\501\Desktop\train_test\G2_train_test\TT_33\TT_33_844.bmp,TT_33
C:\Users\501\Desktop\train_test\G2_train_test\TT_33\TT_33_845.bmp,TT_33
C:\Users\501\Desktop\train_test\G2_train_test\TT_33\TT_33_846.bmp,TT_33
C:\Users\501\Desktop\train_test\G2_train_test\TT_33\TT_33_847.bmp,TT_33
C:\Users\501\Desktop\train_test\G2_train_test\TT_33\TT_33_848.bmp,TT_33
C:\Users\501\Desktop\train_test\G2_train_test\TT_33\TT_33_849.bmp,TT_33
C:\Users\501\Desktop\train_test\G2_train_test\TT_33\TT_33_85.bmp,TT_33
C:\Users\501\Desktop\train_test\G2_train_test\TT_33\TT_33_850.bmp,TT_33
C:\Users\501\Desktop\train_test\G2_train_test\TT_33\TT_33_851.bmp,TT_33
C:\Users\501\Desktop\train_test\G2_train_test\TT_33\TT_33_852.bmp,TT_33
C:\Users\501\Desktop\train_test\G2_train_test\TT_33\TT_33_853.bmp,TT_33
C:\Users\501\Desktop\train_test\G2_train_test\TT_33\TT_33_854.bmp,TT_33
C:\Users\501\Desktop\train_test\G2_train_test\TT_33\TT_33_855.bmp,TT_33
C:\Users\501\Desktop\train_test\G2_train_test\TT_33\TT_33_856.bmp,TT_33
C:\Users\501\Desktop\train_test\G2_train_test\TT_33\TT_33_857.bmp,TT_33
C:\Users\501\Desktop\train_test\G2_train_test\TT_33\TT_33_858.bmp,TT_33
C:\Users\501\Desktop\train_test\G2_train_test\TT_33\TT_33_859.bmp,TT_33
C:\Users\501\Desktop\train_test\G2_train_test\TT_33\TT_33_86.bmp,TT_33
C:\Users\501\Desktop\train_test\G2_train_test\TT_33\TT_33_860.bmp,TT_33
C:\Users\501\Desktop\train_test\G2_train_test\TT_33\TT_33_861.bmp,TT_33
C:\Users\501\Desktop\train_test\G2_train_test\TT_33\TT_33_862.bmp,TT_33
C:\Users\501\Desktop\train_test\G2_train_test\TT_33\TT_33_863.bmp,TT_33
C:\Users\501\Desktop\train_test\G2_train_test\TT_33\TT_33_864.bmp,TT_33
C:\Users\501\Desktop\train_test\G2_train_test\TT_33\TT_33_865.bmp,No
C:\Users\501\Desktop\train_test\G2_train_test\TT_33\TT_33_866.bmp,TT_33
C:\Users\501\Desktop\train_test\G2_train_test\TT_33\TT_33_867.bmp,TT_33
C:\Users\501\Desktop\train_test\G2_train_test\TT_33\TT_33_868.bmp,TT_33
C:\Users\501\Desktop\train_test\G2_train_test\TT_33\TT_33_869.bmp,TT_33
C:\Users\501\Desktop\train_test\G2_train_test\TT_33\TT_33_87.bmp,TT_33
C:\Users\501\Desktop\train_test\G2_train_test\TT_33\TT_33_870.bmp,TT_33
C:\Users\501\Desktop\train_test\G2_train_test\TT_33\TT_33_871.bmp,TT_33
C:\Users\501\Desktop\train_test\G2_train_test\TT_33\TT_33_872.bmp,TT_33
C:\Users\501\Desktop\train_test\G2_train_test\TT_33\TT_33_873.bmp,TT_33
C:\Users\501\Desktop\train_test\G2_train_test\TT_33\TT_33_874.bmp,No
C:\Users\501\Desktop\train_test\G2_train_test\TT_33\TT_33_875.bmp,TT_33
C:\Users\501\Desktop\train_test\G2_train_test\TT_33\TT_33_876.bmp,TT_33
C:\Users\501\Desktop\train_test\G2_train_test\TT_33\TT_33_877.bmp,No
C:\Users\501\Desktop\train_test\G2_train_test\TT_33\TT_33_878.bmp,TT_33
C:\Users\501\Desktop\train_test\G2_train_test\TT_33\TT_33_879.bmp,TT_33
C:\Users\501\Desktop\train_test\G2_train_test\TT_33\TT_33_88.bmp,TT_33
C:\Users\501\Desktop\train_test\G2_train_test\TT_33\TT_33_880.bmp,TT_33
C:\Users\501\Desktop\train_test\G2_train_test\TT_33\TT_33_881.bmp,TT_33
C:\Users\501\Desktop\train_test\G2_train_test\TT_33\TT_33_882.bmp,No
C:\Users\501\Desktop\train_test\G2_train_test\TT_33\TT_33_883.bmp,TT_33
C:\Users\501\Desktop\train_test\G2_train_test\TT_33\TT_33_884.bmp,TT_33
C:\Users\501\Desktop\train_test\G2_train_test\TT_33\TT_33_885.bmp,TT_33
C:\Users\501\Desktop\train_test\G2_train_test\TT_33\TT_33_886.bmp,TT_33
C:\Users\501\Desktop\train_test\G2_train_test\TT_33\TT_33_887.bmp,TT_33
C:\Users\501\Desktop\train_test\G2_train_test\TT_33\TT_33_888.bmp,TT_33
C:\Users\501\Desktop\train_test\G2_train_test\TT_33\TT_33_889.bmp,TT_33
C:\Users\501\Desktop\train_test\G2_train_test\TT_33\TT_33_89.bmp,TT_33
C:\Users\501\Desktop\train_test\G2_train_test\TT_33\TT_33_890.bmp,No
C:\Users\501\Desktop\train_test\G2_train_test\TT_33\TT_33_891.bmp,TT_33
C:\Users\501\Desktop\train_test\G2_train_test\TT_33\TT_33_892.bmp,TT_33
C:\Users\501\Desktop\train_test\G2_train_test\TT_33\TT_33_893.bmp,No
C:\Users\501\Desktop\train_test\G2_train_test\TT_33\TT_33_894.bmp,TT_33
C:\Users\501\Desktop\train_test\G2_train_test\TT_33\TT_33_895.bmp,TT_33
C:\Users\501\Desktop\train_test\G2_train_test\TT_33\TT_33_896.bmp,TT_33
C:\Users\501\Desktop\train_test\G2_train_test\TT_33\TT_33_897.bmp,No
C:\Users\501\Desktop\train_test\G2_train_test\TT_33\TT_33_898.bmp,TT_33
C:\Users\501\Desktop\train_test\G2_train_test\TT_33\TT_33_899.bmp,TT_33
C:\Users\501\Desktop\train_test\G2_train_test\TT_33\TT_33_9.bmp,TT_33
C:\Users\501\Desktop\train_test\G2_train_test\TT_33\TT_33_90.bmp,TT_33
C:\Users\501\Desktop\train_test\G2_train_test\TT_33\TT_33_900.bmp,No
C:\Users\501\Desktop\train_test\G2_train_test\TT_33\TT_33_901.bmp,TT_33
C:\Users\501\Desktop\train_test\G2_train_test\TT_33\TT_33_902.bmp,TT_33
C:\Users\501\Desktop\train_test\G2_train_test\TT_33\TT_33_903.bmp,TT_33
C:\Users\501\Desktop\train_test\G2_train_test\TT_33\TT_33_904.bmp,TT_33
C:\Users\501\Desktop\train_test\G2_train_test\TT_33\TT_33_905.bmp,TT_33
C:\Users\501\Desktop\train_test\G2_train_test\TT_33\TT_33_906.bmp,TT_33
C:\Users\501\Desktop\train_test\G2_train_test\TT_33\TT_33_907.bmp,TT_33
C:\Users\501\Desktop\train_test\G2_train_test\TT_33\TT_33_908.bmp,No
C:\Users\501\Desktop\train_test\G2_train_test\TT_33\TT_33_909.bmp,TT_33
C:\Users\501\Desktop\train_test\G2_train_test\TT_33\TT_33_91.bmp,TT_33
C:\Users\501\Desktop\train_test\G2_train_test\TT_33\TT_33_910.bmp,TT_33
C:\Users\501\Desktop\train_test\G2_train_test\TT_33\TT_33_911.bmp,TT_33
C:\Users\501\Desktop\train_test\G2_train_test\TT_33\TT_33_912.bmp,TT_33
C:\Users\501\Desktop\train_test\G2_train_test\TT_33\TT_33_913.bmp,TT_33
C:\Users\501\Desktop\train_test\G2_train_test\TT_33\TT_33_914.bmp,TT_33
C:\Users\501\Desktop\train_test\G2_train_test\TT_33\TT_33_915.bmp,TT_33
C:\Users\501\Desktop\train_test\G2_train_test\TT_33\TT_33_916.bmp,TT_33
C:\Users\501\Desktop\train_test\G2_train_test\TT_33\TT_33_917.bmp,TT_33
C:\Users\501\Desktop\train_test\G2_train_test\TT_33\TT_33_918.bmp,TT_33
C:\Users\501\Desktop\train_test\G2_train_test\TT_33\TT_33_919.bmp,TT_33
C:\Users\501\Desktop\train_test\G2_train_test\TT_33\TT_33_92.bmp,TT_33
C:\Users\501\Desktop\train_test\G2_train_test\TT_33\TT_33_920.bmp,TT_33
C:\Users\501\Desktop\train_test\G2_train_test\TT_33\TT_33_921.bmp,TT_33
C:\Users\501\Desktop\train_test\G2_train_test\TT_33\TT_33_922.bmp,TT_33
C:\Users\501\Desktop\train_test\G2_train_test\TT_33\TT_33_923.bmp,TT_33
C:\Users\501\Desktop\train_test\G2_train_test\TT_33\TT_33_924.bmp,TT_33
C:\Users\501\Desktop\train_test\G2_train_test\TT_33\TT_33_925.bmp,TT_33
C:\Users\501\Desktop\train_test\G2_train_test\TT_33\TT_33_926.bmp,TT_33
C:\Users\501\Desktop\train_test\G2_train_test\TT_33\TT_33_927.bmp,TT_33
C:\Users\501\Desktop\train_test\G2_train_test\TT_33\TT_33_928.bmp,TT_33
C:\Users\501\Desktop\train_test\G2_train_test\TT_33\TT_33_929.bmp,TT_33
C:\Users\501\Desktop\train_test\G2_train_test\TT_33\TT_33_93.bmp,TT_33
C:\Users\501\Desktop\train_test\G2_train_test\TT_33\TT_33_930.bmp,TT_33
C:\Users\501\Desktop\train_test\G2_train_test\TT_33\TT_33_931.bmp,TT_33
C:\Users\501\Desktop\train_test\G2_train_test\TT_33\TT_33_932.bmp,TT_33
C:\Users\501\Desktop\train_test\G2_train_test\TT_33\TT_33_933.bmp,TT_33
C:\Users\501\Desktop\train_test\G2_train_test\TT_33\TT_33_934.bmp,TT_33
C:\Users\501\Desktop\train_test\G2_train_test\TT_33\TT_33_935.bmp,TT_33
C:\Users\501\Desktop\train_test\G2_train_test\TT_33\TT_33_936.bmp,TT_33
C:\Users\501\Desktop\train_test\G2_train_test\TT_33\TT_33_937.bmp,TT_33
C:\Users\501\Desktop\train_test\G2_train_test\TT_33\TT_33_938.bmp,TT_33
C:\Users\501\Desktop\train_test\G2_train_test\TT_33\TT_33_939.bmp,TT_33
C:\Users\501\Desktop\train_test\G2_train_test\TT_33\TT_33_94.bmp,TT_33
C:\Users\501\Desktop\train_test\G2_train_test\TT_33\TT_33_940.bmp,No
C:\Users\501\Desktop\train_test\G2_train_test\TT_33\TT_33_941.bmp,TT_33
C:\Users\501\Desktop\train_test\G2_train_test\TT_33\TT_33_942.bmp,TT_33
C:\Users\501\Desktop\train_test\G2_train_test\TT_33\TT_33_943.bmp,TT_33
C:\Users\501\Desktop\train_test\G2_train_test\TT_33\TT_33_944.bmp,No
C:\Users\501\Desktop\train_test\G2_train_test\TT_33\TT_33_945.bmp,TT_30
C:\Users\501\Desktop\train_test\G2_train_test\TT_33\TT_33_946.bmp,TT_33
C:\Users\501\Desktop\train_test\G2_train_test\TT_33\TT_33_947.bmp,TT_33
C:\Users\501\Desktop\train_test\G2_train_test\TT_33\TT_33_948.bmp,TT_33
C:\Users\501\Desktop\train_test\G2_train_test\TT_33\TT_33_949.bmp,TT_33
C:\Users\501\Desktop\train_test\G2_train_test\TT_33\TT_33_95.bmp,TT_33
C:\Users\501\Desktop\train_test\G2_train_test\TT_33\TT_33_950.bmp,TT_33
C:\Users\501\Desktop\train_test\G2_train_test\TT_33\TT_33_951.bmp,TT_33
C:\Users\501\Desktop\train_test\G2_train_test\TT_33\TT_33_952.bmp,TT_33
C:\Users\501\Desktop\train_test\G2_train_test\TT_33\TT_33_953.bmp,TT_33
C:\Users\501\Desktop\train_test\G2_train_test\TT_33\TT_33_954.bmp,No
C:\Users\501\Desktop\train_test\G2_train_test\TT_33\TT_33_955.bmp,TT_33
C:\Users\501\Desktop\train_test\G2_train_test\TT_33\TT_33_956.bmp,TT_33
C:\Users\501\Desktop\train_test\G2_train_test\TT_33\TT_33_957.bmp,TT_33
C:\Users\501\Desktop\train_test\G2_train_test\TT_33\TT_33_958.bmp,No
C:\Users\501\Desktop\train_test\G2_train_test\TT_33\TT_33_959.bmp,TT_33
C:\Users\501\Desktop\train_test\G2_train_test\TT_33\TT_33_96.bmp,TT_33
C:\Users\501\Desktop\train_test\G2_train_test\TT_33\TT_33_960.bmp,TT_33
C:\Users\501\Desktop\train_test\G2_train_test\TT_33\TT_33_961.bmp,TT_33
C:\Users\501\Desktop\train_test\G2_train_test\TT_33\TT_33_962.bmp,TT_33
C:\Users\501\Desktop\train_test\G2_train_test\TT_33\TT_33_963.bmp,TT_33
C:\Users\501\Desktop\train_test\G2_train_test\TT_33\TT_33_964.bmp,TT_33
C:\Users\501\Desktop\train_test\G2_train_test\TT_33\TT_33_965.bmp,TT_33
C:\Users\501\Desktop\train_test\G2_train_test\TT_33\TT_33_966.bmp,TT_33
C:\Users\501\Desktop\train_test\G2_train_test\TT_33\TT_33_967.bmp,TT_33
C:\Users\501\Desktop\train_test\G2_train_test\TT_33\TT_33_968.bmp,TT_33
C:\Users\501\Desktop\train_test\G2_train_test\TT_33\TT_33_969.bmp,TT_33
C:\Users\501\Desktop\train_test\G2_train_test\TT_33\TT_33_97.bmp,TT_33
C:\Users\501\Desktop\train_test\G2_train_test\TT_33\TT_33_970.bmp,TT_33
C:\Users\501\Desktop\train_test\G2_train_test\TT_33\TT_33_971.bmp,TT_33
C:\Users\501\Desktop\train_test\G2_train_test\TT_33\TT_33_972.bmp,TT_33
C:\Users\501\Desktop\train_test\G2_train_test\TT_33\TT_33_973.bmp,No
C:\Users\501\Desktop\train_test\G2_train_test\TT_33\TT_33_974.bmp,TT_33
C:\Users\501\Desktop\train_test\G2_train_test\TT_33\TT_33_975.bmp,TT_33
C:\Users\501\Desktop\train_test\G2_train_test\TT_33\TT_33_976.bmp,TT_33
C:\Users\501\Desktop\train_test\G2_train_test\TT_33\TT_33_977.bmp,TT_33
C:\Users\501\Desktop\train_test\G2_train_test\TT_33\TT_33_978.bmp,No
C:\Users\501\Desktop\train_test\G2_train_test\TT_33\TT_33_979.bmp,TT_33
C:\Users\501\Desktop\train_test\G2_train_test\TT_33\TT_33_98.bmp,TT_33
C:\Users\501\Desktop\train_test\G2_train_test\TT_33\TT_33_980.bmp,TT_33
C:\Users\501\Desktop\train_test\G2_train_test\TT_33\TT_33_981.bmp,TT_33
C:\Users\501\Desktop\train_test\G2_train_test\TT_33\TT_33_982.bmp,TT_33
C:\Users\501\Desktop\train_test\G2_train_test\TT_33\TT_33_983.bmp,TT_33
C:\Users\501\Desktop\train_test\G2_train_test\TT_33\TT_33_984.bmp,TT_33
C:\Users\501\Desktop\train_test\G2_train_test\TT_33\TT_33_985.bmp,TT_33
C:\Users\501\Desktop\train_test\G2_train_test\TT_33\TT_33_986.bmp,TT_33
C:\Users\501\Desktop\train_test\G2_train_test\TT_33\TT_33_987.bmp,TT_33
C:\Users\501\Desktop\train_test\G2_train_test\TT_33\TT_33_988.bmp,TT_33
C:\Users\501\Desktop\train_test\G2_train_test\TT_33\TT_33_989.bmp,TT_33
C:\Users\501\Desktop\train_test\G2_train_test\TT_33\TT_33_99.bmp,TT_33
C:\Users\501\Desktop\train_test\G2_train_test\TT_33\TT_33_990.bmp,TT_33
C:\Users\501\Desktop\train_test\G2_train_test\TT_33\TT_33_991.bmp,TT_33
C:\Users\501\Desktop\train_test\G2_train_test\TT_33\TT_33_992.bmp,TT_33
C:\Users\501\Desktop\train_test\G2_train_test\TT_33\TT_33_993.bmp,TT_33
C:\Users\501\Desktop\train_test\G2_train_test\TT_33\TT_33_994.bmp,TT_33
C:\Users\501\Desktop\train_test\G2_train_test\TT_33\TT_33_995.bmp,TT_33
C:\Users\501\Desktop\train_test\G2_train_test\TT_33\TT_33_996.bmp,TT_33
C:\Users\501\Desktop\train_test\G2_train_test\TT_33\TT_33_997.bmp,TT_33
C:\Users\501\Desktop\train_test\G2_train_test\TT_33\TT_33_998.bmp,TT_33
C:\Users\501\Desktop\train_test\G2_train_test\TT_33\TT_33_999.bmp,TT_33


TT_33,1000,Accurate: 88.3 %
KH_139,KH_145,KH_147,TT_30,TT_33,TY_3,No
0,0,8,8,883,0,101
