C:\Users\501\Desktop\train_test\G2_train_test\TY_3\TY_3_1.bmp,TY_3
C:\Users\501\Desktop\train_test\G2_train_test\TY_3\TY_3_10.bmp,TY_3
C:\Users\501\Desktop\train_test\G2_train_test\TY_3\TY_3_100.bmp,TY_3
C:\Users\501\Desktop\train_test\G2_train_test\TY_3\TY_3_1000.bmp,TY_3
C:\Users\501\Desktop\train_test\G2_train_test\TY_3\TY_3_101.bmp,TY_3
C:\Users\501\Desktop\train_test\G2_train_test\TY_3\TY_3_102.bmp,TY_3
C:\Users\501\Desktop\train_test\G2_train_test\TY_3\TY_3_103.bmp,TY_3
C:\Users\501\Desktop\train_test\G2_train_test\TY_3\TY_3_104.bmp,TY_3
C:\Users\501\Desktop\train_test\G2_train_test\TY_3\TY_3_105.bmp,TY_3
C:\Users\501\Desktop\train_test\G2_train_test\TY_3\TY_3_106.bmp,TY_3
C:\Users\501\Desktop\train_test\G2_train_test\TY_3\TY_3_107.bmp,TY_3
C:\Users\501\Desktop\train_test\G2_train_test\TY_3\TY_3_108.bmp,TY_3
C:\Users\501\Desktop\train_test\G2_train_test\TY_3\TY_3_109.bmp,TY_3
C:\Users\501\Desktop\train_test\G2_train_test\TY_3\TY_3_11.bmp,TY_3
C:\Users\501\Desktop\train_test\G2_train_test\TY_3\TY_3_110.bmp,TY_3
C:\Users\501\Desktop\train_test\G2_train_test\TY_3\TY_3_111.bmp,TY_3
C:\Users\501\Desktop\train_test\G2_train_test\TY_3\TY_3_112.bmp,TY_3
C:\Users\501\Desktop\train_test\G2_train_test\TY_3\TY_3_113.bmp,TY_3
C:\Users\501\Desktop\train_test\G2_train_test\TY_3\TY_3_114.bmp,TY_3
C:\Users\501\Desktop\train_test\G2_train_test\TY_3\TY_3_115.bmp,TY_3
C:\Users\501\Desktop\train_test\G2_train_test\TY_3\TY_3_116.bmp,TY_3
C:\Users\501\Desktop\train_test\G2_train_test\TY_3\TY_3_117.bmp,TY_3
C:\Users\501\Desktop\train_test\G2_train_test\TY_3\TY_3_118.bmp,TY_3
C:\Users\501\Desktop\train_test\G2_train_test\TY_3\TY_3_119.bmp,TY_3
C:\Users\501\Desktop\train_test\G2_train_test\TY_3\TY_3_12.bmp,TY_3
C:\Users\501\Desktop\train_test\G2_train_test\TY_3\TY_3_120.bmp,TY_3
C:\Users\501\Desktop\train_test\G2_train_test\TY_3\TY_3_121.bmp,TY_3
C:\Users\501\Desktop\train_test\G2_train_test\TY_3\TY_3_122.bmp,No
C:\Users\501\Desktop\train_test\G2_train_test\TY_3\TY_3_123.bmp,TY_3
C:\Users\501\Desktop\train_test\G2_train_test\TY_3\TY_3_124.bmp,TY_3
C:\Users\501\Desktop\train_test\G2_train_test\TY_3\TY_3_125.bmp,TY_3
C:\Users\501\Desktop\train_test\G2_train_test\TY_3\TY_3_126.bmp,TY_3
C:\Users\501\Desktop\train_test\G2_train_test\TY_3\TY_3_127.bmp,KH_147
C:\Users\501\Desktop\train_test\G2_train_test\TY_3\TY_3_128.bmp,TY_3
C:\Users\501\Desktop\train_test\G2_train_test\TY_3\TY_3_129.bmp,TY_3
C:\Users\501\Desktop\train_test\G2_train_test\TY_3\TY_3_13.bmp,TY_3
C:\Users\501\Desktop\train_test\G2_train_test\TY_3\TY_3_130.bmp,TY_3
C:\Users\501\Desktop\train_test\G2_train_test\TY_3\TY_3_131.bmp,TY_3
C:\Users\501\Desktop\train_test\G2_train_test\TY_3\TY_3_132.bmp,TY_3
C:\Users\501\Desktop\train_test\G2_train_test\TY_3\TY_3_133.bmp,TY_3
C:\Users\501\Desktop\train_test\G2_train_test\TY_3\TY_3_134.bmp,TY_3
C:\Users\501\Desktop\train_test\G2_train_test\TY_3\TY_3_135.bmp,TY_3
C:\Users\501\Desktop\train_test\G2_train_test\TY_3\TY_3_136.bmp,TY_3
C:\Users\501\Desktop\train_test\G2_train_test\TY_3\TY_3_137.bmp,TY_3
C:\Users\501\Desktop\train_test\G2_train_test\TY_3\TY_3_138.bmp,TY_3
C:\Users\501\Desktop\train_test\G2_train_test\TY_3\TY_3_139.bmp,TY_3
C:\Users\501\Desktop\train_test\G2_train_test\TY_3\TY_3_14.bmp,TY_3
C:\Users\501\Desktop\train_test\G2_train_test\TY_3\TY_3_140.bmp,TY_3
C:\Users\501\Desktop\train_test\G2_train_test\TY_3\TY_3_141.bmp,TY_3
C:\Users\501\Desktop\train_test\G2_train_test\TY_3\TY_3_142.bmp,TY_3
C:\Users\501\Desktop\train_test\G2_train_test\TY_3\TY_3_143.bmp,TY_3
C:\Users\501\Desktop\train_test\G2_train_test\TY_3\TY_3_144.bmp,TY_3
C:\Users\501\Desktop\train_test\G2_train_test\TY_3\TY_3_145.bmp,TY_3
C:\Users\501\Desktop\train_test\G2_train_test\TY_3\TY_3_146.bmp,TY_3
C:\Users\501\Desktop\train_test\G2_train_test\TY_3\TY_3_147.bmp,TY_3
C:\Users\501\Desktop\train_test\G2_train_test\TY_3\TY_3_148.bmp,TY_3
C:\Users\501\Desktop\train_test\G2_train_test\TY_3\TY_3_149.bmp,TY_3
C:\Users\501\Desktop\train_test\G2_train_test\TY_3\TY_3_15.bmp,TY_3
C:\Users\501\Desktop\train_test\G2_train_test\TY_3\TY_3_150.bmp,TY_3
C:\Users\501\Desktop\train_test\G2_train_test\TY_3\TY_3_151.bmp,TY_3
C:\Users\501\Desktop\train_test\G2_train_test\TY_3\TY_3_152.bmp,TY_3
C:\Users\501\Desktop\train_test\G2_train_test\TY_3\TY_3_153.bmp,TY_3
C:\Users\501\Desktop\train_test\G2_train_test\TY_3\TY_3_154.bmp,TY_3
C:\Users\501\Desktop\train_test\G2_train_test\TY_3\TY_3_155.bmp,TY_3
C:\Users\501\Desktop\train_test\G2_train_test\TY_3\TY_3_156.bmp,TY_3
C:\Users\501\Desktop\train_test\G2_train_test\TY_3\TY_3_157.bmp,TY_3
C:\Users\501\Desktop\train_test\G2_train_test\TY_3\TY_3_158.bmp,TY_3
C:\Users\501\Desktop\train_test\G2_train_test\TY_3\TY_3_159.bmp,TY_3
C:\Users\501\Desktop\train_test\G2_train_test\TY_3\TY_3_16.bmp,TY_3
C:\Users\501\Desktop\train_test\G2_train_test\TY_3\TY_3_160.bmp,TY_3
C:\Users\501\Desktop\train_test\G2_train_test\TY_3\TY_3_161.bmp,TY_3
C:\Users\501\Desktop\train_test\G2_train_test\TY_3\TY_3_162.bmp,TY_3
C:\Users\501\Desktop\train_test\G2_train_test\TY_3\TY_3_163.bmp,TY_3
C:\Users\501\Desktop\train_test\G2_train_test\TY_3\TY_3_164.bmp,TY_3
C:\Users\501\Desktop\train_test\G2_train_test\TY_3\TY_3_165.bmp,TY_3
C:\Users\501\Desktop\train_test\G2_train_test\TY_3\TY_3_166.bmp,TY_3
C:\Users\501\Desktop\train_test\G2_train_test\TY_3\TY_3_167.bmp,TY_3
C:\Users\501\Desktop\train_test\G2_train_test\TY_3\TY_3_168.bmp,TY_3
C:\Users\501\Desktop\train_test\G2_train_test\TY_3\TY_3_169.bmp,TY_3
C:\Users\501\Desktop\train_test\G2_train_test\TY_3\TY_3_17.bmp,TY_3
C:\Users\501\Desktop\train_test\G2_train_test\TY_3\TY_3_170.bmp,TY_3
C:\Users\501\Desktop\train_test\G2_train_test\TY_3\TY_3_171.bmp,TY_3
C:\Users\501\Desktop\train_test\G2_train_test\TY_3\TY_3_172.bmp,TY_3
C:\Users\501\Desktop\train_test\G2_train_test\TY_3\TY_3_173.bmp,TY_3
C:\Users\501\Desktop\train_test\G2_train_test\TY_3\TY_3_174.bmp,TY_3
C:\Users\501\Desktop\train_test\G2_train_test\TY_3\TY_3_175.bmp,TY_3
C:\Users\501\Desktop\train_test\G2_train_test\TY_3\TY_3_176.bmp,TY_3
C:\Users\501\Desktop\train_test\G2_train_test\TY_3\TY_3_177.bmp,TY_3
C:\Users\501\Desktop\train_test\G2_train_test\TY_3\TY_3_178.bmp,TY_3
C:\Users\501\Desktop\train_test\G2_train_test\TY_3\TY_3_179.bmp,TY_3
C:\Users\501\Desktop\train_test\G2_train_test\TY_3\TY_3_18.bmp,TY_3
C:\Users\501\Desktop\train_test\G2_train_test\TY_3\TY_3_180.bmp,TY_3
C:\Users\501\Desktop\train_test\G2_train_test\TY_3\TY_3_181.bmp,TY_3
C:\Users\501\Desktop\train_test\G2_train_test\TY_3\TY_3_182.bmp,TY_3
C:\Users\501\Desktop\train_test\G2_train_test\TY_3\TY_3_183.bmp,TY_3
C:\Users\501\Desktop\train_test\G2_train_test\TY_3\TY_3_184.bmp,TY_3
C:\Users\501\Desktop\train_test\G2_train_test\TY_3\TY_3_185.bmp,TY_3
C:\Users\501\Desktop\train_test\G2_train_test\TY_3\TY_3_186.bmp,TY_3
C:\Users\501\Desktop\train_test\G2_train_test\TY_3\TY_3_187.bmp,TY_3
C:\Users\501\Desktop\train_test\G2_train_test\TY_3\TY_3_188.bmp,TY_3
C:\Users\501\Desktop\train_test\G2_train_test\TY_3\TY_3_189.bmp,TY_3
C:\Users\501\Desktop\train_test\G2_train_test\TY_3\TY_3_19.bmp,TY_3
C:\Users\501\Desktop\train_test\G2_train_test\TY_3\TY_3_190.bmp,TY_3
C:\Users\501\Desktop\train_test\G2_train_test\TY_3\TY_3_191.bmp,TY_3
C:\Users\501\Desktop\train_test\G2_train_test\TY_3\TY_3_192.bmp,TY_3
C:\Users\501\Desktop\train_test\G2_train_test\TY_3\TY_3_193.bmp,TY_3
C:\Users\501\Desktop\train_test\G2_train_test\TY_3\TY_3_194.bmp,TY_3
C:\Users\501\Desktop\train_test\G2_train_test\TY_3\TY_3_195.bmp,TY_3
C:\Users\501\Desktop\train_test\G2_train_test\TY_3\TY_3_196.bmp,TY_3
C:\Users\501\Desktop\train_test\G2_train_test\TY_3\TY_3_197.bmp,TY_3
C:\Users\501\Desktop\train_test\G2_train_test\TY_3\TY_3_198.bmp,TY_3
C:\Users\501\Desktop\train_test\G2_train_test\TY_3\TY_3_199.bmp,TY_3
C:\Users\501\Desktop\train_test\G2_train_test\TY_3\TY_3_2.bmp,TY_3
C:\Users\501\Desktop\train_test\G2_train_test\TY_3\TY_3_20.bmp,TY_3
C:\Users\501\Desktop\train_test\G2_train_test\TY_3\TY_3_200.bmp,TY_3
C:\Users\501\Desktop\train_test\G2_train_test\TY_3\TY_3_201.bmp,TY_3
C:\Users\501\Desktop\train_test\G2_train_test\TY_3\TY_3_202.bmp,TY_3
C:\Users\501\Desktop\train_test\G2_train_test\TY_3\TY_3_203.bmp,TY_3
C:\Users\501\Desktop\train_test\G2_train_test\TY_3\TY_3_204.bmp,TY_3
C:\Users\501\Desktop\train_test\G2_train_test\TY_3\TY_3_205.bmp,TY_3
C:\Users\501\Desktop\train_test\G2_train_test\TY_3\TY_3_206.bmp,TY_3
C:\Users\501\Desktop\train_test\G2_train_test\TY_3\TY_3_207.bmp,TY_3
C:\Users\501\Desktop\train_test\G2_train_test\TY_3\TY_3_208.bmp,TY_3
C:\Users\501\Desktop\train_test\G2_train_test\TY_3\TY_3_209.bmp,TY_3
C:\Users\501\Desktop\train_test\G2_train_test\TY_3\TY_3_21.bmp,TY_3
C:\Users\501\Desktop\train_test\G2_train_test\TY_3\TY_3_210.bmp,TY_3
C:\Users\501\Desktop\train_test\G2_train_test\TY_3\TY_3_211.bmp,TY_3
C:\Users\501\Desktop\train_test\G2_train_test\TY_3\TY_3_212.bmp,TY_3
C:\Users\501\Desktop\train_test\G2_train_test\TY_3\TY_3_213.bmp,TY_3
C:\Users\501\Desktop\train_test\G2_train_test\TY_3\TY_3_214.bmp,TY_3
C:\Users\501\Desktop\train_test\G2_train_test\TY_3\TY_3_215.bmp,TY_3
C:\Users\501\Desktop\train_test\G2_train_test\TY_3\TY_3_216.bmp,TY_3
C:\Users\501\Desktop\train_test\G2_train_test\TY_3\TY_3_217.bmp,TY_3
C:\Users\501\Desktop\train_test\G2_train_test\TY_3\TY_3_218.bmp,TY_3
C:\Users\501\Desktop\train_test\G2_train_test\TY_3\TY_3_219.bmp,TY_3
C:\Users\501\Desktop\train_test\G2_train_test\TY_3\TY_3_22.bmp,TY_3
C:\Users\501\Desktop\train_test\G2_train_test\TY_3\TY_3_220.bmp,TY_3
C:\Users\501\Desktop\train_test\G2_train_test\TY_3\TY_3_221.bmp,TY_3
C:\Users\501\Desktop\train_test\G2_train_test\TY_3\TY_3_222.bmp,TY_3
C:\Users\501\Desktop\train_test\G2_train_test\TY_3\TY_3_223.bmp,TY_3
C:\Users\501\Desktop\train_test\G2_train_test\TY_3\TY_3_224.bmp,TY_3
C:\Users\501\Desktop\train_test\G2_train_test\TY_3\TY_3_225.bmp,TY_3
C:\Users\501\Desktop\train_test\G2_train_test\TY_3\TY_3_226.bmp,TY_3
C:\Users\501\Desktop\train_test\G2_train_test\TY_3\TY_3_227.bmp,TY_3
C:\Users\501\Desktop\train_test\G2_train_test\TY_3\TY_3_228.bmp,TY_3
C:\Users\501\Desktop\train_test\G2_train_test\TY_3\TY_3_229.bmp,TY_3
C:\Users\501\Desktop\train_test\G2_train_test\TY_3\TY_3_23.bmp,TY_3
C:\Users\501\Desktop\train_test\G2_train_test\TY_3\TY_3_230.bmp,TY_3
C:\Users\501\Desktop\train_test\G2_train_test\TY_3\TY_3_231.bmp,TY_3
C:\Users\501\Desktop\train_test\G2_train_test\TY_3\TY_3_232.bmp,TY_3
C:\Users\501\Desktop\train_test\G2_train_test\TY_3\TY_3_233.bmp,TY_3
C:\Users\501\Desktop\train_test\G2_train_test\TY_3\TY_3_234.bmp,TY_3
C:\Users\501\Desktop\train_test\G2_train_test\TY_3\TY_3_235.bmp,TY_3
C:\Users\501\Desktop\train_test\G2_train_test\TY_3\TY_3_236.bmp,TY_3
C:\Users\501\Desktop\train_test\G2_train_test\TY_3\TY_3_237.bmp,TY_3
C:\Users\501\Desktop\train_test\G2_train_test\TY_3\TY_3_238.bmp,TY_3
C:\Users\501\Desktop\train_test\G2_train_test\TY_3\TY_3_239.bmp,TY_3
C:\Users\501\Desktop\train_test\G2_train_test\TY_3\TY_3_24.bmp,TY_3
C:\Users\501\Desktop\train_test\G2_train_test\TY_3\TY_3_240.bmp,TY_3
C:\Users\501\Desktop\train_test\G2_train_test\TY_3\TY_3_241.bmp,TY_3
C:\Users\501\Desktop\train_test\G2_train_test\TY_3\TY_3_242.bmp,TY_3
C:\Users\501\Desktop\train_test\G2_train_test\TY_3\TY_3_243.bmp,TY_3
C:\Users\501\Desktop\train_test\G2_train_test\TY_3\TY_3_244.bmp,TY_3
C:\Users\501\Desktop\train_test\G2_train_test\TY_3\TY_3_245.bmp,TY_3
C:\Users\501\Desktop\train_test\G2_train_test\TY_3\TY_3_246.bmp,TY_3
C:\Users\501\Desktop\train_test\G2_train_test\TY_3\TY_3_247.bmp,TY_3
C:\Users\501\Desktop\train_test\G2_train_test\TY_3\TY_3_248.bmp,TY_3
C:\Users\501\Desktop\train_test\G2_train_test\TY_3\TY_3_249.bmp,TY_3
C:\Users\501\Desktop\train_test\G2_train_test\TY_3\TY_3_25.bmp,TY_3
C:\Users\501\Desktop\train_test\G2_train_test\TY_3\TY_3_250.bmp,TY_3
C:\Users\501\Desktop\train_test\G2_train_test\TY_3\TY_3_251.bmp,TY_3
C:\Users\501\Desktop\train_test\G2_train_test\TY_3\TY_3_252.bmp,TY_3
C:\Users\501\Desktop\train_test\G2_train_test\TY_3\TY_3_253.bmp,TY_3
C:\Users\501\Desktop\train_test\G2_train_test\TY_3\TY_3_254.bmp,TY_3
C:\Users\501\Desktop\train_test\G2_train_test\TY_3\TY_3_255.bmp,TY_3
C:\Users\501\Desktop\train_test\G2_train_test\TY_3\TY_3_256.bmp,TY_3
C:\Users\501\Desktop\train_test\G2_train_test\TY_3\TY_3_257.bmp,TY_3
C:\Users\501\Desktop\train_test\G2_train_test\TY_3\TY_3_258.bmp,TY_3
C:\Users\501\Desktop\train_test\G2_train_test\TY_3\TY_3_259.bmp,TY_3
C:\Users\501\Desktop\train_test\G2_train_test\TY_3\TY_3_26.bmp,TY_3
C:\Users\501\Desktop\train_test\G2_train_test\TY_3\TY_3_260.bmp,TY_3
C:\Users\501\Desktop\train_test\G2_train_test\TY_3\TY_3_261.bmp,TY_3
C:\Users\501\Desktop\train_test\G2_train_test\TY_3\TY_3_262.bmp,TY_3
C:\Users\501\Desktop\train_test\G2_train_test\TY_3\TY_3_263.bmp,TY_3
C:\Users\501\Desktop\train_test\G2_train_test\TY_3\TY_3_264.bmp,TY_3
C:\Users\501\Desktop\train_test\G2_train_test\TY_3\TY_3_265.bmp,TY_3
C:\Users\501\Desktop\train_test\G2_train_test\TY_3\TY_3_266.bmp,TY_3
C:\Users\501\Desktop\train_test\G2_train_test\TY_3\TY_3_267.bmp,TY_3
C:\Users\501\Desktop\train_test\G2_train_test\TY_3\TY_3_268.bmp,TY_3
C:\Users\501\Desktop\train_test\G2_train_test\TY_3\TY_3_269.bmp,TY_3
C:\Users\501\Desktop\train_test\G2_train_test\TY_3\TY_3_27.bmp,TY_3
C:\Users\501\Desktop\train_test\G2_train_test\TY_3\TY_3_270.bmp,TY_3
C:\Users\501\Desktop\train_test\G2_train_test\TY_3\TY_3_271.bmp,TY_3
C:\Users\501\Desktop\train_test\G2_train_test\TY_3\TY_3_272.bmp,TY_3
C:\Users\501\Desktop\train_test\G2_train_test\TY_3\TY_3_273.bmp,TY_3
C:\Users\501\Desktop\train_test\G2_train_test\TY_3\TY_3_274.bmp,TY_3
C:\Users\501\Desktop\train_test\G2_train_test\TY_3\TY_3_275.bmp,TY_3
C:\Users\501\Desktop\train_test\G2_train_test\TY_3\TY_3_276.bmp,TY_3
C:\Users\501\Desktop\train_test\G2_train_test\TY_3\TY_3_277.bmp,TY_3
C:\Users\501\Desktop\train_test\G2_train_test\TY_3\TY_3_278.bmp,TY_3
C:\Users\501\Desktop\train_test\G2_train_test\TY_3\TY_3_279.bmp,TY_3
C:\Users\501\Desktop\train_test\G2_train_test\TY_3\TY_3_28.bmp,TY_3
C:\Users\501\Desktop\train_test\G2_train_test\TY_3\TY_3_280.bmp,KH_147
C:\Users\501\Desktop\train_test\G2_train_test\TY_3\TY_3_281.bmp,TY_3
C:\Users\501\Desktop\train_test\G2_train_test\TY_3\TY_3_282.bmp,TY_3
C:\Users\501\Desktop\train_test\G2_train_test\TY_3\TY_3_283.bmp,TY_3
C:\Users\501\Desktop\train_test\G2_train_test\TY_3\TY_3_284.bmp,TY_3
C:\Users\501\Desktop\train_test\G2_train_test\TY_3\TY_3_285.bmp,TY_3
C:\Users\501\Desktop\train_test\G2_train_test\TY_3\TY_3_286.bmp,TY_3
C:\Users\501\Desktop\train_test\G2_train_test\TY_3\TY_3_287.bmp,TY_3
C:\Users\501\Desktop\train_test\G2_train_test\TY_3\TY_3_288.bmp,TY_3
C:\Users\501\Desktop\train_test\G2_train_test\TY_3\TY_3_289.bmp,TY_3
C:\Users\501\Desktop\train_test\G2_train_test\TY_3\TY_3_29.bmp,TY_3
C:\Users\501\Desktop\train_test\G2_train_test\TY_3\TY_3_290.bmp,TY_3
C:\Users\501\Desktop\train_test\G2_train_test\TY_3\TY_3_291.bmp,TY_3
C:\Users\501\Desktop\train_test\G2_train_test\TY_3\TY_3_292.bmp,TY_3
C:\Users\501\Desktop\train_test\G2_train_test\TY_3\TY_3_293.bmp,TY_3
C:\Users\501\Desktop\train_test\G2_train_test\TY_3\TY_3_294.bmp,TY_3
C:\Users\501\Desktop\train_test\G2_train_test\TY_3\TY_3_295.bmp,TY_3
C:\Users\501\Desktop\train_test\G2_train_test\TY_3\TY_3_296.bmp,TY_3
C:\Users\501\Desktop\train_test\G2_train_test\TY_3\TY_3_297.bmp,TY_3
C:\Users\501\Desktop\train_test\G2_train_test\TY_3\TY_3_298.bmp,TY_3
C:\Users\501\Desktop\train_test\G2_train_test\TY_3\TY_3_299.bmp,TY_3
C:\Users\501\Desktop\train_test\G2_train_test\TY_3\TY_3_3.bmp,TY_3
C:\Users\501\Desktop\train_test\G2_train_test\TY_3\TY_3_30.bmp,TY_3
C:\Users\501\Desktop\train_test\G2_train_test\TY_3\TY_3_300.bmp,TY_3
C:\Users\501\Desktop\train_test\G2_train_test\TY_3\TY_3_301.bmp,TY_3
C:\Users\501\Desktop\train_test\G2_train_test\TY_3\TY_3_302.bmp,TY_3
C:\Users\501\Desktop\train_test\G2_train_test\TY_3\TY_3_303.bmp,TY_3
C:\Users\501\Desktop\train_test\G2_train_test\TY_3\TY_3_304.bmp,TY_3
C:\Users\501\Desktop\train_test\G2_train_test\TY_3\TY_3_305.bmp,TY_3
C:\Users\501\Desktop\train_test\G2_train_test\TY_3\TY_3_306.bmp,TY_3
C:\Users\501\Desktop\train_test\G2_train_test\TY_3\TY_3_307.bmp,TY_3
C:\Users\501\Desktop\train_test\G2_train_test\TY_3\TY_3_308.bmp,TY_3
C:\Users\501\Desktop\train_test\G2_train_test\TY_3\TY_3_309.bmp,TY_3
C:\Users\501\Desktop\train_test\G2_train_test\TY_3\TY_3_31.bmp,TY_3
C:\Users\501\Desktop\train_test\G2_train_test\TY_3\TY_3_310.bmp,TY_3
C:\Users\501\Desktop\train_test\G2_train_test\TY_3\TY_3_311.bmp,TY_3
C:\Users\501\Desktop\train_test\G2_train_test\TY_3\TY_3_312.bmp,TY_3
C:\Users\501\Desktop\train_test\G2_train_test\TY_3\TY_3_313.bmp,TY_3
C:\Users\501\Desktop\train_test\G2_train_test\TY_3\TY_3_314.bmp,TY_3
C:\Users\501\Desktop\train_test\G2_train_test\TY_3\TY_3_315.bmp,TY_3
C:\Users\501\Desktop\train_test\G2_train_test\TY_3\TY_3_316.bmp,TY_3
C:\Users\501\Desktop\train_test\G2_train_test\TY_3\TY_3_317.bmp,TY_3
C:\Users\501\Desktop\train_test\G2_train_test\TY_3\TY_3_318.bmp,TY_3
C:\Users\501\Desktop\train_test\G2_train_test\TY_3\TY_3_319.bmp,TY_3
C:\Users\501\Desktop\train_test\G2_train_test\TY_3\TY_3_32.bmp,TY_3
C:\Users\501\Desktop\train_test\G2_train_test\TY_3\TY_3_320.bmp,TY_3
C:\Users\501\Desktop\train_test\G2_train_test\TY_3\TY_3_321.bmp,TY_3
C:\Users\501\Desktop\train_test\G2_train_test\TY_3\TY_3_322.bmp,TY_3
C:\Users\501\Desktop\train_test\G2_train_test\TY_3\TY_3_323.bmp,TY_3
C:\Users\501\Desktop\train_test\G2_train_test\TY_3\TY_3_324.bmp,TY_3
C:\Users\501\Desktop\train_test\G2_train_test\TY_3\TY_3_325.bmp,TY_3
C:\Users\501\Desktop\train_test\G2_train_test\TY_3\TY_3_326.bmp,TY_3
C:\Users\501\Desktop\train_test\G2_train_test\TY_3\TY_3_327.bmp,TY_3
C:\Users\501\Desktop\train_test\G2_train_test\TY_3\TY_3_328.bmp,TY_3
C:\Users\501\Desktop\train_test\G2_train_test\TY_3\TY_3_329.bmp,TY_3
C:\Users\501\Desktop\train_test\G2_train_test\TY_3\TY_3_33.bmp,TY_3
C:\Users\501\Desktop\train_test\G2_train_test\TY_3\TY_3_330.bmp,No
C:\Users\501\Desktop\train_test\G2_train_test\TY_3\TY_3_331.bmp,TY_3
C:\Users\501\Desktop\train_test\G2_train_test\TY_3\TY_3_332.bmp,TY_3
C:\Users\501\Desktop\train_test\G2_train_test\TY_3\TY_3_333.bmp,TY_3
C:\Users\501\Desktop\train_test\G2_train_test\TY_3\TY_3_334.bmp,TY_3
C:\Users\501\Desktop\train_test\G2_train_test\TY_3\TY_3_335.bmp,TY_3
C:\Users\501\Desktop\train_test\G2_train_test\TY_3\TY_3_336.bmp,TY_3
C:\Users\501\Desktop\train_test\G2_train_test\TY_3\TY_3_337.bmp,TY_3
C:\Users\501\Desktop\train_test\G2_train_test\TY_3\TY_3_338.bmp,TY_3
C:\Users\501\Desktop\train_test\G2_train_test\TY_3\TY_3_339.bmp,No
C:\Users\501\Desktop\train_test\G2_train_test\TY_3\TY_3_34.bmp,TY_3
C:\Users\501\Desktop\train_test\G2_train_test\TY_3\TY_3_340.bmp,TY_3
C:\Users\501\Desktop\train_test\G2_train_test\TY_3\TY_3_341.bmp,TY_3
C:\Users\501\Desktop\train_test\G2_train_test\TY_3\TY_3_342.bmp,TY_3
C:\Users\501\Desktop\train_test\G2_train_test\TY_3\TY_3_343.bmp,TY_3
C:\Users\501\Desktop\train_test\G2_train_test\TY_3\TY_3_344.bmp,TY_3
C:\Users\501\Desktop\train_test\G2_train_test\TY_3\TY_3_345.bmp,TY_3
C:\Users\501\Desktop\train_test\G2_train_test\TY_3\TY_3_346.bmp,TY_3
C:\Users\501\Desktop\train_test\G2_train_test\TY_3\TY_3_347.bmp,TY_3
C:\Users\501\Desktop\train_test\G2_train_test\TY_3\TY_3_348.bmp,TY_3
C:\Users\501\Desktop\train_test\G2_train_test\TY_3\TY_3_349.bmp,TY_3
C:\Users\501\Desktop\train_test\G2_train_test\TY_3\TY_3_35.bmp,TY_3
C:\Users\501\Desktop\train_test\G2_train_test\TY_3\TY_3_350.bmp,TY_3
C:\Users\501\Desktop\train_test\G2_train_test\TY_3\TY_3_351.bmp,TY_3
C:\Users\501\Desktop\train_test\G2_train_test\TY_3\TY_3_352.bmp,TY_3
C:\Users\501\Desktop\train_test\G2_train_test\TY_3\TY_3_353.bmp,TY_3
C:\Users\501\Desktop\train_test\G2_train_test\TY_3\TY_3_354.bmp,TY_3
C:\Users\501\Desktop\train_test\G2_train_test\TY_3\TY_3_355.bmp,TY_3
C:\Users\501\Desktop\train_test\G2_train_test\TY_3\TY_3_356.bmp,TY_3
C:\Users\501\Desktop\train_test\G2_train_test\TY_3\TY_3_357.bmp,TY_3
C:\Users\501\Desktop\train_test\G2_train_test\TY_3\TY_3_358.bmp,TY_3
C:\Users\501\Desktop\train_test\G2_train_test\TY_3\TY_3_359.bmp,TY_3
C:\Users\501\Desktop\train_test\G2_train_test\TY_3\TY_3_36.bmp,TY_3
C:\Users\501\Desktop\train_test\G2_train_test\TY_3\TY_3_360.bmp,TY_3
C:\Users\501\Desktop\train_test\G2_train_test\TY_3\TY_3_361.bmp,KH_147
C:\Users\501\Desktop\train_test\G2_train_test\TY_3\TY_3_362.bmp,TY_3
C:\Users\501\Desktop\train_test\G2_train_test\TY_3\TY_3_363.bmp,TY_3
C:\Users\501\Desktop\train_test\G2_train_test\TY_3\TY_3_364.bmp,TY_3
C:\Users\501\Desktop\train_test\G2_train_test\TY_3\TY_3_365.bmp,TY_3
C:\Users\501\Desktop\train_test\G2_train_test\TY_3\TY_3_366.bmp,TY_3
C:\Users\501\Desktop\train_test\G2_train_test\TY_3\TY_3_367.bmp,TY_3
C:\Users\501\Desktop\train_test\G2_train_test\TY_3\TY_3_368.bmp,TY_3
C:\Users\501\Desktop\train_test\G2_train_test\TY_3\TY_3_369.bmp,TY_3
C:\Users\501\Desktop\train_test\G2_train_test\TY_3\TY_3_37.bmp,TY_3
C:\Users\501\Desktop\train_test\G2_train_test\TY_3\TY_3_370.bmp,TY_3
C:\Users\501\Desktop\train_test\G2_train_test\TY_3\TY_3_371.bmp,TY_3
C:\Users\501\Desktop\train_test\G2_train_test\TY_3\TY_3_372.bmp,TY_3
C:\Users\501\Desktop\train_test\G2_train_test\TY_3\TY_3_373.bmp,TY_3
C:\Users\501\Desktop\train_test\G2_train_test\TY_3\TY_3_374.bmp,TY_3
C:\Users\501\Desktop\train_test\G2_train_test\TY_3\TY_3_375.bmp,TY_3
C:\Users\501\Desktop\train_test\G2_train_test\TY_3\TY_3_376.bmp,TY_3
C:\Users\501\Desktop\train_test\G2_train_test\TY_3\TY_3_377.bmp,No
C:\Users\501\Desktop\train_test\G2_train_test\TY_3\TY_3_378.bmp,TY_3
C:\Users\501\Desktop\train_test\G2_train_test\TY_3\TY_3_379.bmp,TY_3
C:\Users\501\Desktop\train_test\G2_train_test\TY_3\TY_3_38.bmp,TY_3
C:\Users\501\Desktop\train_test\G2_train_test\TY_3\TY_3_380.bmp,TY_3
C:\Users\501\Desktop\train_test\G2_train_test\TY_3\TY_3_381.bmp,TY_3
C:\Users\501\Desktop\train_test\G2_train_test\TY_3\TY_3_382.bmp,TY_3
C:\Users\501\Desktop\train_test\G2_train_test\TY_3\TY_3_383.bmp,TY_3
C:\Users\501\Desktop\train_test\G2_train_test\TY_3\TY_3_384.bmp,TY_3
C:\Users\501\Desktop\train_test\G2_train_test\TY_3\TY_3_385.bmp,TY_3
C:\Users\501\Desktop\train_test\G2_train_test\TY_3\TY_3_386.bmp,TY_3
C:\Users\501\Desktop\train_test\G2_train_test\TY_3\TY_3_387.bmp,TY_3
C:\Users\501\Desktop\train_test\G2_train_test\TY_3\TY_3_388.bmp,TY_3
C:\Users\501\Desktop\train_test\G2_train_test\TY_3\TY_3_389.bmp,TY_3
C:\Users\501\Desktop\train_test\G2_train_test\TY_3\TY_3_39.bmp,TY_3
C:\Users\501\Desktop\train_test\G2_train_test\TY_3\TY_3_390.bmp,TY_3
C:\Users\501\Desktop\train_test\G2_train_test\TY_3\TY_3_391.bmp,TY_3
C:\Users\501\Desktop\train_test\G2_train_test\TY_3\TY_3_392.bmp,TY_3
C:\Users\501\Desktop\train_test\G2_train_test\TY_3\TY_3_393.bmp,TY_3
C:\Users\501\Desktop\train_test\G2_train_test\TY_3\TY_3_394.bmp,TY_3
C:\Users\501\Desktop\train_test\G2_train_test\TY_3\TY_3_395.bmp,TY_3
C:\Users\501\Desktop\train_test\G2_train_test\TY_3\TY_3_396.bmp,TY_3
C:\Users\501\Desktop\train_test\G2_train_test\TY_3\TY_3_397.bmp,TY_3
C:\Users\501\Desktop\train_test\G2_train_test\TY_3\TY_3_398.bmp,TY_3
C:\Users\501\Desktop\train_test\G2_train_test\TY_3\TY_3_399.bmp,TY_3
C:\Users\501\Desktop\train_test\G2_train_test\TY_3\TY_3_4.bmp,TY_3
C:\Users\501\Desktop\train_test\G2_train_test\TY_3\TY_3_40.bmp,TY_3
C:\Users\501\Desktop\train_test\G2_train_test\TY_3\TY_3_400.bmp,No
C:\Users\501\Desktop\train_test\G2_train_test\TY_3\TY_3_401.bmp,TY_3
C:\Users\501\Desktop\train_test\G2_train_test\TY_3\TY_3_402.bmp,TY_3
C:\Users\501\Desktop\train_test\G2_train_test\TY_3\TY_3_403.bmp,TY_3
C:\Users\501\Desktop\train_test\G2_train_test\TY_3\TY_3_404.bmp,No
C:\Users\501\Desktop\train_test\G2_train_test\TY_3\TY_3_405.bmp,TY_3
C:\Users\501\Desktop\train_test\G2_train_test\TY_3\TY_3_406.bmp,TY_3
C:\Users\501\Desktop\train_test\G2_train_test\TY_3\TY_3_407.bmp,TY_3
C:\Users\501\Desktop\train_test\G2_train_test\TY_3\TY_3_408.bmp,TY_3
C:\Users\501\Desktop\train_test\G2_train_test\TY_3\TY_3_409.bmp,TY_3
C:\Users\501\Desktop\train_test\G2_train_test\TY_3\TY_3_41.bmp,TY_3
C:\Users\501\Desktop\train_test\G2_train_test\TY_3\TY_3_410.bmp,TY_3
C:\Users\501\Desktop\train_test\G2_train_test\TY_3\TY_3_411.bmp,TY_3
C:\Users\501\Desktop\train_test\G2_train_test\TY_3\TY_3_412.bmp,TY_3
C:\Users\501\Desktop\train_test\G2_train_test\TY_3\TY_3_413.bmp,TY_3
C:\Users\501\Desktop\train_test\G2_train_test\TY_3\TY_3_414.bmp,TY_3
C:\Users\501\Desktop\train_test\G2_train_test\TY_3\TY_3_415.bmp,TY_3
C:\Users\501\Desktop\train_test\G2_train_test\TY_3\TY_3_416.bmp,TY_3
C:\Users\501\Desktop\train_test\G2_train_test\TY_3\TY_3_417.bmp,TY_3
C:\Users\501\Desktop\train_test\G2_train_test\TY_3\TY_3_418.bmp,TY_3
C:\Users\501\Desktop\train_test\G2_train_test\TY_3\TY_3_419.bmp,TY_3
C:\Users\501\Desktop\train_test\G2_train_test\TY_3\TY_3_42.bmp,TY_3
C:\Users\501\Desktop\train_test\G2_train_test\TY_3\TY_3_420.bmp,TY_3
C:\Users\501\Desktop\train_test\G2_train_test\TY_3\TY_3_421.bmp,TY_3
C:\Users\501\Desktop\train_test\G2_train_test\TY_3\TY_3_422.bmp,TY_3
C:\Users\501\Desktop\train_test\G2_train_test\TY_3\TY_3_423.bmp,TY_3
C:\Users\501\Desktop\train_test\G2_train_test\TY_3\TY_3_424.bmp,TY_3
C:\Users\501\Desktop\train_test\G2_train_test\TY_3\TY_3_425.bmp,TY_3
C:\Users\501\Desktop\train_test\G2_train_test\TY_3\TY_3_426.bmp,TY_3
C:\Users\501\Desktop\train_test\G2_train_test\TY_3\TY_3_427.bmp,TY_3
C:\Users\501\Desktop\train_test\G2_train_test\TY_3\TY_3_428.bmp,TY_3
C:\Users\501\Desktop\train_test\G2_train_test\TY_3\TY_3_429.bmp,TY_3
C:\Users\501\Desktop\train_test\G2_train_test\TY_3\TY_3_43.bmp,TY_3
C:\Users\501\Desktop\train_test\G2_train_test\TY_3\TY_3_430.bmp,TY_3
C:\Users\501\Desktop\train_test\G2_train_test\TY_3\TY_3_431.bmp,No
C:\Users\501\Desktop\train_test\G2_train_test\TY_3\TY_3_432.bmp,TY_3
C:\Users\501\Desktop\train_test\G2_train_test\TY_3\TY_3_433.bmp,TY_3
C:\Users\501\Desktop\train_test\G2_train_test\TY_3\TY_3_434.bmp,TY_3
C:\Users\501\Desktop\train_test\G2_train_test\TY_3\TY_3_435.bmp,TY_3
C:\Users\501\Desktop\train_test\G2_train_test\TY_3\TY_3_436.bmp,TY_3
C:\Users\501\Desktop\train_test\G2_train_test\TY_3\TY_3_437.bmp,TY_3
C:\Users\501\Desktop\train_test\G2_train_test\TY_3\TY_3_438.bmp,TY_3
C:\Users\501\Desktop\train_test\G2_train_test\TY_3\TY_3_439.bmp,TY_3
C:\Users\501\Desktop\train_test\G2_train_test\TY_3\TY_3_44.bmp,TY_3
C:\Users\501\Desktop\train_test\G2_train_test\TY_3\TY_3_440.bmp,TY_3
C:\Users\501\Desktop\train_test\G2_train_test\TY_3\TY_3_441.bmp,TY_3
C:\Users\501\Desktop\train_test\G2_train_test\TY_3\TY_3_442.bmp,TY_3
C:\Users\501\Desktop\train_test\G2_train_test\TY_3\TY_3_443.bmp,TY_3
C:\Users\501\Desktop\train_test\G2_train_test\TY_3\TY_3_444.bmp,TY_3
C:\Users\501\Desktop\train_test\G2_train_test\TY_3\TY_3_445.bmp,TY_3
C:\Users\501\Desktop\train_test\G2_train_test\TY_3\TY_3_446.bmp,TY_3
C:\Users\501\Desktop\train_test\G2_train_test\TY_3\TY_3_447.bmp,TY_3
C:\Users\501\Desktop\train_test\G2_train_test\TY_3\TY_3_448.bmp,TY_3
C:\Users\501\Desktop\train_test\G2_train_test\TY_3\TY_3_449.bmp,TY_3
C:\Users\501\Desktop\train_test\G2_train_test\TY_3\TY_3_45.bmp,TY_3
C:\Users\501\Desktop\train_test\G2_train_test\TY_3\TY_3_450.bmp,TY_3
C:\Users\501\Desktop\train_test\G2_train_test\TY_3\TY_3_451.bmp,TY_3
C:\Users\501\Desktop\train_test\G2_train_test\TY_3\TY_3_452.bmp,TY_3
C:\Users\501\Desktop\train_test\G2_train_test\TY_3\TY_3_453.bmp,TY_3
C:\Users\501\Desktop\train_test\G2_train_test\TY_3\TY_3_454.bmp,No
C:\Users\501\Desktop\train_test\G2_train_test\TY_3\TY_3_455.bmp,TY_3
C:\Users\501\Desktop\train_test\G2_train_test\TY_3\TY_3_456.bmp,TY_3
C:\Users\501\Desktop\train_test\G2_train_test\TY_3\TY_3_457.bmp,TY_3
C:\Users\501\Desktop\train_test\G2_train_test\TY_3\TY_3_458.bmp,TY_3
C:\Users\501\Desktop\train_test\G2_train_test\TY_3\TY_3_459.bmp,TY_3
C:\Users\501\Desktop\train_test\G2_train_test\TY_3\TY_3_46.bmp,TY_3
C:\Users\501\Desktop\train_test\G2_train_test\TY_3\TY_3_460.bmp,TY_3
C:\Users\501\Desktop\train_test\G2_train_test\TY_3\TY_3_461.bmp,TY_3
C:\Users\501\Desktop\train_test\G2_train_test\TY_3\TY_3_462.bmp,TY_3
C:\Users\501\Desktop\train_test\G2_train_test\TY_3\TY_3_463.bmp,TY_3
C:\Users\501\Desktop\train_test\G2_train_test\TY_3\TY_3_464.bmp,TY_3
C:\Users\501\Desktop\train_test\G2_train_test\TY_3\TY_3_465.bmp,TY_3
C:\Users\501\Desktop\train_test\G2_train_test\TY_3\TY_3_466.bmp,TY_3
C:\Users\501\Desktop\train_test\G2_train_test\TY_3\TY_3_467.bmp,TY_3
C:\Users\501\Desktop\train_test\G2_train_test\TY_3\TY_3_468.bmp,TY_3
C:\Users\501\Desktop\train_test\G2_train_test\TY_3\TY_3_469.bmp,TY_3
C:\Users\501\Desktop\train_test\G2_train_test\TY_3\TY_3_47.bmp,TY_3
C:\Users\501\Desktop\train_test\G2_train_test\TY_3\TY_3_470.bmp,TY_3
C:\Users\501\Desktop\train_test\G2_train_test\TY_3\TY_3_471.bmp,TY_3
C:\Users\501\Desktop\train_test\G2_train_test\TY_3\TY_3_472.bmp,TY_3
C:\Users\501\Desktop\train_test\G2_train_test\TY_3\TY_3_473.bmp,TY_3
C:\Users\501\Desktop\train_test\G2_train_test\TY_3\TY_3_474.bmp,TY_3
C:\Users\501\Desktop\train_test\G2_train_test\TY_3\TY_3_475.bmp,TY_3
C:\Users\501\Desktop\train_test\G2_train_test\TY_3\TY_3_476.bmp,TY_3
C:\Users\501\Desktop\train_test\G2_train_test\TY_3\TY_3_477.bmp,TY_3
C:\Users\501\Desktop\train_test\G2_train_test\TY_3\TY_3_478.bmp,TY_3
C:\Users\501\Desktop\train_test\G2_train_test\TY_3\TY_3_479.bmp,TY_3
C:\Users\501\Desktop\train_test\G2_train_test\TY_3\TY_3_48.bmp,TY_3
C:\Users\501\Desktop\train_test\G2_train_test\TY_3\TY_3_480.bmp,TY_3
C:\Users\501\Desktop\train_test\G2_train_test\TY_3\TY_3_481.bmp,TY_3
C:\Users\501\Desktop\train_test\G2_train_test\TY_3\TY_3_482.bmp,TY_3
C:\Users\501\Desktop\train_test\G2_train_test\TY_3\TY_3_483.bmp,TY_3
C:\Users\501\Desktop\train_test\G2_train_test\TY_3\TY_3_484.bmp,TY_3
C:\Users\501\Desktop\train_test\G2_train_test\TY_3\TY_3_485.bmp,TY_3
C:\Users\501\Desktop\train_test\G2_train_test\TY_3\TY_3_486.bmp,TY_3
C:\Users\501\Desktop\train_test\G2_train_test\TY_3\TY_3_487.bmp,TY_3
C:\Users\501\Desktop\train_test\G2_train_test\TY_3\TY_3_488.bmp,TY_3
C:\Users\501\Desktop\train_test\G2_train_test\TY_3\TY_3_489.bmp,TY_3
C:\Users\501\Desktop\train_test\G2_train_test\TY_3\TY_3_49.bmp,TY_3
C:\Users\501\Desktop\train_test\G2_train_test\TY_3\TY_3_490.bmp,TY_3
C:\Users\501\Desktop\train_test\G2_train_test\TY_3\TY_3_491.bmp,TY_3
C:\Users\501\Desktop\train_test\G2_train_test\TY_3\TY_3_492.bmp,TY_3
C:\Users\501\Desktop\train_test\G2_train_test\TY_3\TY_3_493.bmp,TY_3
C:\Users\501\Desktop\train_test\G2_train_test\TY_3\TY_3_494.bmp,TY_3
C:\Users\501\Desktop\train_test\G2_train_test\TY_3\TY_3_495.bmp,TY_3
C:\Users\501\Desktop\train_test\G2_train_test\TY_3\TY_3_496.bmp,TY_3
C:\Users\501\Desktop\train_test\G2_train_test\TY_3\TY_3_497.bmp,TY_3
C:\Users\501\Desktop\train_test\G2_train_test\TY_3\TY_3_498.bmp,TY_3
C:\Users\501\Desktop\train_test\G2_train_test\TY_3\TY_3_499.bmp,TY_3
C:\Users\501\Desktop\train_test\G2_train_test\TY_3\TY_3_5.bmp,TY_3
C:\Users\501\Desktop\train_test\G2_train_test\TY_3\TY_3_50.bmp,TY_3
C:\Users\501\Desktop\train_test\G2_train_test\TY_3\TY_3_500.bmp,TY_3
C:\Users\501\Desktop\train_test\G2_train_test\TY_3\TY_3_501.bmp,TY_3
C:\Users\501\Desktop\train_test\G2_train_test\TY_3\TY_3_502.bmp,TY_3
C:\Users\501\Desktop\train_test\G2_train_test\TY_3\TY_3_503.bmp,TY_3
C:\Users\501\Desktop\train_test\G2_train_test\TY_3\TY_3_504.bmp,TY_3
C:\Users\501\Desktop\train_test\G2_train_test\TY_3\TY_3_505.bmp,TY_3
C:\Users\501\Desktop\train_test\G2_train_test\TY_3\TY_3_506.bmp,TY_3
C:\Users\501\Desktop\train_test\G2_train_test\TY_3\TY_3_507.bmp,TY_3
C:\Users\501\Desktop\train_test\G2_train_test\TY_3\TY_3_508.bmp,TY_3
C:\Users\501\Desktop\train_test\G2_train_test\TY_3\TY_3_509.bmp,TY_3
C:\Users\501\Desktop\train_test\G2_train_test\TY_3\TY_3_51.bmp,TY_3
C:\Users\501\Desktop\train_test\G2_train_test\TY_3\TY_3_510.bmp,TY_3
C:\Users\501\Desktop\train_test\G2_train_test\TY_3\TY_3_511.bmp,TY_3
C:\Users\501\Desktop\train_test\G2_train_test\TY_3\TY_3_512.bmp,TY_3
C:\Users\501\Desktop\train_test\G2_train_test\TY_3\TY_3_513.bmp,TY_3
C:\Users\501\Desktop\train_test\G2_train_test\TY_3\TY_3_514.bmp,TY_3
C:\Users\501\Desktop\train_test\G2_train_test\TY_3\TY_3_515.bmp,TY_3
C:\Users\501\Desktop\train_test\G2_train_test\TY_3\TY_3_516.bmp,TY_3
C:\Users\501\Desktop\train_test\G2_train_test\TY_3\TY_3_517.bmp,TY_3
C:\Users\501\Desktop\train_test\G2_train_test\TY_3\TY_3_518.bmp,TY_3
C:\Users\501\Desktop\train_test\G2_train_test\TY_3\TY_3_519.bmp,TY_3
C:\Users\501\Desktop\train_test\G2_train_test\TY_3\TY_3_52.bmp,TY_3
C:\Users\501\Desktop\train_test\G2_train_test\TY_3\TY_3_520.bmp,TY_3
C:\Users\501\Desktop\train_test\G2_train_test\TY_3\TY_3_521.bmp,TY_3
C:\Users\501\Desktop\train_test\G2_train_test\TY_3\TY_3_522.bmp,TY_3
C:\Users\501\Desktop\train_test\G2_train_test\TY_3\TY_3_523.bmp,TY_3
C:\Users\501\Desktop\train_test\G2_train_test\TY_3\TY_3_524.bmp,TY_3
C:\Users\501\Desktop\train_test\G2_train_test\TY_3\TY_3_525.bmp,TY_3
C:\Users\501\Desktop\train_test\G2_train_test\TY_3\TY_3_526.bmp,TY_3
C:\Users\501\Desktop\train_test\G2_train_test\TY_3\TY_3_527.bmp,TY_3
C:\Users\501\Desktop\train_test\G2_train_test\TY_3\TY_3_528.bmp,TY_3
C:\Users\501\Desktop\train_test\G2_train_test\TY_3\TY_3_529.bmp,TY_3
C:\Users\501\Desktop\train_test\G2_train_test\TY_3\TY_3_53.bmp,TY_3
C:\Users\501\Desktop\train_test\G2_train_test\TY_3\TY_3_530.bmp,TY_3
C:\Users\501\Desktop\train_test\G2_train_test\TY_3\TY_3_531.bmp,TY_3
C:\Users\501\Desktop\train_test\G2_train_test\TY_3\TY_3_532.bmp,TY_3
C:\Users\501\Desktop\train_test\G2_train_test\TY_3\TY_3_533.bmp,TY_3
C:\Users\501\Desktop\train_test\G2_train_test\TY_3\TY_3_534.bmp,TY_3
C:\Users\501\Desktop\train_test\G2_train_test\TY_3\TY_3_535.bmp,TY_3
C:\Users\501\Desktop\train_test\G2_train_test\TY_3\TY_3_536.bmp,TY_3
C:\Users\501\Desktop\train_test\G2_train_test\TY_3\TY_3_537.bmp,TY_3
C:\Users\501\Desktop\train_test\G2_train_test\TY_3\TY_3_538.bmp,TY_3
C:\Users\501\Desktop\train_test\G2_train_test\TY_3\TY_3_539.bmp,TY_3
C:\Users\501\Desktop\train_test\G2_train_test\TY_3\TY_3_54.bmp,TY_3
C:\Users\501\Desktop\train_test\G2_train_test\TY_3\TY_3_540.bmp,TY_3
C:\Users\501\Desktop\train_test\G2_train_test\TY_3\TY_3_541.bmp,TY_3
C:\Users\501\Desktop\train_test\G2_train_test\TY_3\TY_3_542.bmp,TY_3
C:\Users\501\Desktop\train_test\G2_train_test\TY_3\TY_3_543.bmp,TY_3
C:\Users\501\Desktop\train_test\G2_train_test\TY_3\TY_3_544.bmp,TY_3
C:\Users\501\Desktop\train_test\G2_train_test\TY_3\TY_3_545.bmp,TY_3
C:\Users\501\Desktop\train_test\G2_train_test\TY_3\TY_3_546.bmp,TY_3
C:\Users\501\Desktop\train_test\G2_train_test\TY_3\TY_3_547.bmp,TY_3
C:\Users\501\Desktop\train_test\G2_train_test\TY_3\TY_3_548.bmp,TY_3
C:\Users\501\Desktop\train_test\G2_train_test\TY_3\TY_3_549.bmp,TY_3
C:\Users\501\Desktop\train_test\G2_train_test\TY_3\TY_3_55.bmp,TY_3
C:\Users\501\Desktop\train_test\G2_train_test\TY_3\TY_3_550.bmp,TY_3
C:\Users\501\Desktop\train_test\G2_train_test\TY_3\TY_3_551.bmp,TY_3
C:\Users\501\Desktop\train_test\G2_train_test\TY_3\TY_3_552.bmp,TY_3
C:\Users\501\Desktop\train_test\G2_train_test\TY_3\TY_3_553.bmp,TY_3
C:\Users\501\Desktop\train_test\G2_train_test\TY_3\TY_3_554.bmp,TY_3
C:\Users\501\Desktop\train_test\G2_train_test\TY_3\TY_3_555.bmp,TY_3
C:\Users\501\Desktop\train_test\G2_train_test\TY_3\TY_3_556.bmp,TY_3
C:\Users\501\Desktop\train_test\G2_train_test\TY_3\TY_3_557.bmp,TY_3
C:\Users\501\Desktop\train_test\G2_train_test\TY_3\TY_3_558.bmp,TY_3
C:\Users\501\Desktop\train_test\G2_train_test\TY_3\TY_3_559.bmp,TY_3
C:\Users\501\Desktop\train_test\G2_train_test\TY_3\TY_3_56.bmp,TY_3
C:\Users\501\Desktop\train_test\G2_train_test\TY_3\TY_3_560.bmp,TY_3
C:\Users\501\Desktop\train_test\G2_train_test\TY_3\TY_3_561.bmp,TY_3
C:\Users\501\Desktop\train_test\G2_train_test\TY_3\TY_3_562.bmp,TY_3
C:\Users\501\Desktop\train_test\G2_train_test\TY_3\TY_3_563.bmp,TY_3
C:\Users\501\Desktop\train_test\G2_train_test\TY_3\TY_3_564.bmp,TY_3
C:\Users\501\Desktop\train_test\G2_train_test\TY_3\TY_3_565.bmp,TY_3
C:\Users\501\Desktop\train_test\G2_train_test\TY_3\TY_3_566.bmp,TY_3
C:\Users\501\Desktop\train_test\G2_train_test\TY_3\TY_3_567.bmp,TY_3
C:\Users\501\Desktop\train_test\G2_train_test\TY_3\TY_3_568.bmp,TY_3
C:\Users\501\Desktop\train_test\G2_train_test\TY_3\TY_3_569.bmp,TY_3
C:\Users\501\Desktop\train_test\G2_train_test\TY_3\TY_3_57.bmp,TY_3
C:\Users\501\Desktop\train_test\G2_train_test\TY_3\TY_3_570.bmp,TY_3
C:\Users\501\Desktop\train_test\G2_train_test\TY_3\TY_3_571.bmp,TY_3
C:\Users\501\Desktop\train_test\G2_train_test\TY_3\TY_3_572.bmp,TY_3
C:\Users\501\Desktop\train_test\G2_train_test\TY_3\TY_3_573.bmp,TY_3
C:\Users\501\Desktop\train_test\G2_train_test\TY_3\TY_3_574.bmp,TY_3
C:\Users\501\Desktop\train_test\G2_train_test\TY_3\TY_3_575.bmp,TY_3
C:\Users\501\Desktop\train_test\G2_train_test\TY_3\TY_3_576.bmp,TY_3
C:\Users\501\Desktop\train_test\G2_train_test\TY_3\TY_3_577.bmp,TY_3
C:\Users\501\Desktop\train_test\G2_train_test\TY_3\TY_3_578.bmp,TY_3
C:\Users\501\Desktop\train_test\G2_train_test\TY_3\TY_3_579.bmp,TY_3
C:\Users\501\Desktop\train_test\G2_train_test\TY_3\TY_3_58.bmp,TY_3
C:\Users\501\Desktop\train_test\G2_train_test\TY_3\TY_3_580.bmp,TY_3
C:\Users\501\Desktop\train_test\G2_train_test\TY_3\TY_3_581.bmp,TY_3
C:\Users\501\Desktop\train_test\G2_train_test\TY_3\TY_3_582.bmp,TY_3
C:\Users\501\Desktop\train_test\G2_train_test\TY_3\TY_3_583.bmp,TY_3
C:\Users\501\Desktop\train_test\G2_train_test\TY_3\TY_3_584.bmp,TY_3
C:\Users\501\Desktop\train_test\G2_train_test\TY_3\TY_3_585.bmp,TY_3
C:\Users\501\Desktop\train_test\G2_train_test\TY_3\TY_3_586.bmp,TY_3
C:\Users\501\Desktop\train_test\G2_train_test\TY_3\TY_3_587.bmp,TY_3
C:\Users\501\Desktop\train_test\G2_train_test\TY_3\TY_3_588.bmp,TY_3
C:\Users\501\Desktop\train_test\G2_train_test\TY_3\TY_3_589.bmp,TY_3
C:\Users\501\Desktop\train_test\G2_train_test\TY_3\TY_3_59.bmp,TY_3
C:\Users\501\Desktop\train_test\G2_train_test\TY_3\TY_3_590.bmp,TY_3
C:\Users\501\Desktop\train_test\G2_train_test\TY_3\TY_3_591.bmp,TY_3
C:\Users\501\Desktop\train_test\G2_train_test\TY_3\TY_3_592.bmp,TY_3
C:\Users\501\Desktop\train_test\G2_train_test\TY_3\TY_3_593.bmp,TY_3
C:\Users\501\Desktop\train_test\G2_train_test\TY_3\TY_3_594.bmp,TY_3
C:\Users\501\Desktop\train_test\G2_train_test\TY_3\TY_3_595.bmp,TY_3
C:\Users\501\Desktop\train_test\G2_train_test\TY_3\TY_3_596.bmp,TY_3
C:\Users\501\Desktop\train_test\G2_train_test\TY_3\TY_3_597.bmp,No
C:\Users\501\Desktop\train_test\G2_train_test\TY_3\TY_3_598.bmp,TY_3
C:\Users\501\Desktop\train_test\G2_train_test\TY_3\TY_3_599.bmp,TY_3
C:\Users\501\Desktop\train_test\G2_train_test\TY_3\TY_3_6.bmp,TY_3
C:\Users\501\Desktop\train_test\G2_train_test\TY_3\TY_3_60.bmp,TY_3
C:\Users\501\Desktop\train_test\G2_train_test\TY_3\TY_3_600.bmp,TY_3
C:\Users\501\Desktop\train_test\G2_train_test\TY_3\TY_3_601.bmp,TY_3
C:\Users\501\Desktop\train_test\G2_train_test\TY_3\TY_3_602.bmp,TY_3
C:\Users\501\Desktop\train_test\G2_train_test\TY_3\TY_3_603.bmp,TY_3
C:\Users\501\Desktop\train_test\G2_train_test\TY_3\TY_3_604.bmp,TY_3
C:\Users\501\Desktop\train_test\G2_train_test\TY_3\TY_3_605.bmp,TY_3
C:\Users\501\Desktop\train_test\G2_train_test\TY_3\TY_3_606.bmp,TY_3
C:\Users\501\Desktop\train_test\G2_train_test\TY_3\TY_3_607.bmp,TY_3
C:\Users\501\Desktop\train_test\G2_train_test\TY_3\TY_3_608.bmp,TY_3
C:\Users\501\Desktop\train_test\G2_train_test\TY_3\TY_3_609.bmp,TY_3
C:\Users\501\Desktop\train_test\G2_train_test\TY_3\TY_3_61.bmp,TY_3
C:\Users\501\Desktop\train_test\G2_train_test\TY_3\TY_3_610.bmp,TY_3
C:\Users\501\Desktop\train_test\G2_train_test\TY_3\TY_3_611.bmp,TY_3
C:\Users\501\Desktop\train_test\G2_train_test\TY_3\TY_3_612.bmp,TY_3
C:\Users\501\Desktop\train_test\G2_train_test\TY_3\TY_3_613.bmp,TY_3
C:\Users\501\Desktop\train_test\G2_train_test\TY_3\TY_3_614.bmp,TY_3
C:\Users\501\Desktop\train_test\G2_train_test\TY_3\TY_3_615.bmp,TY_3
C:\Users\501\Desktop\train_test\G2_train_test\TY_3\TY_3_616.bmp,TY_3
C:\Users\501\Desktop\train_test\G2_train_test\TY_3\TY_3_617.bmp,TY_3
C:\Users\501\Desktop\train_test\G2_train_test\TY_3\TY_3_618.bmp,TY_3
C:\Users\501\Desktop\train_test\G2_train_test\TY_3\TY_3_619.bmp,TY_3
C:\Users\501\Desktop\train_test\G2_train_test\TY_3\TY_3_62.bmp,TY_3
C:\Users\501\Desktop\train_test\G2_train_test\TY_3\TY_3_620.bmp,TY_3
C:\Users\501\Desktop\train_test\G2_train_test\TY_3\TY_3_621.bmp,TY_3
C:\Users\501\Desktop\train_test\G2_train_test\TY_3\TY_3_622.bmp,TY_3
C:\Users\501\Desktop\train_test\G2_train_test\TY_3\TY_3_623.bmp,TY_3
C:\Users\501\Desktop\train_test\G2_train_test\TY_3\TY_3_624.bmp,TY_3
C:\Users\501\Desktop\train_test\G2_train_test\TY_3\TY_3_625.bmp,TY_3
C:\Users\501\Desktop\train_test\G2_train_test\TY_3\TY_3_626.bmp,TY_3
C:\Users\501\Desktop\train_test\G2_train_test\TY_3\TY_3_627.bmp,TY_3
C:\Users\501\Desktop\train_test\G2_train_test\TY_3\TY_3_628.bmp,TY_3
C:\Users\501\Desktop\train_test\G2_train_test\TY_3\TY_3_629.bmp,TY_3
C:\Users\501\Desktop\train_test\G2_train_test\TY_3\TY_3_63.bmp,TY_3
C:\Users\501\Desktop\train_test\G2_train_test\TY_3\TY_3_630.bmp,TY_3
C:\Users\501\Desktop\train_test\G2_train_test\TY_3\TY_3_631.bmp,TY_3
C:\Users\501\Desktop\train_test\G2_train_test\TY_3\TY_3_632.bmp,TY_3
C:\Users\501\Desktop\train_test\G2_train_test\TY_3\TY_3_633.bmp,TY_3
C:\Users\501\Desktop\train_test\G2_train_test\TY_3\TY_3_634.bmp,TY_3
C:\Users\501\Desktop\train_test\G2_train_test\TY_3\TY_3_635.bmp,TY_3
C:\Users\501\Desktop\train_test\G2_train_test\TY_3\TY_3_636.bmp,TY_3
C:\Users\501\Desktop\train_test\G2_train_test\TY_3\TY_3_637.bmp,TY_3
C:\Users\501\Desktop\train_test\G2_train_test\TY_3\TY_3_638.bmp,TY_3
C:\Users\501\Desktop\train_test\G2_train_test\TY_3\TY_3_639.bmp,TY_3
C:\Users\501\Desktop\train_test\G2_train_test\TY_3\TY_3_64.bmp,TY_3
C:\Users\501\Desktop\train_test\G2_train_test\TY_3\TY_3_640.bmp,TY_3
C:\Users\501\Desktop\train_test\G2_train_test\TY_3\TY_3_641.bmp,TY_3
C:\Users\501\Desktop\train_test\G2_train_test\TY_3\TY_3_642.bmp,No
C:\Users\501\Desktop\train_test\G2_train_test\TY_3\TY_3_643.bmp,TY_3
C:\Users\501\Desktop\train_test\G2_train_test\TY_3\TY_3_644.bmp,TY_3
C:\Users\501\Desktop\train_test\G2_train_test\TY_3\TY_3_645.bmp,TY_3
C:\Users\501\Desktop\train_test\G2_train_test\TY_3\TY_3_646.bmp,TY_3
C:\Users\501\Desktop\train_test\G2_train_test\TY_3\TY_3_647.bmp,TY_3
C:\Users\501\Desktop\train_test\G2_train_test\TY_3\TY_3_648.bmp,TY_3
C:\Users\501\Desktop\train_test\G2_train_test\TY_3\TY_3_649.bmp,TY_3
C:\Users\501\Desktop\train_test\G2_train_test\TY_3\TY_3_65.bmp,TY_3
C:\Users\501\Desktop\train_test\G2_train_test\TY_3\TY_3_650.bmp,TY_3
C:\Users\501\Desktop\train_test\G2_train_test\TY_3\TY_3_651.bmp,TY_3
C:\Users\501\Desktop\train_test\G2_train_test\TY_3\TY_3_652.bmp,TY_3
C:\Users\501\Desktop\train_test\G2_train_test\TY_3\TY_3_653.bmp,TY_3
C:\Users\501\Desktop\train_test\G2_train_test\TY_3\TY_3_654.bmp,TY_3
C:\Users\501\Desktop\train_test\G2_train_test\TY_3\TY_3_655.bmp,TY_3
C:\Users\501\Desktop\train_test\G2_train_test\TY_3\TY_3_656.bmp,TY_3
C:\Users\501\Desktop\train_test\G2_train_test\TY_3\TY_3_657.bmp,KH_147
C:\Users\501\Desktop\train_test\G2_train_test\TY_3\TY_3_658.bmp,TY_3
C:\Users\501\Desktop\train_test\G2_train_test\TY_3\TY_3_659.bmp,TY_3
C:\Users\501\Desktop\train_test\G2_train_test\TY_3\TY_3_66.bmp,TY_3
C:\Users\501\Desktop\train_test\G2_train_test\TY_3\TY_3_660.bmp,TY_3
C:\Users\501\Desktop\train_test\G2_train_test\TY_3\TY_3_661.bmp,TY_3
C:\Users\501\Desktop\train_test\G2_train_test\TY_3\TY_3_662.bmp,TY_3
C:\Users\501\Desktop\train_test\G2_train_test\TY_3\TY_3_663.bmp,TY_3
C:\Users\501\Desktop\train_test\G2_train_test\TY_3\TY_3_664.bmp,TY_3
C:\Users\501\Desktop\train_test\G2_train_test\TY_3\TY_3_665.bmp,TY_3
C:\Users\501\Desktop\train_test\G2_train_test\TY_3\TY_3_666.bmp,TY_3
C:\Users\501\Desktop\train_test\G2_train_test\TY_3\TY_3_667.bmp,TY_3
C:\Users\501\Desktop\train_test\G2_train_test\TY_3\TY_3_668.bmp,TY_3
C:\Users\501\Desktop\train_test\G2_train_test\TY_3\TY_3_669.bmp,TY_3
C:\Users\501\Desktop\train_test\G2_train_test\TY_3\TY_3_67.bmp,TY_3
C:\Users\501\Desktop\train_test\G2_train_test\TY_3\TY_3_670.bmp,TY_3
C:\Users\501\Desktop\train_test\G2_train_test\TY_3\TY_3_671.bmp,TY_3
C:\Users\501\Desktop\train_test\G2_train_test\TY_3\TY_3_672.bmp,TY_3
C:\Users\501\Desktop\train_test\G2_train_test\TY_3\TY_3_673.bmp,TY_3
C:\Users\501\Desktop\train_test\G2_train_test\TY_3\TY_3_674.bmp,TY_3
C:\Users\501\Desktop\train_test\G2_train_test\TY_3\TY_3_675.bmp,TY_3
C:\Users\501\Desktop\train_test\G2_train_test\TY_3\TY_3_676.bmp,TY_3
C:\Users\501\Desktop\train_test\G2_train_test\TY_3\TY_3_677.bmp,TY_3
C:\Users\501\Desktop\train_test\G2_train_test\TY_3\TY_3_678.bmp,TY_3
C:\Users\501\Desktop\train_test\G2_train_test\TY_3\TY_3_679.bmp,TY_3
C:\Users\501\Desktop\train_test\G2_train_test\TY_3\TY_3_68.bmp,TY_3
C:\Users\501\Desktop\train_test\G2_train_test\TY_3\TY_3_680.bmp,TY_3
C:\Users\501\Desktop\train_test\G2_train_test\TY_3\TY_3_681.bmp,TY_3
C:\Users\501\Desktop\train_test\G2_train_test\TY_3\TY_3_682.bmp,TY_3
C:\Users\501\Desktop\train_test\G2_train_test\TY_3\TY_3_683.bmp,TY_3
C:\Users\501\Desktop\train_test\G2_train_test\TY_3\TY_3_684.bmp,TY_3
C:\Users\501\Desktop\train_test\G2_train_test\TY_3\TY_3_685.bmp,TY_3
C:\Users\501\Desktop\train_test\G2_train_test\TY_3\TY_3_686.bmp,TY_3
C:\Users\501\Desktop\train_test\G2_train_test\TY_3\TY_3_687.bmp,TY_3
C:\Users\501\Desktop\train_test\G2_train_test\TY_3\TY_3_688.bmp,TY_3
C:\Users\501\Desktop\train_test\G2_train_test\TY_3\TY_3_689.bmp,TY_3
C:\Users\501\Desktop\train_test\G2_train_test\TY_3\TY_3_69.bmp,TY_3
C:\Users\501\Desktop\train_test\G2_train_test\TY_3\TY_3_690.bmp,TY_3
C:\Users\501\Desktop\train_test\G2_train_test\TY_3\TY_3_691.bmp,TY_3
C:\Users\501\Desktop\train_test\G2_train_test\TY_3\TY_3_692.bmp,KH_147
C:\Users\501\Desktop\train_test\G2_train_test\TY_3\TY_3_693.bmp,TY_3
C:\Users\501\Desktop\train_test\G2_train_test\TY_3\TY_3_694.bmp,TY_3
C:\Users\501\Desktop\train_test\G2_train_test\TY_3\TY_3_695.bmp,TY_3
C:\Users\501\Desktop\train_test\G2_train_test\TY_3\TY_3_696.bmp,TY_3
C:\Users\501\Desktop\train_test\G2_train_test\TY_3\TY_3_697.bmp,TY_3
C:\Users\501\Desktop\train_test\G2_train_test\TY_3\TY_3_698.bmp,TY_3
C:\Users\501\Desktop\train_test\G2_train_test\TY_3\TY_3_699.bmp,TY_3
C:\Users\501\Desktop\train_test\G2_train_test\TY_3\TY_3_7.bmp,TY_3
C:\Users\501\Desktop\train_test\G2_train_test\TY_3\TY_3_70.bmp,TY_3
C:\Users\501\Desktop\train_test\G2_train_test\TY_3\TY_3_700.bmp,TY_3
C:\Users\501\Desktop\train_test\G2_train_test\TY_3\TY_3_701.bmp,TY_3
C:\Users\501\Desktop\train_test\G2_train_test\TY_3\TY_3_702.bmp,TY_3
C:\Users\501\Desktop\train_test\G2_train_test\TY_3\TY_3_703.bmp,KH_147
C:\Users\501\Desktop\train_test\G2_train_test\TY_3\TY_3_704.bmp,TY_3
C:\Users\501\Desktop\train_test\G2_train_test\TY_3\TY_3_705.bmp,TY_3
C:\Users\501\Desktop\train_test\G2_train_test\TY_3\TY_3_706.bmp,KH_147
C:\Users\501\Desktop\train_test\G2_train_test\TY_3\TY_3_707.bmp,TY_3
C:\Users\501\Desktop\train_test\G2_train_test\TY_3\TY_3_708.bmp,TY_3
C:\Users\501\Desktop\train_test\G2_train_test\TY_3\TY_3_709.bmp,TY_3
C:\Users\501\Desktop\train_test\G2_train_test\TY_3\TY_3_71.bmp,TY_3
C:\Users\501\Desktop\train_test\G2_train_test\TY_3\TY_3_710.bmp,TY_3
C:\Users\501\Desktop\train_test\G2_train_test\TY_3\TY_3_711.bmp,TY_3
C:\Users\501\Desktop\train_test\G2_train_test\TY_3\TY_3_712.bmp,TY_3
C:\Users\501\Desktop\train_test\G2_train_test\TY_3\TY_3_713.bmp,TY_3
C:\Users\501\Desktop\train_test\G2_train_test\TY_3\TY_3_714.bmp,TY_3
C:\Users\501\Desktop\train_test\G2_train_test\TY_3\TY_3_715.bmp,TY_3
C:\Users\501\Desktop\train_test\G2_train_test\TY_3\TY_3_716.bmp,TY_3
C:\Users\501\Desktop\train_test\G2_train_test\TY_3\TY_3_717.bmp,TY_3
C:\Users\501\Desktop\train_test\G2_train_test\TY_3\TY_3_718.bmp,TY_3
C:\Users\501\Desktop\train_test\G2_train_test\TY_3\TY_3_719.bmp,TY_3
C:\Users\501\Desktop\train_test\G2_train_test\TY_3\TY_3_72.bmp,TY_3
C:\Users\501\Desktop\train_test\G2_train_test\TY_3\TY_3_720.bmp,TY_3
C:\Users\501\Desktop\train_test\G2_train_test\TY_3\TY_3_721.bmp,TY_3
C:\Users\501\Desktop\train_test\G2_train_test\TY_3\TY_3_722.bmp,TY_3
C:\Users\501\Desktop\train_test\G2_train_test\TY_3\TY_3_723.bmp,TY_3
C:\Users\501\Desktop\train_test\G2_train_test\TY_3\TY_3_724.bmp,TY_3
C:\Users\501\Desktop\train_test\G2_train_test\TY_3\TY_3_725.bmp,TY_3
C:\Users\501\Desktop\train_test\G2_train_test\TY_3\TY_3_726.bmp,TY_3
C:\Users\501\Desktop\train_test\G2_train_test\TY_3\TY_3_727.bmp,TY_3
C:\Users\501\Desktop\train_test\G2_train_test\TY_3\TY_3_728.bmp,TY_3
C:\Users\501\Desktop\train_test\G2_train_test\TY_3\TY_3_729.bmp,TY_3
C:\Users\501\Desktop\train_test\G2_train_test\TY_3\TY_3_73.bmp,TY_3
C:\Users\501\Desktop\train_test\G2_train_test\TY_3\TY_3_730.bmp,TY_3
C:\Users\501\Desktop\train_test\G2_train_test\TY_3\TY_3_731.bmp,TY_3
C:\Users\501\Desktop\train_test\G2_train_test\TY_3\TY_3_732.bmp,TY_3
C:\Users\501\Desktop\train_test\G2_train_test\TY_3\TY_3_733.bmp,TY_3
C:\Users\501\Desktop\train_test\G2_train_test\TY_3\TY_3_734.bmp,TY_3
C:\Users\501\Desktop\train_test\G2_train_test\TY_3\TY_3_735.bmp,TY_3
C:\Users\501\Desktop\train_test\G2_train_test\TY_3\TY_3_736.bmp,No
C:\Users\501\Desktop\train_test\G2_train_test\TY_3\TY_3_737.bmp,TY_3
C:\Users\501\Desktop\train_test\G2_train_test\TY_3\TY_3_738.bmp,TY_3
C:\Users\501\Desktop\train_test\G2_train_test\TY_3\TY_3_739.bmp,TY_3
C:\Users\501\Desktop\train_test\G2_train_test\TY_3\TY_3_74.bmp,TY_3
C:\Users\501\Desktop\train_test\G2_train_test\TY_3\TY_3_740.bmp,TY_3
C:\Users\501\Desktop\train_test\G2_train_test\TY_3\TY_3_741.bmp,TY_3
C:\Users\501\Desktop\train_test\G2_train_test\TY_3\TY_3_742.bmp,TY_3
C:\Users\501\Desktop\train_test\G2_train_test\TY_3\TY_3_743.bmp,TY_3
C:\Users\501\Desktop\train_test\G2_train_test\TY_3\TY_3_744.bmp,TY_3
C:\Users\501\Desktop\train_test\G2_train_test\TY_3\TY_3_745.bmp,TY_3
C:\Users\501\Desktop\train_test\G2_train_test\TY_3\TY_3_746.bmp,TY_3
C:\Users\501\Desktop\train_test\G2_train_test\TY_3\TY_3_747.bmp,TY_3
C:\Users\501\Desktop\train_test\G2_train_test\TY_3\TY_3_748.bmp,TY_3
C:\Users\501\Desktop\train_test\G2_train_test\TY_3\TY_3_749.bmp,No
C:\Users\501\Desktop\train_test\G2_train_test\TY_3\TY_3_75.bmp,TY_3
C:\Users\501\Desktop\train_test\G2_train_test\TY_3\TY_3_750.bmp,TY_3
C:\Users\501\Desktop\train_test\G2_train_test\TY_3\TY_3_751.bmp,TY_3
C:\Users\501\Desktop\train_test\G2_train_test\TY_3\TY_3_752.bmp,TY_3
C:\Users\501\Desktop\train_test\G2_train_test\TY_3\TY_3_753.bmp,TY_3
C:\Users\501\Desktop\train_test\G2_train_test\TY_3\TY_3_754.bmp,KH_147
C:\Users\501\Desktop\train_test\G2_train_test\TY_3\TY_3_755.bmp,TY_3
C:\Users\501\Desktop\train_test\G2_train_test\TY_3\TY_3_756.bmp,TY_3
C:\Users\501\Desktop\train_test\G2_train_test\TY_3\TY_3_757.bmp,TY_3
C:\Users\501\Desktop\train_test\G2_train_test\TY_3\TY_3_758.bmp,TY_3
C:\Users\501\Desktop\train_test\G2_train_test\TY_3\TY_3_759.bmp,TY_3
C:\Users\501\Desktop\train_test\G2_train_test\TY_3\TY_3_76.bmp,TY_3
C:\Users\501\Desktop\train_test\G2_train_test\TY_3\TY_3_760.bmp,TY_3
C:\Users\501\Desktop\train_test\G2_train_test\TY_3\TY_3_761.bmp,TY_3
C:\Users\501\Desktop\train_test\G2_train_test\TY_3\TY_3_762.bmp,TY_3
C:\Users\501\Desktop\train_test\G2_train_test\TY_3\TY_3_763.bmp,TY_3
C:\Users\501\Desktop\train_test\G2_train_test\TY_3\TY_3_764.bmp,TY_3
C:\Users\501\Desktop\train_test\G2_train_test\TY_3\TY_3_765.bmp,TY_3
C:\Users\501\Desktop\train_test\G2_train_test\TY_3\TY_3_766.bmp,TY_3
C:\Users\501\Desktop\train_test\G2_train_test\TY_3\TY_3_767.bmp,TY_3
C:\Users\501\Desktop\train_test\G2_train_test\TY_3\TY_3_768.bmp,TY_3
C:\Users\501\Desktop\train_test\G2_train_test\TY_3\TY_3_769.bmp,TY_3
C:\Users\501\Desktop\train_test\G2_train_test\TY_3\TY_3_77.bmp,TY_3
C:\Users\501\Desktop\train_test\G2_train_test\TY_3\TY_3_770.bmp,TY_3
C:\Users\501\Desktop\train_test\G2_train_test\TY_3\TY_3_771.bmp,TY_3
C:\Users\501\Desktop\train_test\G2_train_test\TY_3\TY_3_772.bmp,TY_3
C:\Users\501\Desktop\train_test\G2_train_test\TY_3\TY_3_773.bmp,TY_3
C:\Users\501\Desktop\train_test\G2_train_test\TY_3\TY_3_774.bmp,TY_3
C:\Users\501\Desktop\train_test\G2_train_test\TY_3\TY_3_775.bmp,TY_3
C:\Users\501\Desktop\train_test\G2_train_test\TY_3\TY_3_776.bmp,TY_3
C:\Users\501\Desktop\train_test\G2_train_test\TY_3\TY_3_777.bmp,TY_3
C:\Users\501\Desktop\train_test\G2_train_test\TY_3\TY_3_778.bmp,TY_3
C:\Users\501\Desktop\train_test\G2_train_test\TY_3\TY_3_779.bmp,TY_3
C:\Users\501\Desktop\train_test\G2_train_test\TY_3\TY_3_78.bmp,TY_3
C:\Users\501\Desktop\train_test\G2_train_test\TY_3\TY_3_780.bmp,TY_3
C:\Users\501\Desktop\train_test\G2_train_test\TY_3\TY_3_781.bmp,TY_3
C:\Users\501\Desktop\train_test\G2_train_test\TY_3\TY_3_782.bmp,TY_3
C:\Users\501\Desktop\train_test\G2_train_test\TY_3\TY_3_783.bmp,TY_3
C:\Users\501\Desktop\train_test\G2_train_test\TY_3\TY_3_784.bmp,TY_3
C:\Users\501\Desktop\train_test\G2_train_test\TY_3\TY_3_785.bmp,TY_3
C:\Users\501\Desktop\train_test\G2_train_test\TY_3\TY_3_786.bmp,TY_3
C:\Users\501\Desktop\train_test\G2_train_test\TY_3\TY_3_787.bmp,TY_3
C:\Users\501\Desktop\train_test\G2_train_test\TY_3\TY_3_788.bmp,TY_3
C:\Users\501\Desktop\train_test\G2_train_test\TY_3\TY_3_789.bmp,TY_3
C:\Users\501\Desktop\train_test\G2_train_test\TY_3\TY_3_79.bmp,TY_3
C:\Users\501\Desktop\train_test\G2_train_test\TY_3\TY_3_790.bmp,TY_3
C:\Users\501\Desktop\train_test\G2_train_test\TY_3\TY_3_791.bmp,TY_3
C:\Users\501\Desktop\train_test\G2_train_test\TY_3\TY_3_792.bmp,TY_3
C:\Users\501\Desktop\train_test\G2_train_test\TY_3\TY_3_793.bmp,TY_3
C:\Users\501\Desktop\train_test\G2_train_test\TY_3\TY_3_794.bmp,TY_3
C:\Users\501\Desktop\train_test\G2_train_test\TY_3\TY_3_795.bmp,TY_3
C:\Users\501\Desktop\train_test\G2_train_test\TY_3\TY_3_796.bmp,TY_3
C:\Users\501\Desktop\train_test\G2_train_test\TY_3\TY_3_797.bmp,TY_3
C:\Users\501\Desktop\train_test\G2_train_test\TY_3\TY_3_798.bmp,TY_3
C:\Users\501\Desktop\train_test\G2_train_test\TY_3\TY_3_799.bmp,TY_3
C:\Users\501\Desktop\train_test\G2_train_test\TY_3\TY_3_8.bmp,TY_3
C:\Users\501\Desktop\train_test\G2_train_test\TY_3\TY_3_80.bmp,TY_3
C:\Users\501\Desktop\train_test\G2_train_test\TY_3\TY_3_800.bmp,TY_3
C:\Users\501\Desktop\train_test\G2_train_test\TY_3\TY_3_801.bmp,TY_3
C:\Users\501\Desktop\train_test\G2_train_test\TY_3\TY_3_802.bmp,TY_3
C:\Users\501\Desktop\train_test\G2_train_test\TY_3\TY_3_803.bmp,TY_3
C:\Users\501\Desktop\train_test\G2_train_test\TY_3\TY_3_804.bmp,TY_3
C:\Users\501\Desktop\train_test\G2_train_test\TY_3\TY_3_805.bmp,TY_3
C:\Users\501\Desktop\train_test\G2_train_test\TY_3\TY_3_806.bmp,TY_3
C:\Users\501\Desktop\train_test\G2_train_test\TY_3\TY_3_807.bmp,TY_3
C:\Users\501\Desktop\train_test\G2_train_test\TY_3\TY_3_808.bmp,TY_3
C:\Users\501\Desktop\train_test\G2_train_test\TY_3\TY_3_809.bmp,TY_3
C:\Users\501\Desktop\train_test\G2_train_test\TY_3\TY_3_81.bmp,TY_3
C:\Users\501\Desktop\train_test\G2_train_test\TY_3\TY_3_810.bmp,TY_3
C:\Users\501\Desktop\train_test\G2_train_test\TY_3\TY_3_811.bmp,TY_3
C:\Users\501\Desktop\train_test\G2_train_test\TY_3\TY_3_812.bmp,TY_3
C:\Users\501\Desktop\train_test\G2_train_test\TY_3\TY_3_813.bmp,TY_3
C:\Users\501\Desktop\train_test\G2_train_test\TY_3\TY_3_814.bmp,TY_3
C:\Users\501\Desktop\train_test\G2_train_test\TY_3\TY_3_815.bmp,TY_3
C:\Users\501\Desktop\train_test\G2_train_test\TY_3\TY_3_816.bmp,TY_3
C:\Users\501\Desktop\train_test\G2_train_test\TY_3\TY_3_817.bmp,TY_3
C:\Users\501\Desktop\train_test\G2_train_test\TY_3\TY_3_818.bmp,TY_3
C:\Users\501\Desktop\train_test\G2_train_test\TY_3\TY_3_819.bmp,TY_3
C:\Users\501\Desktop\train_test\G2_train_test\TY_3\TY_3_82.bmp,TY_3
C:\Users\501\Desktop\train_test\G2_train_test\TY_3\TY_3_820.bmp,TY_3
C:\Users\501\Desktop\train_test\G2_train_test\TY_3\TY_3_821.bmp,KH_147
C:\Users\501\Desktop\train_test\G2_train_test\TY_3\TY_3_822.bmp,TY_3
C:\Users\501\Desktop\train_test\G2_train_test\TY_3\TY_3_823.bmp,TY_3
C:\Users\501\Desktop\train_test\G2_train_test\TY_3\TY_3_824.bmp,TY_3
C:\Users\501\Desktop\train_test\G2_train_test\TY_3\TY_3_825.bmp,TY_3
C:\Users\501\Desktop\train_test\G2_train_test\TY_3\TY_3_826.bmp,TY_3
C:\Users\501\Desktop\train_test\G2_train_test\TY_3\TY_3_827.bmp,TY_3
C:\Users\501\Desktop\train_test\G2_train_test\TY_3\TY_3_828.bmp,TY_3
C:\Users\501\Desktop\train_test\G2_train_test\TY_3\TY_3_829.bmp,TY_3
C:\Users\501\Desktop\train_test\G2_train_test\TY_3\TY_3_83.bmp,TY_3
C:\Users\501\Desktop\train_test\G2_train_test\TY_3\TY_3_830.bmp,TY_3
C:\Users\501\Desktop\train_test\G2_train_test\TY_3\TY_3_831.bmp,TY_3
C:\Users\501\Desktop\train_test\G2_train_test\TY_3\TY_3_832.bmp,TY_3
C:\Users\501\Desktop\train_test\G2_train_test\TY_3\TY_3_833.bmp,TY_3
C:\Users\501\Desktop\train_test\G2_train_test\TY_3\TY_3_834.bmp,TY_3
C:\Users\501\Desktop\train_test\G2_train_test\TY_3\TY_3_835.bmp,TY_3
C:\Users\501\Desktop\train_test\G2_train_test\TY_3\TY_3_836.bmp,TY_3
C:\Users\501\Desktop\train_test\G2_train_test\TY_3\TY_3_837.bmp,TY_3
C:\Users\501\Desktop\train_test\G2_train_test\TY_3\TY_3_838.bmp,TY_3
C:\Users\501\Desktop\train_test\G2_train_test\TY_3\TY_3_839.bmp,TY_3
C:\Users\501\Desktop\train_test\G2_train_test\TY_3\TY_3_84.bmp,TY_3
C:\Users\501\Desktop\train_test\G2_train_test\TY_3\TY_3_840.bmp,TY_3
C:\Users\501\Desktop\train_test\G2_train_test\TY_3\TY_3_841.bmp,TY_3
C:\Users\501\Desktop\train_test\G2_train_test\TY_3\TY_3_842.bmp,KH_147
C:\Users\501\Desktop\train_test\G2_train_test\TY_3\TY_3_843.bmp,TY_3
C:\Users\501\Desktop\train_test\G2_train_test\TY_3\TY_3_844.bmp,TY_3
C:\Users\501\Desktop\train_test\G2_train_test\TY_3\TY_3_845.bmp,KH_147
C:\Users\501\Desktop\train_test\G2_train_test\TY_3\TY_3_846.bmp,TY_3
C:\Users\501\Desktop\train_test\G2_train_test\TY_3\TY_3_847.bmp,TY_3
C:\Users\501\Desktop\train_test\G2_train_test\TY_3\TY_3_848.bmp,TY_3
C:\Users\501\Desktop\train_test\G2_train_test\TY_3\TY_3_849.bmp,TY_3
C:\Users\501\Desktop\train_test\G2_train_test\TY_3\TY_3_85.bmp,TY_3
C:\Users\501\Desktop\train_test\G2_train_test\TY_3\TY_3_850.bmp,TY_3
C:\Users\501\Desktop\train_test\G2_train_test\TY_3\TY_3_851.bmp,TY_3
C:\Users\501\Desktop\train_test\G2_train_test\TY_3\TY_3_852.bmp,TY_3
C:\Users\501\Desktop\train_test\G2_train_test\TY_3\TY_3_853.bmp,TY_3
C:\Users\501\Desktop\train_test\G2_train_test\TY_3\TY_3_854.bmp,TY_3
C:\Users\501\Desktop\train_test\G2_train_test\TY_3\TY_3_855.bmp,TY_3
C:\Users\501\Desktop\train_test\G2_train_test\TY_3\TY_3_856.bmp,TY_3
C:\Users\501\Desktop\train_test\G2_train_test\TY_3\TY_3_857.bmp,TY_3
C:\Users\501\Desktop\train_test\G2_train_test\TY_3\TY_3_858.bmp,TY_3
C:\Users\501\Desktop\train_test\G2_train_test\TY_3\TY_3_859.bmp,TY_3
C:\Users\501\Desktop\train_test\G2_train_test\TY_3\TY_3_86.bmp,TY_3
C:\Users\501\Desktop\train_test\G2_train_test\TY_3\TY_3_860.bmp,TY_3
C:\Users\501\Desktop\train_test\G2_train_test\TY_3\TY_3_861.bmp,TY_3
C:\Users\501\Desktop\train_test\G2_train_test\TY_3\TY_3_862.bmp,TY_3
C:\Users\501\Desktop\train_test\G2_train_test\TY_3\TY_3_863.bmp,TY_3
C:\Users\501\Desktop\train_test\G2_train_test\TY_3\TY_3_864.bmp,TY_3
C:\Users\501\Desktop\train_test\G2_train_test\TY_3\TY_3_865.bmp,TY_3
C:\Users\501\Desktop\train_test\G2_train_test\TY_3\TY_3_866.bmp,TY_3
C:\Users\501\Desktop\train_test\G2_train_test\TY_3\TY_3_867.bmp,TY_3
C:\Users\501\Desktop\train_test\G2_train_test\TY_3\TY_3_868.bmp,TY_3
C:\Users\501\Desktop\train_test\G2_train_test\TY_3\TY_3_869.bmp,TY_3
C:\Users\501\Desktop\train_test\G2_train_test\TY_3\TY_3_87.bmp,TY_3
C:\Users\501\Desktop\train_test\G2_train_test\TY_3\TY_3_870.bmp,TY_3
C:\Users\501\Desktop\train_test\G2_train_test\TY_3\TY_3_871.bmp,TY_3
C:\Users\501\Desktop\train_test\G2_train_test\TY_3\TY_3_872.bmp,TY_3
C:\Users\501\Desktop\train_test\G2_train_test\TY_3\TY_3_873.bmp,TY_3
C:\Users\501\Desktop\train_test\G2_train_test\TY_3\TY_3_874.bmp,TY_3
C:\Users\501\Desktop\train_test\G2_train_test\TY_3\TY_3_875.bmp,TY_3
C:\Users\501\Desktop\train_test\G2_train_test\TY_3\TY_3_876.bmp,TY_3
C:\Users\501\Desktop\train_test\G2_train_test\TY_3\TY_3_877.bmp,TY_3
C:\Users\501\Desktop\train_test\G2_train_test\TY_3\TY_3_878.bmp,TY_3
C:\Users\501\Desktop\train_test\G2_train_test\TY_3\TY_3_879.bmp,TY_3
C:\Users\501\Desktop\train_test\G2_train_test\TY_3\TY_3_88.bmp,TY_3
C:\Users\501\Desktop\train_test\G2_train_test\TY_3\TY_3_880.bmp,TY_3
C:\Users\501\Desktop\train_test\G2_train_test\TY_3\TY_3_881.bmp,TY_3
C:\Users\501\Desktop\train_test\G2_train_test\TY_3\TY_3_882.bmp,TY_3
C:\Users\501\Desktop\train_test\G2_train_test\TY_3\TY_3_883.bmp,TY_3
C:\Users\501\Desktop\train_test\G2_train_test\TY_3\TY_3_884.bmp,TY_3
C:\Users\501\Desktop\train_test\G2_train_test\TY_3\TY_3_885.bmp,TY_3
C:\Users\501\Desktop\train_test\G2_train_test\TY_3\TY_3_886.bmp,TY_3
C:\Users\501\Desktop\train_test\G2_train_test\TY_3\TY_3_887.bmp,TY_3
C:\Users\501\Desktop\train_test\G2_train_test\TY_3\TY_3_888.bmp,TY_3
C:\Users\501\Desktop\train_test\G2_train_test\TY_3\TY_3_889.bmp,TY_3
C:\Users\501\Desktop\train_test\G2_train_test\TY_3\TY_3_89.bmp,TY_3
C:\Users\501\Desktop\train_test\G2_train_test\TY_3\TY_3_890.bmp,TY_3
C:\Users\501\Desktop\train_test\G2_train_test\TY_3\TY_3_891.bmp,TY_3
C:\Users\501\Desktop\train_test\G2_train_test\TY_3\TY_3_892.bmp,TY_3
C:\Users\501\Desktop\train_test\G2_train_test\TY_3\TY_3_893.bmp,TY_3
C:\Users\501\Desktop\train_test\G2_train_test\TY_3\TY_3_894.bmp,TY_3
C:\Users\501\Desktop\train_test\G2_train_test\TY_3\TY_3_895.bmp,TY_3
C:\Users\501\Desktop\train_test\G2_train_test\TY_3\TY_3_896.bmp,TY_3
C:\Users\501\Desktop\train_test\G2_train_test\TY_3\TY_3_897.bmp,TY_3
C:\Users\501\Desktop\train_test\G2_train_test\TY_3\TY_3_898.bmp,TY_3
C:\Users\501\Desktop\train_test\G2_train_test\TY_3\TY_3_899.bmp,TY_3
C:\Users\501\Desktop\train_test\G2_train_test\TY_3\TY_3_9.bmp,TY_3
C:\Users\501\Desktop\train_test\G2_train_test\TY_3\TY_3_90.bmp,TY_3
C:\Users\501\Desktop\train_test\G2_train_test\TY_3\TY_3_900.bmp,TY_3
C:\Users\501\Desktop\train_test\G2_train_test\TY_3\TY_3_901.bmp,TY_3
C:\Users\501\Desktop\train_test\G2_train_test\TY_3\TY_3_902.bmp,TY_3
C:\Users\501\Desktop\train_test\G2_train_test\TY_3\TY_3_903.bmp,TY_3
C:\Users\501\Desktop\train_test\G2_train_test\TY_3\TY_3_904.bmp,TY_3
C:\Users\501\Desktop\train_test\G2_train_test\TY_3\TY_3_905.bmp,TY_3
C:\Users\501\Desktop\train_test\G2_train_test\TY_3\TY_3_906.bmp,TY_3
C:\Users\501\Desktop\train_test\G2_train_test\TY_3\TY_3_907.bmp,TY_3
C:\Users\501\Desktop\train_test\G2_train_test\TY_3\TY_3_908.bmp,TY_3
C:\Users\501\Desktop\train_test\G2_train_test\TY_3\TY_3_909.bmp,TY_3
C:\Users\501\Desktop\train_test\G2_train_test\TY_3\TY_3_91.bmp,TY_3
C:\Users\501\Desktop\train_test\G2_train_test\TY_3\TY_3_910.bmp,TY_3
C:\Users\501\Desktop\train_test\G2_train_test\TY_3\TY_3_911.bmp,TY_3
C:\Users\501\Desktop\train_test\G2_train_test\TY_3\TY_3_912.bmp,TY_3
C:\Users\501\Desktop\train_test\G2_train_test\TY_3\TY_3_913.bmp,TY_3
C:\Users\501\Desktop\train_test\G2_train_test\TY_3\TY_3_914.bmp,TY_3
C:\Users\501\Desktop\train_test\G2_train_test\TY_3\TY_3_915.bmp,TY_3
C:\Users\501\Desktop\train_test\G2_train_test\TY_3\TY_3_916.bmp,TY_3
C:\Users\501\Desktop\train_test\G2_train_test\TY_3\TY_3_917.bmp,TY_3
C:\Users\501\Desktop\train_test\G2_train_test\TY_3\TY_3_918.bmp,TY_3
C:\Users\501\Desktop\train_test\G2_train_test\TY_3\TY_3_919.bmp,TY_3
C:\Users\501\Desktop\train_test\G2_train_test\TY_3\TY_3_92.bmp,TY_3
C:\Users\501\Desktop\train_test\G2_train_test\TY_3\TY_3_920.bmp,TY_3
C:\Users\501\Desktop\train_test\G2_train_test\TY_3\TY_3_921.bmp,TY_3
C:\Users\501\Desktop\train_test\G2_train_test\TY_3\TY_3_922.bmp,TY_3
C:\Users\501\Desktop\train_test\G2_train_test\TY_3\TY_3_923.bmp,TY_3
C:\Users\501\Desktop\train_test\G2_train_test\TY_3\TY_3_924.bmp,TY_3
C:\Users\501\Desktop\train_test\G2_train_test\TY_3\TY_3_925.bmp,TY_3
C:\Users\501\Desktop\train_test\G2_train_test\TY_3\TY_3_926.bmp,TY_3
C:\Users\501\Desktop\train_test\G2_train_test\TY_3\TY_3_927.bmp,TY_3
C:\Users\501\Desktop\train_test\G2_train_test\TY_3\TY_3_928.bmp,TY_3
C:\Users\501\Desktop\train_test\G2_train_test\TY_3\TY_3_929.bmp,TY_3
C:\Users\501\Desktop\train_test\G2_train_test\TY_3\TY_3_93.bmp,TY_3
C:\Users\501\Desktop\train_test\G2_train_test\TY_3\TY_3_930.bmp,TY_3
C:\Users\501\Desktop\train_test\G2_train_test\TY_3\TY_3_931.bmp,TY_3
C:\Users\501\Desktop\train_test\G2_train_test\TY_3\TY_3_932.bmp,TY_3
C:\Users\501\Desktop\train_test\G2_train_test\TY_3\TY_3_933.bmp,TY_3
C:\Users\501\Desktop\train_test\G2_train_test\TY_3\TY_3_934.bmp,TY_3
C:\Users\501\Desktop\train_test\G2_train_test\TY_3\TY_3_935.bmp,TY_3
C:\Users\501\Desktop\train_test\G2_train_test\TY_3\TY_3_936.bmp,TY_3
C:\Users\501\Desktop\train_test\G2_train_test\TY_3\TY_3_937.bmp,TY_3
C:\Users\501\Desktop\train_test\G2_train_test\TY_3\TY_3_938.bmp,TY_3
C:\Users\501\Desktop\train_test\G2_train_test\TY_3\TY_3_939.bmp,TY_3
C:\Users\501\Desktop\train_test\G2_train_test\TY_3\TY_3_94.bmp,TY_3
C:\Users\501\Desktop\train_test\G2_train_test\TY_3\TY_3_940.bmp,TY_3
C:\Users\501\Desktop\train_test\G2_train_test\TY_3\TY_3_941.bmp,TY_3
C:\Users\501\Desktop\train_test\G2_train_test\TY_3\TY_3_942.bmp,TY_3
C:\Users\501\Desktop\train_test\G2_train_test\TY_3\TY_3_943.bmp,TY_3
C:\Users\501\Desktop\train_test\G2_train_test\TY_3\TY_3_944.bmp,TY_3
C:\Users\501\Desktop\train_test\G2_train_test\TY_3\TY_3_945.bmp,TY_3
C:\Users\501\Desktop\train_test\G2_train_test\TY_3\TY_3_946.bmp,TY_3
C:\Users\501\Desktop\train_test\G2_train_test\TY_3\TY_3_947.bmp,TY_3
C:\Users\501\Desktop\train_test\G2_train_test\TY_3\TY_3_948.bmp,TY_3
C:\Users\501\Desktop\train_test\G2_train_test\TY_3\TY_3_949.bmp,TY_3
C:\Users\501\Desktop\train_test\G2_train_test\TY_3\TY_3_95.bmp,TY_3
C:\Users\501\Desktop\train_test\G2_train_test\TY_3\TY_3_950.bmp,TY_3
C:\Users\501\Desktop\train_test\G2_train_test\TY_3\TY_3_951.bmp,TY_3
C:\Users\501\Desktop\train_test\G2_train_test\TY_3\TY_3_952.bmp,TY_3
C:\Users\501\Desktop\train_test\G2_train_test\TY_3\TY_3_953.bmp,TY_3
C:\Users\501\Desktop\train_test\G2_train_test\TY_3\TY_3_954.bmp,TY_3
C:\Users\501\Desktop\train_test\G2_train_test\TY_3\TY_3_955.bmp,TY_3
C:\Users\501\Desktop\train_test\G2_train_test\TY_3\TY_3_956.bmp,TY_3
C:\Users\501\Desktop\train_test\G2_train_test\TY_3\TY_3_957.bmp,TY_3
C:\Users\501\Desktop\train_test\G2_train_test\TY_3\TY_3_958.bmp,TY_3
C:\Users\501\Desktop\train_test\G2_train_test\TY_3\TY_3_959.bmp,TY_3
C:\Users\501\Desktop\train_test\G2_train_test\TY_3\TY_3_96.bmp,TY_3
C:\Users\501\Desktop\train_test\G2_train_test\TY_3\TY_3_960.bmp,KH_147
C:\Users\501\Desktop\train_test\G2_train_test\TY_3\TY_3_961.bmp,TY_3
C:\Users\501\Desktop\train_test\G2_train_test\TY_3\TY_3_962.bmp,TY_3
C:\Users\501\Desktop\train_test\G2_train_test\TY_3\TY_3_963.bmp,TY_3
C:\Users\501\Desktop\train_test\G2_train_test\TY_3\TY_3_964.bmp,TY_3
C:\Users\501\Desktop\train_test\G2_train_test\TY_3\TY_3_965.bmp,TY_3
C:\Users\501\Desktop\train_test\G2_train_test\TY_3\TY_3_966.bmp,TY_3
C:\Users\501\Desktop\train_test\G2_train_test\TY_3\TY_3_967.bmp,TY_3
C:\Users\501\Desktop\train_test\G2_train_test\TY_3\TY_3_968.bmp,TY_3
C:\Users\501\Desktop\train_test\G2_train_test\TY_3\TY_3_969.bmp,TY_3
C:\Users\501\Desktop\train_test\G2_train_test\TY_3\TY_3_97.bmp,TY_3
C:\Users\501\Desktop\train_test\G2_train_test\TY_3\TY_3_970.bmp,TY_3
C:\Users\501\Desktop\train_test\G2_train_test\TY_3\TY_3_971.bmp,TY_3
C:\Users\501\Desktop\train_test\G2_train_test\TY_3\TY_3_972.bmp,TY_3
C:\Users\501\Desktop\train_test\G2_train_test\TY_3\TY_3_973.bmp,TY_3
C:\Users\501\Desktop\train_test\G2_train_test\TY_3\TY_3_974.bmp,TY_3
C:\Users\501\Desktop\train_test\G2_train_test\TY_3\TY_3_975.bmp,TY_3
C:\Users\501\Desktop\train_test\G2_train_test\TY_3\TY_3_976.bmp,TY_3
C:\Users\501\Desktop\train_test\G2_train_test\TY_3\TY_3_977.bmp,TY_3
C:\Users\501\Desktop\train_test\G2_train_test\TY_3\TY_3_978.bmp,TY_3
C:\Users\501\Desktop\train_test\G2_train_test\TY_3\TY_3_979.bmp,TY_3
C:\Users\501\Desktop\train_test\G2_train_test\TY_3\TY_3_98.bmp,TY_3
C:\Users\501\Desktop\train_test\G2_train_test\TY_3\TY_3_980.bmp,TY_3
C:\Users\501\Desktop\train_test\G2_train_test\TY_3\TY_3_981.bmp,TY_3
C:\Users\501\Desktop\train_test\G2_train_test\TY_3\TY_3_982.bmp,TY_3
C:\Users\501\Desktop\train_test\G2_train_test\TY_3\TY_3_983.bmp,TY_3
C:\Users\501\Desktop\train_test\G2_train_test\TY_3\TY_3_984.bmp,TY_3
C:\Users\501\Desktop\train_test\G2_train_test\TY_3\TY_3_985.bmp,TY_3
C:\Users\501\Desktop\train_test\G2_train_test\TY_3\TY_3_986.bmp,TY_3
C:\Users\501\Desktop\train_test\G2_train_test\TY_3\TY_3_987.bmp,TY_3
C:\Users\501\Desktop\train_test\G2_train_test\TY_3\TY_3_988.bmp,TY_3
C:\Users\501\Desktop\train_test\G2_train_test\TY_3\TY_3_989.bmp,TY_3
C:\Users\501\Desktop\train_test\G2_train_test\TY_3\TY_3_99.bmp,TY_3
C:\Users\501\Desktop\train_test\G2_train_test\TY_3\TY_3_990.bmp,TY_3
C:\Users\501\Desktop\train_test\G2_train_test\TY_3\TY_3_991.bmp,TY_3
C:\Users\501\Desktop\train_test\G2_train_test\TY_3\TY_3_992.bmp,TY_3
C:\Users\501\Desktop\train_test\G2_train_test\TY_3\TY_3_993.bmp,TY_3
C:\Users\501\Desktop\train_test\G2_train_test\TY_3\TY_3_994.bmp,TY_3
C:\Users\501\Desktop\train_test\G2_train_test\TY_3\TY_3_995.bmp,TY_3
C:\Users\501\Desktop\train_test\G2_train_test\TY_3\TY_3_996.bmp,TY_3
C:\Users\501\Desktop\train_test\G2_train_test\TY_3\TY_3_997.bmp,TY_3
C:\Users\501\Desktop\train_test\G2_train_test\TY_3\TY_3_998.bmp,TY_3
C:\Users\501\Desktop\train_test\G2_train_test\TY_3\TY_3_999.bmp,TY_3


TY_3,1000,Accurate: 97.6 %
KH_139,KH_145,KH_147,TT_30,TT_33,TY_3,No
0,0,12,0,0,976,12
