C:\Users\User\Desktop\稻米分組\G2\KH_145\KH_145_0.bmp,KH_145
C:\Users\User\Desktop\稻米分組\G2\KH_145\KH_145_1.bmp,KH_145
C:\Users\User\Desktop\稻米分組\G2\KH_145\KH_145_10.bmp,KH_145
C:\Users\User\Desktop\稻米分組\G2\KH_145\KH_145_100.bmp,KH_145
C:\Users\User\Desktop\稻米分組\G2\KH_145\KH_145_101.bmp,KH_145
C:\Users\User\Desktop\稻米分組\G2\KH_145\KH_145_102.bmp,KH_145
C:\Users\User\Desktop\稻米分組\G2\KH_145\KH_145_103.bmp,KH_145
C:\Users\User\Desktop\稻米分組\G2\KH_145\KH_145_104.bmp,KH_145
C:\Users\User\Desktop\稻米分組\G2\KH_145\KH_145_105.bmp,KH_145
C:\Users\User\Desktop\稻米分組\G2\KH_145\KH_145_106.bmp,KH_145
C:\Users\User\Desktop\稻米分組\G2\KH_145\KH_145_107.bmp,KH_145
C:\Users\User\Desktop\稻米分組\G2\KH_145\KH_145_108.bmp,KH_145
C:\Users\User\Desktop\稻米分組\G2\KH_145\KH_145_109.bmp,KH_145
C:\Users\User\Desktop\稻米分組\G2\KH_145\KH_145_11.bmp,KH_145
C:\Users\User\Desktop\稻米分組\G2\KH_145\KH_145_110.bmp,KH_145
C:\Users\User\Desktop\稻米分組\G2\KH_145\KH_145_111.bmp,KH_145
C:\Users\User\Desktop\稻米分組\G2\KH_145\KH_145_112.bmp,KH_145
C:\Users\User\Desktop\稻米分組\G2\KH_145\KH_145_113.bmp,KH_145
C:\Users\User\Desktop\稻米分組\G2\KH_145\KH_145_114.bmp,KH_145
C:\Users\User\Desktop\稻米分組\G2\KH_145\KH_145_115.bmp,KH_145
C:\Users\User\Desktop\稻米分組\G2\KH_145\KH_145_116.bmp,KH_147
C:\Users\User\Desktop\稻米分組\G2\KH_145\KH_145_117.bmp,KH_145
C:\Users\User\Desktop\稻米分組\G2\KH_145\KH_145_118.bmp,KH_145
C:\Users\User\Desktop\稻米分組\G2\KH_145\KH_145_119.bmp,KH_145
C:\Users\User\Desktop\稻米分組\G2\KH_145\KH_145_12.bmp,KH_145
C:\Users\User\Desktop\稻米分組\G2\KH_145\KH_145_120.bmp,KH_145
C:\Users\User\Desktop\稻米分組\G2\KH_145\KH_145_121.bmp,KH_145
C:\Users\User\Desktop\稻米分組\G2\KH_145\KH_145_122.bmp,KH_145
C:\Users\User\Desktop\稻米分組\G2\KH_145\KH_145_123.bmp,KH_145
C:\Users\User\Desktop\稻米分組\G2\KH_145\KH_145_124.bmp,KH_145
C:\Users\User\Desktop\稻米分組\G2\KH_145\KH_145_125.bmp,KH_145
C:\Users\User\Desktop\稻米分組\G2\KH_145\KH_145_126.bmp,KH_145
C:\Users\User\Desktop\稻米分組\G2\KH_145\KH_145_127.bmp,KH_145
C:\Users\User\Desktop\稻米分組\G2\KH_145\KH_145_128.bmp,KH_145
C:\Users\User\Desktop\稻米分組\G2\KH_145\KH_145_129.bmp,KH_145
C:\Users\User\Desktop\稻米分組\G2\KH_145\KH_145_13.bmp,KH_145
C:\Users\User\Desktop\稻米分組\G2\KH_145\KH_145_130.bmp,KH_145
C:\Users\User\Desktop\稻米分組\G2\KH_145\KH_145_131.bmp,KH_145
C:\Users\User\Desktop\稻米分組\G2\KH_145\KH_145_132.bmp,KH_145
C:\Users\User\Desktop\稻米分組\G2\KH_145\KH_145_133.bmp,KH_145
C:\Users\User\Desktop\稻米分組\G2\KH_145\KH_145_134.bmp,KH_145
C:\Users\User\Desktop\稻米分組\G2\KH_145\KH_145_135.bmp,KH_145
C:\Users\User\Desktop\稻米分組\G2\KH_145\KH_145_136.bmp,KH_145
C:\Users\User\Desktop\稻米分組\G2\KH_145\KH_145_137.bmp,KH_145
C:\Users\User\Desktop\稻米分組\G2\KH_145\KH_145_138.bmp,KH_145
C:\Users\User\Desktop\稻米分組\G2\KH_145\KH_145_139.bmp,KH_145
C:\Users\User\Desktop\稻米分組\G2\KH_145\KH_145_14.bmp,KH_145
C:\Users\User\Desktop\稻米分組\G2\KH_145\KH_145_140.bmp,KH_145
C:\Users\User\Desktop\稻米分組\G2\KH_145\KH_145_141.bmp,KH_145
C:\Users\User\Desktop\稻米分組\G2\KH_145\KH_145_142.bmp,KH_145
C:\Users\User\Desktop\稻米分組\G2\KH_145\KH_145_143.bmp,KH_145
C:\Users\User\Desktop\稻米分組\G2\KH_145\KH_145_144.bmp,KH_145
C:\Users\User\Desktop\稻米分組\G2\KH_145\KH_145_145.bmp,KH_145
C:\Users\User\Desktop\稻米分組\G2\KH_145\KH_145_146.bmp,KH_145
C:\Users\User\Desktop\稻米分組\G2\KH_145\KH_145_147.bmp,KH_145
C:\Users\User\Desktop\稻米分組\G2\KH_145\KH_145_148.bmp,KH_145
C:\Users\User\Desktop\稻米分組\G2\KH_145\KH_145_149.bmp,KH_145
C:\Users\User\Desktop\稻米分組\G2\KH_145\KH_145_15.bmp,KH_145
C:\Users\User\Desktop\稻米分組\G2\KH_145\KH_145_150.bmp,KH_145
C:\Users\User\Desktop\稻米分組\G2\KH_145\KH_145_151.bmp,KH_145
C:\Users\User\Desktop\稻米分組\G2\KH_145\KH_145_152.bmp,KH_145
C:\Users\User\Desktop\稻米分組\G2\KH_145\KH_145_153.bmp,KH_145
C:\Users\User\Desktop\稻米分組\G2\KH_145\KH_145_154.bmp,KH_145
C:\Users\User\Desktop\稻米分組\G2\KH_145\KH_145_155.bmp,KH_145
C:\Users\User\Desktop\稻米分組\G2\KH_145\KH_145_156.bmp,KH_145
C:\Users\User\Desktop\稻米分組\G2\KH_145\KH_145_157.bmp,KH_145
C:\Users\User\Desktop\稻米分組\G2\KH_145\KH_145_158.bmp,KH_145
C:\Users\User\Desktop\稻米分組\G2\KH_145\KH_145_159.bmp,KH_145
C:\Users\User\Desktop\稻米分組\G2\KH_145\KH_145_16.bmp,KH_145
C:\Users\User\Desktop\稻米分組\G2\KH_145\KH_145_160.bmp,KH_145
C:\Users\User\Desktop\稻米分組\G2\KH_145\KH_145_161.bmp,KH_145
C:\Users\User\Desktop\稻米分組\G2\KH_145\KH_145_162.bmp,KH_145
C:\Users\User\Desktop\稻米分組\G2\KH_145\KH_145_163.bmp,KH_145
C:\Users\User\Desktop\稻米分組\G2\KH_145\KH_145_164.bmp,KH_145
C:\Users\User\Desktop\稻米分組\G2\KH_145\KH_145_165.bmp,KH_145
C:\Users\User\Desktop\稻米分組\G2\KH_145\KH_145_166.bmp,KH_145
C:\Users\User\Desktop\稻米分組\G2\KH_145\KH_145_167.bmp,KH_145
C:\Users\User\Desktop\稻米分組\G2\KH_145\KH_145_168.bmp,KH_145
C:\Users\User\Desktop\稻米分組\G2\KH_145\KH_145_169.bmp,KH_145
C:\Users\User\Desktop\稻米分組\G2\KH_145\KH_145_17.bmp,KH_145
C:\Users\User\Desktop\稻米分組\G2\KH_145\KH_145_170.bmp,KH_145
C:\Users\User\Desktop\稻米分組\G2\KH_145\KH_145_171.bmp,KH_145
C:\Users\User\Desktop\稻米分組\G2\KH_145\KH_145_172.bmp,KH_145
C:\Users\User\Desktop\稻米分組\G2\KH_145\KH_145_173.bmp,KH_145
C:\Users\User\Desktop\稻米分組\G2\KH_145\KH_145_174.bmp,KH_145
C:\Users\User\Desktop\稻米分組\G2\KH_145\KH_145_175.bmp,KH_145
C:\Users\User\Desktop\稻米分組\G2\KH_145\KH_145_176.bmp,KH_147
C:\Users\User\Desktop\稻米分組\G2\KH_145\KH_145_177.bmp,KH_145
C:\Users\User\Desktop\稻米分組\G2\KH_145\KH_145_178.bmp,KH_145
C:\Users\User\Desktop\稻米分組\G2\KH_145\KH_145_179.bmp,KH_145
C:\Users\User\Desktop\稻米分組\G2\KH_145\KH_145_18.bmp,KH_145
C:\Users\User\Desktop\稻米分組\G2\KH_145\KH_145_180.bmp,KH_145
C:\Users\User\Desktop\稻米分組\G2\KH_145\KH_145_181.bmp,KH_145
C:\Users\User\Desktop\稻米分組\G2\KH_145\KH_145_182.bmp,KH_147
C:\Users\User\Desktop\稻米分組\G2\KH_145\KH_145_183.bmp,KH_145
C:\Users\User\Desktop\稻米分組\G2\KH_145\KH_145_184.bmp,KH_145
C:\Users\User\Desktop\稻米分組\G2\KH_145\KH_145_185.bmp,KH_145
C:\Users\User\Desktop\稻米分組\G2\KH_145\KH_145_186.bmp,KH_145
C:\Users\User\Desktop\稻米分組\G2\KH_145\KH_145_187.bmp,KH_145
C:\Users\User\Desktop\稻米分組\G2\KH_145\KH_145_188.bmp,KH_145
C:\Users\User\Desktop\稻米分組\G2\KH_145\KH_145_189.bmp,KH_145
C:\Users\User\Desktop\稻米分組\G2\KH_145\KH_145_19.bmp,KH_145
C:\Users\User\Desktop\稻米分組\G2\KH_145\KH_145_190.bmp,KH_145
C:\Users\User\Desktop\稻米分組\G2\KH_145\KH_145_191.bmp,KH_145
C:\Users\User\Desktop\稻米分組\G2\KH_145\KH_145_192.bmp,KH_145
C:\Users\User\Desktop\稻米分組\G2\KH_145\KH_145_193.bmp,KH_145
C:\Users\User\Desktop\稻米分組\G2\KH_145\KH_145_194.bmp,KH_145
C:\Users\User\Desktop\稻米分組\G2\KH_145\KH_145_195.bmp,KH_145
C:\Users\User\Desktop\稻米分組\G2\KH_145\KH_145_196.bmp,KH_145
C:\Users\User\Desktop\稻米分組\G2\KH_145\KH_145_197.bmp,KH_145
C:\Users\User\Desktop\稻米分組\G2\KH_145\KH_145_198.bmp,KH_145
C:\Users\User\Desktop\稻米分組\G2\KH_145\KH_145_199.bmp,KH_145
C:\Users\User\Desktop\稻米分組\G2\KH_145\KH_145_2.bmp,KH_145
C:\Users\User\Desktop\稻米分組\G2\KH_145\KH_145_20.bmp,KH_145
C:\Users\User\Desktop\稻米分組\G2\KH_145\KH_145_200.bmp,KH_145
C:\Users\User\Desktop\稻米分組\G2\KH_145\KH_145_201.bmp,KH_145
C:\Users\User\Desktop\稻米分組\G2\KH_145\KH_145_202.bmp,KH_145
C:\Users\User\Desktop\稻米分組\G2\KH_145\KH_145_203.bmp,KH_145
C:\Users\User\Desktop\稻米分組\G2\KH_145\KH_145_204.bmp,KH_145
C:\Users\User\Desktop\稻米分組\G2\KH_145\KH_145_205.bmp,KH_145
C:\Users\User\Desktop\稻米分組\G2\KH_145\KH_145_206.bmp,KH_145
C:\Users\User\Desktop\稻米分組\G2\KH_145\KH_145_207.bmp,KH_145
C:\Users\User\Desktop\稻米分組\G2\KH_145\KH_145_208.bmp,KH_145
C:\Users\User\Desktop\稻米分組\G2\KH_145\KH_145_209.bmp,KH_145
C:\Users\User\Desktop\稻米分組\G2\KH_145\KH_145_21.bmp,KH_145
C:\Users\User\Desktop\稻米分組\G2\KH_145\KH_145_210.bmp,KH_145
C:\Users\User\Desktop\稻米分組\G2\KH_145\KH_145_211.bmp,KH_147
C:\Users\User\Desktop\稻米分組\G2\KH_145\KH_145_212.bmp,KH_145
C:\Users\User\Desktop\稻米分組\G2\KH_145\KH_145_213.bmp,KH_145
C:\Users\User\Desktop\稻米分組\G2\KH_145\KH_145_214.bmp,KH_145
C:\Users\User\Desktop\稻米分組\G2\KH_145\KH_145_215.bmp,KH_145
C:\Users\User\Desktop\稻米分組\G2\KH_145\KH_145_216.bmp,KH_145
C:\Users\User\Desktop\稻米分組\G2\KH_145\KH_145_217.bmp,KH_145
C:\Users\User\Desktop\稻米分組\G2\KH_145\KH_145_218.bmp,KH_145
C:\Users\User\Desktop\稻米分組\G2\KH_145\KH_145_219.bmp,KH_145
C:\Users\User\Desktop\稻米分組\G2\KH_145\KH_145_22.bmp,KH_145
C:\Users\User\Desktop\稻米分組\G2\KH_145\KH_145_220.bmp,KH_147
C:\Users\User\Desktop\稻米分組\G2\KH_145\KH_145_221.bmp,KH_145
C:\Users\User\Desktop\稻米分組\G2\KH_145\KH_145_222.bmp,KH_145
C:\Users\User\Desktop\稻米分組\G2\KH_145\KH_145_223.bmp,KH_145
C:\Users\User\Desktop\稻米分組\G2\KH_145\KH_145_224.bmp,KH_145
C:\Users\User\Desktop\稻米分組\G2\KH_145\KH_145_225.bmp,KH_145
C:\Users\User\Desktop\稻米分組\G2\KH_145\KH_145_226.bmp,KH_145
C:\Users\User\Desktop\稻米分組\G2\KH_145\KH_145_227.bmp,KH_145
C:\Users\User\Desktop\稻米分組\G2\KH_145\KH_145_228.bmp,KH_145
C:\Users\User\Desktop\稻米分組\G2\KH_145\KH_145_229.bmp,KH_145
C:\Users\User\Desktop\稻米分組\G2\KH_145\KH_145_23.bmp,KH_147
C:\Users\User\Desktop\稻米分組\G2\KH_145\KH_145_230.bmp,KH_145
C:\Users\User\Desktop\稻米分組\G2\KH_145\KH_145_231.bmp,KH_145
C:\Users\User\Desktop\稻米分組\G2\KH_145\KH_145_232.bmp,KH_145
C:\Users\User\Desktop\稻米分組\G2\KH_145\KH_145_233.bmp,KH_145
C:\Users\User\Desktop\稻米分組\G2\KH_145\KH_145_234.bmp,KH_145
C:\Users\User\Desktop\稻米分組\G2\KH_145\KH_145_235.bmp,KH_145
C:\Users\User\Desktop\稻米分組\G2\KH_145\KH_145_236.bmp,KH_145
C:\Users\User\Desktop\稻米分組\G2\KH_145\KH_145_237.bmp,KH_145
C:\Users\User\Desktop\稻米分組\G2\KH_145\KH_145_238.bmp,KH_145
C:\Users\User\Desktop\稻米分組\G2\KH_145\KH_145_239.bmp,KH_145
C:\Users\User\Desktop\稻米分組\G2\KH_145\KH_145_24.bmp,KH_145
C:\Users\User\Desktop\稻米分組\G2\KH_145\KH_145_240.bmp,KH_147
C:\Users\User\Desktop\稻米分組\G2\KH_145\KH_145_241.bmp,KH_145
C:\Users\User\Desktop\稻米分組\G2\KH_145\KH_145_242.bmp,KH_145
C:\Users\User\Desktop\稻米分組\G2\KH_145\KH_145_243.bmp,KH_145
C:\Users\User\Desktop\稻米分組\G2\KH_145\KH_145_244.bmp,KH_145
C:\Users\User\Desktop\稻米分組\G2\KH_145\KH_145_245.bmp,KH_145
C:\Users\User\Desktop\稻米分組\G2\KH_145\KH_145_246.bmp,KH_145
C:\Users\User\Desktop\稻米分組\G2\KH_145\KH_145_247.bmp,KH_145
C:\Users\User\Desktop\稻米分組\G2\KH_145\KH_145_248.bmp,KH_145
C:\Users\User\Desktop\稻米分組\G2\KH_145\KH_145_249.bmp,KH_145
C:\Users\User\Desktop\稻米分組\G2\KH_145\KH_145_25.bmp,KH_145
C:\Users\User\Desktop\稻米分組\G2\KH_145\KH_145_250.bmp,KH_145
C:\Users\User\Desktop\稻米分組\G2\KH_145\KH_145_251.bmp,KH_145
C:\Users\User\Desktop\稻米分組\G2\KH_145\KH_145_252.bmp,KH_145
C:\Users\User\Desktop\稻米分組\G2\KH_145\KH_145_253.bmp,KH_145
C:\Users\User\Desktop\稻米分組\G2\KH_145\KH_145_254.bmp,KH_145
C:\Users\User\Desktop\稻米分組\G2\KH_145\KH_145_255.bmp,KH_145
C:\Users\User\Desktop\稻米分組\G2\KH_145\KH_145_256.bmp,KH_145
C:\Users\User\Desktop\稻米分組\G2\KH_145\KH_145_257.bmp,KH_145
C:\Users\User\Desktop\稻米分組\G2\KH_145\KH_145_258.bmp,KH_145
C:\Users\User\Desktop\稻米分組\G2\KH_145\KH_145_259.bmp,KH_145
C:\Users\User\Desktop\稻米分組\G2\KH_145\KH_145_26.bmp,KH_145
C:\Users\User\Desktop\稻米分組\G2\KH_145\KH_145_260.bmp,KH_145
C:\Users\User\Desktop\稻米分組\G2\KH_145\KH_145_261.bmp,KH_145
C:\Users\User\Desktop\稻米分組\G2\KH_145\KH_145_262.bmp,KH_145
C:\Users\User\Desktop\稻米分組\G2\KH_145\KH_145_263.bmp,KH_145
C:\Users\User\Desktop\稻米分組\G2\KH_145\KH_145_264.bmp,KH_145
C:\Users\User\Desktop\稻米分組\G2\KH_145\KH_145_265.bmp,KH_145
C:\Users\User\Desktop\稻米分組\G2\KH_145\KH_145_266.bmp,KH_147
C:\Users\User\Desktop\稻米分組\G2\KH_145\KH_145_267.bmp,KH_145
C:\Users\User\Desktop\稻米分組\G2\KH_145\KH_145_268.bmp,KH_145
C:\Users\User\Desktop\稻米分組\G2\KH_145\KH_145_269.bmp,KH_145
C:\Users\User\Desktop\稻米分組\G2\KH_145\KH_145_27.bmp,KH_145
C:\Users\User\Desktop\稻米分組\G2\KH_145\KH_145_270.bmp,KH_145
C:\Users\User\Desktop\稻米分組\G2\KH_145\KH_145_271.bmp,KH_145
C:\Users\User\Desktop\稻米分組\G2\KH_145\KH_145_272.bmp,KH_145
C:\Users\User\Desktop\稻米分組\G2\KH_145\KH_145_273.bmp,KH_145
C:\Users\User\Desktop\稻米分組\G2\KH_145\KH_145_274.bmp,KH_145
C:\Users\User\Desktop\稻米分組\G2\KH_145\KH_145_275.bmp,KH_145
C:\Users\User\Desktop\稻米分組\G2\KH_145\KH_145_276.bmp,KH_147
C:\Users\User\Desktop\稻米分組\G2\KH_145\KH_145_277.bmp,KH_145
C:\Users\User\Desktop\稻米分組\G2\KH_145\KH_145_278.bmp,KH_145
C:\Users\User\Desktop\稻米分組\G2\KH_145\KH_145_279.bmp,KH_145
C:\Users\User\Desktop\稻米分組\G2\KH_145\KH_145_28.bmp,KH_145
C:\Users\User\Desktop\稻米分組\G2\KH_145\KH_145_280.bmp,KH_145
C:\Users\User\Desktop\稻米分組\G2\KH_145\KH_145_281.bmp,KH_145
C:\Users\User\Desktop\稻米分組\G2\KH_145\KH_145_282.bmp,KH_145
C:\Users\User\Desktop\稻米分組\G2\KH_145\KH_145_283.bmp,KH_145
C:\Users\User\Desktop\稻米分組\G2\KH_145\KH_145_284.bmp,KH_145
C:\Users\User\Desktop\稻米分組\G2\KH_145\KH_145_285.bmp,KH_145
C:\Users\User\Desktop\稻米分組\G2\KH_145\KH_145_286.bmp,KH_145
C:\Users\User\Desktop\稻米分組\G2\KH_145\KH_145_287.bmp,KH_145
C:\Users\User\Desktop\稻米分組\G2\KH_145\KH_145_288.bmp,KH_145
C:\Users\User\Desktop\稻米分組\G2\KH_145\KH_145_289.bmp,KH_145
C:\Users\User\Desktop\稻米分組\G2\KH_145\KH_145_29.bmp,KH_145
C:\Users\User\Desktop\稻米分組\G2\KH_145\KH_145_290.bmp,KH_145
C:\Users\User\Desktop\稻米分組\G2\KH_145\KH_145_291.bmp,KH_145
C:\Users\User\Desktop\稻米分組\G2\KH_145\KH_145_292.bmp,KH_145
C:\Users\User\Desktop\稻米分組\G2\KH_145\KH_145_293.bmp,KH_145
C:\Users\User\Desktop\稻米分組\G2\KH_145\KH_145_294.bmp,KH_145
C:\Users\User\Desktop\稻米分組\G2\KH_145\KH_145_295.bmp,KH_145
C:\Users\User\Desktop\稻米分組\G2\KH_145\KH_145_296.bmp,KH_145
C:\Users\User\Desktop\稻米分組\G2\KH_145\KH_145_297.bmp,KH_145
C:\Users\User\Desktop\稻米分組\G2\KH_145\KH_145_298.bmp,KH_145
C:\Users\User\Desktop\稻米分組\G2\KH_145\KH_145_299.bmp,KH_145
C:\Users\User\Desktop\稻米分組\G2\KH_145\KH_145_3.bmp,KH_145
C:\Users\User\Desktop\稻米分組\G2\KH_145\KH_145_30.bmp,KH_145
C:\Users\User\Desktop\稻米分組\G2\KH_145\KH_145_300.bmp,KH_145
C:\Users\User\Desktop\稻米分組\G2\KH_145\KH_145_301.bmp,KH_145
C:\Users\User\Desktop\稻米分組\G2\KH_145\KH_145_302.bmp,KH_145
C:\Users\User\Desktop\稻米分組\G2\KH_145\KH_145_303.bmp,KH_145
C:\Users\User\Desktop\稻米分組\G2\KH_145\KH_145_304.bmp,KH_145
C:\Users\User\Desktop\稻米分組\G2\KH_145\KH_145_305.bmp,KH_145
C:\Users\User\Desktop\稻米分組\G2\KH_145\KH_145_306.bmp,KH_145
C:\Users\User\Desktop\稻米分組\G2\KH_145\KH_145_307.bmp,KH_145
C:\Users\User\Desktop\稻米分組\G2\KH_145\KH_145_308.bmp,KH_145
C:\Users\User\Desktop\稻米分組\G2\KH_145\KH_145_309.bmp,KH_147
C:\Users\User\Desktop\稻米分組\G2\KH_145\KH_145_31.bmp,KH_145
C:\Users\User\Desktop\稻米分組\G2\KH_145\KH_145_310.bmp,KH_145
C:\Users\User\Desktop\稻米分組\G2\KH_145\KH_145_311.bmp,KH_145
C:\Users\User\Desktop\稻米分組\G2\KH_145\KH_145_312.bmp,KH_145
C:\Users\User\Desktop\稻米分組\G2\KH_145\KH_145_313.bmp,KH_145
C:\Users\User\Desktop\稻米分組\G2\KH_145\KH_145_314.bmp,KH_145
C:\Users\User\Desktop\稻米分組\G2\KH_145\KH_145_315.bmp,KH_145
C:\Users\User\Desktop\稻米分組\G2\KH_145\KH_145_316.bmp,KH_147
C:\Users\User\Desktop\稻米分組\G2\KH_145\KH_145_317.bmp,KH_145
C:\Users\User\Desktop\稻米分組\G2\KH_145\KH_145_318.bmp,KH_145
C:\Users\User\Desktop\稻米分組\G2\KH_145\KH_145_319.bmp,KH_145
C:\Users\User\Desktop\稻米分組\G2\KH_145\KH_145_32.bmp,KH_145
C:\Users\User\Desktop\稻米分組\G2\KH_145\KH_145_320.bmp,KH_145
C:\Users\User\Desktop\稻米分組\G2\KH_145\KH_145_321.bmp,KH_145
C:\Users\User\Desktop\稻米分組\G2\KH_145\KH_145_322.bmp,KH_145
C:\Users\User\Desktop\稻米分組\G2\KH_145\KH_145_323.bmp,KH_145
C:\Users\User\Desktop\稻米分組\G2\KH_145\KH_145_324.bmp,KH_145
C:\Users\User\Desktop\稻米分組\G2\KH_145\KH_145_325.bmp,KH_145
C:\Users\User\Desktop\稻米分組\G2\KH_145\KH_145_326.bmp,KH_145
C:\Users\User\Desktop\稻米分組\G2\KH_145\KH_145_327.bmp,KH_145
C:\Users\User\Desktop\稻米分組\G2\KH_145\KH_145_328.bmp,KH_145
C:\Users\User\Desktop\稻米分組\G2\KH_145\KH_145_329.bmp,KH_145
C:\Users\User\Desktop\稻米分組\G2\KH_145\KH_145_33.bmp,KH_145
C:\Users\User\Desktop\稻米分組\G2\KH_145\KH_145_330.bmp,KH_145
C:\Users\User\Desktop\稻米分組\G2\KH_145\KH_145_331.bmp,KH_145
C:\Users\User\Desktop\稻米分組\G2\KH_145\KH_145_332.bmp,KH_145
C:\Users\User\Desktop\稻米分組\G2\KH_145\KH_145_333.bmp,KH_145
C:\Users\User\Desktop\稻米分組\G2\KH_145\KH_145_334.bmp,KH_145
C:\Users\User\Desktop\稻米分組\G2\KH_145\KH_145_335.bmp,KH_147
C:\Users\User\Desktop\稻米分組\G2\KH_145\KH_145_336.bmp,KH_145
C:\Users\User\Desktop\稻米分組\G2\KH_145\KH_145_337.bmp,KH_145
C:\Users\User\Desktop\稻米分組\G2\KH_145\KH_145_338.bmp,KH_145
C:\Users\User\Desktop\稻米分組\G2\KH_145\KH_145_339.bmp,KH_145
C:\Users\User\Desktop\稻米分組\G2\KH_145\KH_145_34.bmp,KH_145
C:\Users\User\Desktop\稻米分組\G2\KH_145\KH_145_340.bmp,KH_145
C:\Users\User\Desktop\稻米分組\G2\KH_145\KH_145_341.bmp,KH_145
C:\Users\User\Desktop\稻米分組\G2\KH_145\KH_145_342.bmp,KH_145
C:\Users\User\Desktop\稻米分組\G2\KH_145\KH_145_343.bmp,KH_145
C:\Users\User\Desktop\稻米分組\G2\KH_145\KH_145_344.bmp,KH_145
C:\Users\User\Desktop\稻米分組\G2\KH_145\KH_145_345.bmp,KH_145
C:\Users\User\Desktop\稻米分組\G2\KH_145\KH_145_346.bmp,KH_145
C:\Users\User\Desktop\稻米分組\G2\KH_145\KH_145_347.bmp,KH_145
C:\Users\User\Desktop\稻米分組\G2\KH_145\KH_145_348.bmp,KH_145
C:\Users\User\Desktop\稻米分組\G2\KH_145\KH_145_349.bmp,KH_145
C:\Users\User\Desktop\稻米分組\G2\KH_145\KH_145_35.bmp,KH_145
C:\Users\User\Desktop\稻米分組\G2\KH_145\KH_145_350.bmp,KH_145
C:\Users\User\Desktop\稻米分組\G2\KH_145\KH_145_351.bmp,KH_145
C:\Users\User\Desktop\稻米分組\G2\KH_145\KH_145_352.bmp,KH_145
C:\Users\User\Desktop\稻米分組\G2\KH_145\KH_145_353.bmp,KH_145
C:\Users\User\Desktop\稻米分組\G2\KH_145\KH_145_354.bmp,KH_145
C:\Users\User\Desktop\稻米分組\G2\KH_145\KH_145_355.bmp,KH_145
C:\Users\User\Desktop\稻米分組\G2\KH_145\KH_145_356.bmp,KH_145
C:\Users\User\Desktop\稻米分組\G2\KH_145\KH_145_357.bmp,KH_145
C:\Users\User\Desktop\稻米分組\G2\KH_145\KH_145_358.bmp,KH_145
C:\Users\User\Desktop\稻米分組\G2\KH_145\KH_145_359.bmp,KH_145
C:\Users\User\Desktop\稻米分組\G2\KH_145\KH_145_36.bmp,KH_145
C:\Users\User\Desktop\稻米分組\G2\KH_145\KH_145_360.bmp,KH_145
C:\Users\User\Desktop\稻米分組\G2\KH_145\KH_145_361.bmp,KH_145
C:\Users\User\Desktop\稻米分組\G2\KH_145\KH_145_362.bmp,KH_145
C:\Users\User\Desktop\稻米分組\G2\KH_145\KH_145_363.bmp,KH_145
C:\Users\User\Desktop\稻米分組\G2\KH_145\KH_145_364.bmp,KH_145
C:\Users\User\Desktop\稻米分組\G2\KH_145\KH_145_365.bmp,KH_145
C:\Users\User\Desktop\稻米分組\G2\KH_145\KH_145_366.bmp,KH_145
C:\Users\User\Desktop\稻米分組\G2\KH_145\KH_145_367.bmp,KH_145
C:\Users\User\Desktop\稻米分組\G2\KH_145\KH_145_368.bmp,KH_145
C:\Users\User\Desktop\稻米分組\G2\KH_145\KH_145_369.bmp,KH_145
C:\Users\User\Desktop\稻米分組\G2\KH_145\KH_145_37.bmp,KH_145
C:\Users\User\Desktop\稻米分組\G2\KH_145\KH_145_370.bmp,KH_145
C:\Users\User\Desktop\稻米分組\G2\KH_145\KH_145_371.bmp,KH_145
C:\Users\User\Desktop\稻米分組\G2\KH_145\KH_145_372.bmp,KH_145
C:\Users\User\Desktop\稻米分組\G2\KH_145\KH_145_373.bmp,KH_147
C:\Users\User\Desktop\稻米分組\G2\KH_145\KH_145_374.bmp,KH_145
C:\Users\User\Desktop\稻米分組\G2\KH_145\KH_145_375.bmp,KH_145
C:\Users\User\Desktop\稻米分組\G2\KH_145\KH_145_376.bmp,KH_145
C:\Users\User\Desktop\稻米分組\G2\KH_145\KH_145_377.bmp,KH_145
C:\Users\User\Desktop\稻米分組\G2\KH_145\KH_145_378.bmp,KH_145
C:\Users\User\Desktop\稻米分組\G2\KH_145\KH_145_379.bmp,KH_145
C:\Users\User\Desktop\稻米分組\G2\KH_145\KH_145_38.bmp,KH_145
C:\Users\User\Desktop\稻米分組\G2\KH_145\KH_145_380.bmp,KH_145
C:\Users\User\Desktop\稻米分組\G2\KH_145\KH_145_381.bmp,KH_145
C:\Users\User\Desktop\稻米分組\G2\KH_145\KH_145_382.bmp,KH_145
C:\Users\User\Desktop\稻米分組\G2\KH_145\KH_145_383.bmp,KH_145
C:\Users\User\Desktop\稻米分組\G2\KH_145\KH_145_384.bmp,KH_145
C:\Users\User\Desktop\稻米分組\G2\KH_145\KH_145_385.bmp,KH_145
C:\Users\User\Desktop\稻米分組\G2\KH_145\KH_145_386.bmp,KH_145
C:\Users\User\Desktop\稻米分組\G2\KH_145\KH_145_387.bmp,KH_145
C:\Users\User\Desktop\稻米分組\G2\KH_145\KH_145_388.bmp,KH_145
C:\Users\User\Desktop\稻米分組\G2\KH_145\KH_145_389.bmp,KH_145
C:\Users\User\Desktop\稻米分組\G2\KH_145\KH_145_39.bmp,KH_145
C:\Users\User\Desktop\稻米分組\G2\KH_145\KH_145_390.bmp,KH_145
C:\Users\User\Desktop\稻米分組\G2\KH_145\KH_145_391.bmp,KH_145
C:\Users\User\Desktop\稻米分組\G2\KH_145\KH_145_392.bmp,KH_145
C:\Users\User\Desktop\稻米分組\G2\KH_145\KH_145_393.bmp,KH_147
C:\Users\User\Desktop\稻米分組\G2\KH_145\KH_145_394.bmp,KH_147
C:\Users\User\Desktop\稻米分組\G2\KH_145\KH_145_395.bmp,KH_145
C:\Users\User\Desktop\稻米分組\G2\KH_145\KH_145_396.bmp,KH_145
C:\Users\User\Desktop\稻米分組\G2\KH_145\KH_145_397.bmp,KH_145
C:\Users\User\Desktop\稻米分組\G2\KH_145\KH_145_398.bmp,KH_145
C:\Users\User\Desktop\稻米分組\G2\KH_145\KH_145_399.bmp,KH_145
C:\Users\User\Desktop\稻米分組\G2\KH_145\KH_145_4.bmp,KH_145
C:\Users\User\Desktop\稻米分組\G2\KH_145\KH_145_40.bmp,KH_145
C:\Users\User\Desktop\稻米分組\G2\KH_145\KH_145_400.bmp,KH_145
C:\Users\User\Desktop\稻米分組\G2\KH_145\KH_145_401.bmp,KH_147
C:\Users\User\Desktop\稻米分組\G2\KH_145\KH_145_402.bmp,KH_145
C:\Users\User\Desktop\稻米分組\G2\KH_145\KH_145_403.bmp,KH_145
C:\Users\User\Desktop\稻米分組\G2\KH_145\KH_145_404.bmp,KH_145
C:\Users\User\Desktop\稻米分組\G2\KH_145\KH_145_405.bmp,KH_145
C:\Users\User\Desktop\稻米分組\G2\KH_145\KH_145_406.bmp,KH_145
C:\Users\User\Desktop\稻米分組\G2\KH_145\KH_145_407.bmp,KH_147
C:\Users\User\Desktop\稻米分組\G2\KH_145\KH_145_408.bmp,KH_145
C:\Users\User\Desktop\稻米分組\G2\KH_145\KH_145_409.bmp,KH_145
C:\Users\User\Desktop\稻米分組\G2\KH_145\KH_145_41.bmp,KH_145
C:\Users\User\Desktop\稻米分組\G2\KH_145\KH_145_410.bmp,KH_145
C:\Users\User\Desktop\稻米分組\G2\KH_145\KH_145_411.bmp,KH_145
C:\Users\User\Desktop\稻米分組\G2\KH_145\KH_145_412.bmp,KH_145
C:\Users\User\Desktop\稻米分組\G2\KH_145\KH_145_413.bmp,KH_145
C:\Users\User\Desktop\稻米分組\G2\KH_145\KH_145_414.bmp,KH_145
C:\Users\User\Desktop\稻米分組\G2\KH_145\KH_145_415.bmp,KH_145
C:\Users\User\Desktop\稻米分組\G2\KH_145\KH_145_416.bmp,KH_145
C:\Users\User\Desktop\稻米分組\G2\KH_145\KH_145_417.bmp,KH_145
C:\Users\User\Desktop\稻米分組\G2\KH_145\KH_145_418.bmp,KH_145
C:\Users\User\Desktop\稻米分組\G2\KH_145\KH_145_419.bmp,KH_145
C:\Users\User\Desktop\稻米分組\G2\KH_145\KH_145_42.bmp,KH_145
C:\Users\User\Desktop\稻米分組\G2\KH_145\KH_145_420.bmp,KH_145
C:\Users\User\Desktop\稻米分組\G2\KH_145\KH_145_421.bmp,KH_145
C:\Users\User\Desktop\稻米分組\G2\KH_145\KH_145_422.bmp,KH_145
C:\Users\User\Desktop\稻米分組\G2\KH_145\KH_145_423.bmp,KH_145
C:\Users\User\Desktop\稻米分組\G2\KH_145\KH_145_424.bmp,KH_145
C:\Users\User\Desktop\稻米分組\G2\KH_145\KH_145_425.bmp,KH_145
C:\Users\User\Desktop\稻米分組\G2\KH_145\KH_145_426.bmp,KH_145
C:\Users\User\Desktop\稻米分組\G2\KH_145\KH_145_427.bmp,KH_145
C:\Users\User\Desktop\稻米分組\G2\KH_145\KH_145_428.bmp,KH_145
C:\Users\User\Desktop\稻米分組\G2\KH_145\KH_145_429.bmp,KH_145
C:\Users\User\Desktop\稻米分組\G2\KH_145\KH_145_43.bmp,KH_145
C:\Users\User\Desktop\稻米分組\G2\KH_145\KH_145_430.bmp,KH_145
C:\Users\User\Desktop\稻米分組\G2\KH_145\KH_145_431.bmp,KH_145
C:\Users\User\Desktop\稻米分組\G2\KH_145\KH_145_432.bmp,KH_145
C:\Users\User\Desktop\稻米分組\G2\KH_145\KH_145_433.bmp,KH_145
C:\Users\User\Desktop\稻米分組\G2\KH_145\KH_145_434.bmp,KH_145
C:\Users\User\Desktop\稻米分組\G2\KH_145\KH_145_435.bmp,KH_145
C:\Users\User\Desktop\稻米分組\G2\KH_145\KH_145_436.bmp,KH_145
C:\Users\User\Desktop\稻米分組\G2\KH_145\KH_145_437.bmp,KH_145
C:\Users\User\Desktop\稻米分組\G2\KH_145\KH_145_438.bmp,KH_145
C:\Users\User\Desktop\稻米分組\G2\KH_145\KH_145_439.bmp,KH_145
C:\Users\User\Desktop\稻米分組\G2\KH_145\KH_145_44.bmp,KH_145
C:\Users\User\Desktop\稻米分組\G2\KH_145\KH_145_440.bmp,KH_145
C:\Users\User\Desktop\稻米分組\G2\KH_145\KH_145_441.bmp,KH_145
C:\Users\User\Desktop\稻米分組\G2\KH_145\KH_145_442.bmp,KH_145
C:\Users\User\Desktop\稻米分組\G2\KH_145\KH_145_443.bmp,KH_145
C:\Users\User\Desktop\稻米分組\G2\KH_145\KH_145_444.bmp,KH_145
C:\Users\User\Desktop\稻米分組\G2\KH_145\KH_145_445.bmp,KH_145
C:\Users\User\Desktop\稻米分組\G2\KH_145\KH_145_446.bmp,KH_145
C:\Users\User\Desktop\稻米分組\G2\KH_145\KH_145_447.bmp,KH_145
C:\Users\User\Desktop\稻米分組\G2\KH_145\KH_145_448.bmp,KH_145
C:\Users\User\Desktop\稻米分組\G2\KH_145\KH_145_449.bmp,KH_145
C:\Users\User\Desktop\稻米分組\G2\KH_145\KH_145_45.bmp,KH_145
C:\Users\User\Desktop\稻米分組\G2\KH_145\KH_145_450.bmp,KH_145
C:\Users\User\Desktop\稻米分組\G2\KH_145\KH_145_451.bmp,KH_145
C:\Users\User\Desktop\稻米分組\G2\KH_145\KH_145_452.bmp,KH_145
C:\Users\User\Desktop\稻米分組\G2\KH_145\KH_145_453.bmp,KH_145
C:\Users\User\Desktop\稻米分組\G2\KH_145\KH_145_454.bmp,KH_145
C:\Users\User\Desktop\稻米分組\G2\KH_145\KH_145_455.bmp,KH_145
C:\Users\User\Desktop\稻米分組\G2\KH_145\KH_145_456.bmp,KH_145
C:\Users\User\Desktop\稻米分組\G2\KH_145\KH_145_457.bmp,KH_145
C:\Users\User\Desktop\稻米分組\G2\KH_145\KH_145_458.bmp,KH_147
C:\Users\User\Desktop\稻米分組\G2\KH_145\KH_145_459.bmp,KH_145
C:\Users\User\Desktop\稻米分組\G2\KH_145\KH_145_46.bmp,KH_145
C:\Users\User\Desktop\稻米分組\G2\KH_145\KH_145_460.bmp,KH_145
C:\Users\User\Desktop\稻米分組\G2\KH_145\KH_145_461.bmp,KH_145
C:\Users\User\Desktop\稻米分組\G2\KH_145\KH_145_462.bmp,KH_145
C:\Users\User\Desktop\稻米分組\G2\KH_145\KH_145_463.bmp,KH_145
C:\Users\User\Desktop\稻米分組\G2\KH_145\KH_145_464.bmp,KH_145
C:\Users\User\Desktop\稻米分組\G2\KH_145\KH_145_465.bmp,KH_145
C:\Users\User\Desktop\稻米分組\G2\KH_145\KH_145_466.bmp,KH_145
C:\Users\User\Desktop\稻米分組\G2\KH_145\KH_145_467.bmp,KH_145
C:\Users\User\Desktop\稻米分組\G2\KH_145\KH_145_468.bmp,KH_145
C:\Users\User\Desktop\稻米分組\G2\KH_145\KH_145_469.bmp,KH_145
C:\Users\User\Desktop\稻米分組\G2\KH_145\KH_145_47.bmp,KH_145
C:\Users\User\Desktop\稻米分組\G2\KH_145\KH_145_470.bmp,KH_145
C:\Users\User\Desktop\稻米分組\G2\KH_145\KH_145_471.bmp,KH_145
C:\Users\User\Desktop\稻米分組\G2\KH_145\KH_145_472.bmp,KH_145
C:\Users\User\Desktop\稻米分組\G2\KH_145\KH_145_473.bmp,KH_145
C:\Users\User\Desktop\稻米分組\G2\KH_145\KH_145_474.bmp,KH_145
C:\Users\User\Desktop\稻米分組\G2\KH_145\KH_145_475.bmp,KH_145
C:\Users\User\Desktop\稻米分組\G2\KH_145\KH_145_476.bmp,KH_145
C:\Users\User\Desktop\稻米分組\G2\KH_145\KH_145_477.bmp,KH_145
C:\Users\User\Desktop\稻米分組\G2\KH_145\KH_145_478.bmp,KH_145
C:\Users\User\Desktop\稻米分組\G2\KH_145\KH_145_479.bmp,KH_145
C:\Users\User\Desktop\稻米分組\G2\KH_145\KH_145_48.bmp,KH_145
C:\Users\User\Desktop\稻米分組\G2\KH_145\KH_145_480.bmp,KH_145
C:\Users\User\Desktop\稻米分組\G2\KH_145\KH_145_481.bmp,KH_145
C:\Users\User\Desktop\稻米分組\G2\KH_145\KH_145_482.bmp,KH_145
C:\Users\User\Desktop\稻米分組\G2\KH_145\KH_145_483.bmp,KH_145
C:\Users\User\Desktop\稻米分組\G2\KH_145\KH_145_484.bmp,KH_145
C:\Users\User\Desktop\稻米分組\G2\KH_145\KH_145_485.bmp,KH_145
C:\Users\User\Desktop\稻米分組\G2\KH_145\KH_145_486.bmp,KH_145
C:\Users\User\Desktop\稻米分組\G2\KH_145\KH_145_487.bmp,KH_145
C:\Users\User\Desktop\稻米分組\G2\KH_145\KH_145_488.bmp,KH_145
C:\Users\User\Desktop\稻米分組\G2\KH_145\KH_145_489.bmp,KH_145
C:\Users\User\Desktop\稻米分組\G2\KH_145\KH_145_49.bmp,KH_145
C:\Users\User\Desktop\稻米分組\G2\KH_145\KH_145_490.bmp,KH_145
C:\Users\User\Desktop\稻米分組\G2\KH_145\KH_145_491.bmp,KH_145
C:\Users\User\Desktop\稻米分組\G2\KH_145\KH_145_492.bmp,KH_145
C:\Users\User\Desktop\稻米分組\G2\KH_145\KH_145_493.bmp,KH_145
C:\Users\User\Desktop\稻米分組\G2\KH_145\KH_145_494.bmp,KH_145
C:\Users\User\Desktop\稻米分組\G2\KH_145\KH_145_495.bmp,KH_145
C:\Users\User\Desktop\稻米分組\G2\KH_145\KH_145_496.bmp,KH_145
C:\Users\User\Desktop\稻米分組\G2\KH_145\KH_145_497.bmp,KH_145
C:\Users\User\Desktop\稻米分組\G2\KH_145\KH_145_498.bmp,KH_145
C:\Users\User\Desktop\稻米分組\G2\KH_145\KH_145_499.bmp,KH_145
C:\Users\User\Desktop\稻米分組\G2\KH_145\KH_145_5.bmp,KH_145
C:\Users\User\Desktop\稻米分組\G2\KH_145\KH_145_50.bmp,KH_145
C:\Users\User\Desktop\稻米分組\G2\KH_145\KH_145_500.bmp,KH_145
C:\Users\User\Desktop\稻米分組\G2\KH_145\KH_145_501.bmp,KH_145
C:\Users\User\Desktop\稻米分組\G2\KH_145\KH_145_502.bmp,KH_145
C:\Users\User\Desktop\稻米分組\G2\KH_145\KH_145_503.bmp,KH_145
C:\Users\User\Desktop\稻米分組\G2\KH_145\KH_145_504.bmp,KH_145
C:\Users\User\Desktop\稻米分組\G2\KH_145\KH_145_505.bmp,KH_145
C:\Users\User\Desktop\稻米分組\G2\KH_145\KH_145_506.bmp,KH_145
C:\Users\User\Desktop\稻米分組\G2\KH_145\KH_145_507.bmp,KH_145
C:\Users\User\Desktop\稻米分組\G2\KH_145\KH_145_508.bmp,KH_145
C:\Users\User\Desktop\稻米分組\G2\KH_145\KH_145_509.bmp,KH_145
C:\Users\User\Desktop\稻米分組\G2\KH_145\KH_145_51.bmp,KH_145
C:\Users\User\Desktop\稻米分組\G2\KH_145\KH_145_510.bmp,KH_145
C:\Users\User\Desktop\稻米分組\G2\KH_145\KH_145_511.bmp,KH_145
C:\Users\User\Desktop\稻米分組\G2\KH_145\KH_145_512.bmp,KH_145
C:\Users\User\Desktop\稻米分組\G2\KH_145\KH_145_513.bmp,KH_145
C:\Users\User\Desktop\稻米分組\G2\KH_145\KH_145_514.bmp,KH_145
C:\Users\User\Desktop\稻米分組\G2\KH_145\KH_145_515.bmp,KH_145
C:\Users\User\Desktop\稻米分組\G2\KH_145\KH_145_516.bmp,KH_145
C:\Users\User\Desktop\稻米分組\G2\KH_145\KH_145_517.bmp,KH_145
C:\Users\User\Desktop\稻米分組\G2\KH_145\KH_145_518.bmp,KH_145
C:\Users\User\Desktop\稻米分組\G2\KH_145\KH_145_519.bmp,KH_145
C:\Users\User\Desktop\稻米分組\G2\KH_145\KH_145_52.bmp,KH_145
C:\Users\User\Desktop\稻米分組\G2\KH_145\KH_145_520.bmp,KH_145
C:\Users\User\Desktop\稻米分組\G2\KH_145\KH_145_521.bmp,KH_145
C:\Users\User\Desktop\稻米分組\G2\KH_145\KH_145_522.bmp,KH_145
C:\Users\User\Desktop\稻米分組\G2\KH_145\KH_145_523.bmp,KH_145
C:\Users\User\Desktop\稻米分組\G2\KH_145\KH_145_524.bmp,KH_147
C:\Users\User\Desktop\稻米分組\G2\KH_145\KH_145_525.bmp,KH_145
C:\Users\User\Desktop\稻米分組\G2\KH_145\KH_145_526.bmp,KH_145
C:\Users\User\Desktop\稻米分組\G2\KH_145\KH_145_527.bmp,KH_145
C:\Users\User\Desktop\稻米分組\G2\KH_145\KH_145_528.bmp,KH_145
C:\Users\User\Desktop\稻米分組\G2\KH_145\KH_145_529.bmp,KH_145
C:\Users\User\Desktop\稻米分組\G2\KH_145\KH_145_53.bmp,KH_147
C:\Users\User\Desktop\稻米分組\G2\KH_145\KH_145_530.bmp,KH_145
C:\Users\User\Desktop\稻米分組\G2\KH_145\KH_145_531.bmp,KH_145
C:\Users\User\Desktop\稻米分組\G2\KH_145\KH_145_532.bmp,KH_145
C:\Users\User\Desktop\稻米分組\G2\KH_145\KH_145_533.bmp,KH_145
C:\Users\User\Desktop\稻米分組\G2\KH_145\KH_145_534.bmp,KH_145
C:\Users\User\Desktop\稻米分組\G2\KH_145\KH_145_535.bmp,KH_145
C:\Users\User\Desktop\稻米分組\G2\KH_145\KH_145_536.bmp,KH_145
C:\Users\User\Desktop\稻米分組\G2\KH_145\KH_145_537.bmp,KH_145
C:\Users\User\Desktop\稻米分組\G2\KH_145\KH_145_538.bmp,KH_145
C:\Users\User\Desktop\稻米分組\G2\KH_145\KH_145_539.bmp,KH_145
C:\Users\User\Desktop\稻米分組\G2\KH_145\KH_145_54.bmp,KH_145
C:\Users\User\Desktop\稻米分組\G2\KH_145\KH_145_540.bmp,KH_145
C:\Users\User\Desktop\稻米分組\G2\KH_145\KH_145_541.bmp,KH_147
C:\Users\User\Desktop\稻米分組\G2\KH_145\KH_145_542.bmp,KH_145
C:\Users\User\Desktop\稻米分組\G2\KH_145\KH_145_543.bmp,KH_145
C:\Users\User\Desktop\稻米分組\G2\KH_145\KH_145_544.bmp,KH_145
C:\Users\User\Desktop\稻米分組\G2\KH_145\KH_145_545.bmp,KH_145
C:\Users\User\Desktop\稻米分組\G2\KH_145\KH_145_546.bmp,KH_145
C:\Users\User\Desktop\稻米分組\G2\KH_145\KH_145_547.bmp,KH_145
C:\Users\User\Desktop\稻米分組\G2\KH_145\KH_145_548.bmp,KH_145
C:\Users\User\Desktop\稻米分組\G2\KH_145\KH_145_549.bmp,KH_145
C:\Users\User\Desktop\稻米分組\G2\KH_145\KH_145_55.bmp,KH_145
C:\Users\User\Desktop\稻米分組\G2\KH_145\KH_145_550.bmp,KH_145
C:\Users\User\Desktop\稻米分組\G2\KH_145\KH_145_551.bmp,KH_145
C:\Users\User\Desktop\稻米分組\G2\KH_145\KH_145_552.bmp,KH_145
C:\Users\User\Desktop\稻米分組\G2\KH_145\KH_145_553.bmp,KH_145
C:\Users\User\Desktop\稻米分組\G2\KH_145\KH_145_554.bmp,KH_145
C:\Users\User\Desktop\稻米分組\G2\KH_145\KH_145_555.bmp,KH_145
C:\Users\User\Desktop\稻米分組\G2\KH_145\KH_145_556.bmp,KH_145
C:\Users\User\Desktop\稻米分組\G2\KH_145\KH_145_557.bmp,KH_145
C:\Users\User\Desktop\稻米分組\G2\KH_145\KH_145_558.bmp,KH_145
C:\Users\User\Desktop\稻米分組\G2\KH_145\KH_145_559.bmp,KH_145
C:\Users\User\Desktop\稻米分組\G2\KH_145\KH_145_56.bmp,KH_145
C:\Users\User\Desktop\稻米分組\G2\KH_145\KH_145_560.bmp,KH_145
C:\Users\User\Desktop\稻米分組\G2\KH_145\KH_145_561.bmp,KH_145
C:\Users\User\Desktop\稻米分組\G2\KH_145\KH_145_562.bmp,KH_145
C:\Users\User\Desktop\稻米分組\G2\KH_145\KH_145_563.bmp,KH_145
C:\Users\User\Desktop\稻米分組\G2\KH_145\KH_145_564.bmp,KH_145
C:\Users\User\Desktop\稻米分組\G2\KH_145\KH_145_565.bmp,KH_147
C:\Users\User\Desktop\稻米分組\G2\KH_145\KH_145_566.bmp,KH_145
C:\Users\User\Desktop\稻米分組\G2\KH_145\KH_145_567.bmp,KH_145
C:\Users\User\Desktop\稻米分組\G2\KH_145\KH_145_568.bmp,KH_145
C:\Users\User\Desktop\稻米分組\G2\KH_145\KH_145_569.bmp,KH_145
C:\Users\User\Desktop\稻米分組\G2\KH_145\KH_145_57.bmp,KH_147
C:\Users\User\Desktop\稻米分組\G2\KH_145\KH_145_570.bmp,KH_145
C:\Users\User\Desktop\稻米分組\G2\KH_145\KH_145_571.bmp,KH_145
C:\Users\User\Desktop\稻米分組\G2\KH_145\KH_145_572.bmp,KH_145
C:\Users\User\Desktop\稻米分組\G2\KH_145\KH_145_573.bmp,KH_145
C:\Users\User\Desktop\稻米分組\G2\KH_145\KH_145_574.bmp,KH_145
C:\Users\User\Desktop\稻米分組\G2\KH_145\KH_145_575.bmp,KH_145
C:\Users\User\Desktop\稻米分組\G2\KH_145\KH_145_576.bmp,KH_145
C:\Users\User\Desktop\稻米分組\G2\KH_145\KH_145_577.bmp,KH_145
C:\Users\User\Desktop\稻米分組\G2\KH_145\KH_145_578.bmp,KH_145
C:\Users\User\Desktop\稻米分組\G2\KH_145\KH_145_579.bmp,KH_145
C:\Users\User\Desktop\稻米分組\G2\KH_145\KH_145_58.bmp,KH_145
C:\Users\User\Desktop\稻米分組\G2\KH_145\KH_145_580.bmp,KH_145
C:\Users\User\Desktop\稻米分組\G2\KH_145\KH_145_581.bmp,KH_145
C:\Users\User\Desktop\稻米分組\G2\KH_145\KH_145_582.bmp,KH_145
C:\Users\User\Desktop\稻米分組\G2\KH_145\KH_145_583.bmp,KH_145
C:\Users\User\Desktop\稻米分組\G2\KH_145\KH_145_584.bmp,KH_145
C:\Users\User\Desktop\稻米分組\G2\KH_145\KH_145_585.bmp,KH_145
C:\Users\User\Desktop\稻米分組\G2\KH_145\KH_145_586.bmp,KH_145
C:\Users\User\Desktop\稻米分組\G2\KH_145\KH_145_587.bmp,KH_145
C:\Users\User\Desktop\稻米分組\G2\KH_145\KH_145_588.bmp,KH_145
C:\Users\User\Desktop\稻米分組\G2\KH_145\KH_145_589.bmp,KH_145
C:\Users\User\Desktop\稻米分組\G2\KH_145\KH_145_59.bmp,KH_145
C:\Users\User\Desktop\稻米分組\G2\KH_145\KH_145_590.bmp,KH_145
C:\Users\User\Desktop\稻米分組\G2\KH_145\KH_145_591.bmp,KH_145
C:\Users\User\Desktop\稻米分組\G2\KH_145\KH_145_592.bmp,KH_145
C:\Users\User\Desktop\稻米分組\G2\KH_145\KH_145_593.bmp,KH_145
C:\Users\User\Desktop\稻米分組\G2\KH_145\KH_145_594.bmp,KH_145
C:\Users\User\Desktop\稻米分組\G2\KH_145\KH_145_595.bmp,KH_145
C:\Users\User\Desktop\稻米分組\G2\KH_145\KH_145_596.bmp,KH_145
C:\Users\User\Desktop\稻米分組\G2\KH_145\KH_145_597.bmp,KH_145
C:\Users\User\Desktop\稻米分組\G2\KH_145\KH_145_598.bmp,KH_145
C:\Users\User\Desktop\稻米分組\G2\KH_145\KH_145_599.bmp,KH_145
C:\Users\User\Desktop\稻米分組\G2\KH_145\KH_145_6.bmp,KH_145
C:\Users\User\Desktop\稻米分組\G2\KH_145\KH_145_60.bmp,KH_145
C:\Users\User\Desktop\稻米分組\G2\KH_145\KH_145_600.bmp,KH_145
C:\Users\User\Desktop\稻米分組\G2\KH_145\KH_145_601.bmp,KH_145
C:\Users\User\Desktop\稻米分組\G2\KH_145\KH_145_602.bmp,KH_145
C:\Users\User\Desktop\稻米分組\G2\KH_145\KH_145_603.bmp,KH_147
C:\Users\User\Desktop\稻米分組\G2\KH_145\KH_145_604.bmp,KH_145
C:\Users\User\Desktop\稻米分組\G2\KH_145\KH_145_605.bmp,KH_145
C:\Users\User\Desktop\稻米分組\G2\KH_145\KH_145_606.bmp,KH_145
C:\Users\User\Desktop\稻米分組\G2\KH_145\KH_145_607.bmp,KH_145
C:\Users\User\Desktop\稻米分組\G2\KH_145\KH_145_608.bmp,KH_145
C:\Users\User\Desktop\稻米分組\G2\KH_145\KH_145_609.bmp,KH_145
C:\Users\User\Desktop\稻米分組\G2\KH_145\KH_145_61.bmp,KH_145
C:\Users\User\Desktop\稻米分組\G2\KH_145\KH_145_610.bmp,KH_145
C:\Users\User\Desktop\稻米分組\G2\KH_145\KH_145_611.bmp,KH_145
C:\Users\User\Desktop\稻米分組\G2\KH_145\KH_145_612.bmp,KH_145
C:\Users\User\Desktop\稻米分組\G2\KH_145\KH_145_613.bmp,KH_145
C:\Users\User\Desktop\稻米分組\G2\KH_145\KH_145_614.bmp,KH_145
C:\Users\User\Desktop\稻米分組\G2\KH_145\KH_145_615.bmp,KH_145
C:\Users\User\Desktop\稻米分組\G2\KH_145\KH_145_616.bmp,KH_145
C:\Users\User\Desktop\稻米分組\G2\KH_145\KH_145_617.bmp,KH_145
C:\Users\User\Desktop\稻米分組\G2\KH_145\KH_145_618.bmp,KH_145
C:\Users\User\Desktop\稻米分組\G2\KH_145\KH_145_619.bmp,KH_145
C:\Users\User\Desktop\稻米分組\G2\KH_145\KH_145_62.bmp,KH_145
C:\Users\User\Desktop\稻米分組\G2\KH_145\KH_145_620.bmp,KH_145
C:\Users\User\Desktop\稻米分組\G2\KH_145\KH_145_621.bmp,KH_145
C:\Users\User\Desktop\稻米分組\G2\KH_145\KH_145_622.bmp,KH_147
C:\Users\User\Desktop\稻米分組\G2\KH_145\KH_145_623.bmp,KH_145
C:\Users\User\Desktop\稻米分組\G2\KH_145\KH_145_624.bmp,KH_145
C:\Users\User\Desktop\稻米分組\G2\KH_145\KH_145_625.bmp,KH_145
C:\Users\User\Desktop\稻米分組\G2\KH_145\KH_145_626.bmp,KH_145
C:\Users\User\Desktop\稻米分組\G2\KH_145\KH_145_627.bmp,KH_145
C:\Users\User\Desktop\稻米分組\G2\KH_145\KH_145_628.bmp,KH_145
C:\Users\User\Desktop\稻米分組\G2\KH_145\KH_145_629.bmp,KH_145
C:\Users\User\Desktop\稻米分組\G2\KH_145\KH_145_63.bmp,KH_145
C:\Users\User\Desktop\稻米分組\G2\KH_145\KH_145_630.bmp,KH_145
C:\Users\User\Desktop\稻米分組\G2\KH_145\KH_145_631.bmp,KH_145
C:\Users\User\Desktop\稻米分組\G2\KH_145\KH_145_632.bmp,KH_145
C:\Users\User\Desktop\稻米分組\G2\KH_145\KH_145_633.bmp,KH_147
C:\Users\User\Desktop\稻米分組\G2\KH_145\KH_145_634.bmp,KH_145
C:\Users\User\Desktop\稻米分組\G2\KH_145\KH_145_635.bmp,KH_145
C:\Users\User\Desktop\稻米分組\G2\KH_145\KH_145_636.bmp,KH_147
C:\Users\User\Desktop\稻米分組\G2\KH_145\KH_145_637.bmp,KH_145
C:\Users\User\Desktop\稻米分組\G2\KH_145\KH_145_638.bmp,KH_145
C:\Users\User\Desktop\稻米分組\G2\KH_145\KH_145_639.bmp,KH_145
C:\Users\User\Desktop\稻米分組\G2\KH_145\KH_145_64.bmp,KH_145
C:\Users\User\Desktop\稻米分組\G2\KH_145\KH_145_640.bmp,KH_145
C:\Users\User\Desktop\稻米分組\G2\KH_145\KH_145_641.bmp,KH_145
C:\Users\User\Desktop\稻米分組\G2\KH_145\KH_145_642.bmp,KH_145
C:\Users\User\Desktop\稻米分組\G2\KH_145\KH_145_643.bmp,KH_145
C:\Users\User\Desktop\稻米分組\G2\KH_145\KH_145_644.bmp,KH_145
C:\Users\User\Desktop\稻米分組\G2\KH_145\KH_145_645.bmp,KH_145
C:\Users\User\Desktop\稻米分組\G2\KH_145\KH_145_646.bmp,KH_145
C:\Users\User\Desktop\稻米分組\G2\KH_145\KH_145_647.bmp,KH_145
C:\Users\User\Desktop\稻米分組\G2\KH_145\KH_145_648.bmp,KH_145
C:\Users\User\Desktop\稻米分組\G2\KH_145\KH_145_649.bmp,KH_145
C:\Users\User\Desktop\稻米分組\G2\KH_145\KH_145_65.bmp,KH_147
C:\Users\User\Desktop\稻米分組\G2\KH_145\KH_145_650.bmp,KH_145
C:\Users\User\Desktop\稻米分組\G2\KH_145\KH_145_651.bmp,KH_145
C:\Users\User\Desktop\稻米分組\G2\KH_145\KH_145_652.bmp,KH_145
C:\Users\User\Desktop\稻米分組\G2\KH_145\KH_145_653.bmp,KH_145
C:\Users\User\Desktop\稻米分組\G2\KH_145\KH_145_654.bmp,KH_145
C:\Users\User\Desktop\稻米分組\G2\KH_145\KH_145_655.bmp,KH_145
C:\Users\User\Desktop\稻米分組\G2\KH_145\KH_145_656.bmp,KH_145
C:\Users\User\Desktop\稻米分組\G2\KH_145\KH_145_657.bmp,KH_145
C:\Users\User\Desktop\稻米分組\G2\KH_145\KH_145_658.bmp,KH_145
C:\Users\User\Desktop\稻米分組\G2\KH_145\KH_145_659.bmp,KH_145
C:\Users\User\Desktop\稻米分組\G2\KH_145\KH_145_66.bmp,KH_145
C:\Users\User\Desktop\稻米分組\G2\KH_145\KH_145_660.bmp,KH_145
C:\Users\User\Desktop\稻米分組\G2\KH_145\KH_145_661.bmp,KH_145
C:\Users\User\Desktop\稻米分組\G2\KH_145\KH_145_662.bmp,KH_145
C:\Users\User\Desktop\稻米分組\G2\KH_145\KH_145_663.bmp,KH_145
C:\Users\User\Desktop\稻米分組\G2\KH_145\KH_145_664.bmp,KH_145
C:\Users\User\Desktop\稻米分組\G2\KH_145\KH_145_665.bmp,KH_145
C:\Users\User\Desktop\稻米分組\G2\KH_145\KH_145_666.bmp,KH_145
C:\Users\User\Desktop\稻米分組\G2\KH_145\KH_145_667.bmp,KH_145
C:\Users\User\Desktop\稻米分組\G2\KH_145\KH_145_668.bmp,KH_145
C:\Users\User\Desktop\稻米分組\G2\KH_145\KH_145_669.bmp,KH_145
C:\Users\User\Desktop\稻米分組\G2\KH_145\KH_145_67.bmp,KH_145
C:\Users\User\Desktop\稻米分組\G2\KH_145\KH_145_670.bmp,KH_145
C:\Users\User\Desktop\稻米分組\G2\KH_145\KH_145_671.bmp,KH_145
C:\Users\User\Desktop\稻米分組\G2\KH_145\KH_145_672.bmp,KH_145
C:\Users\User\Desktop\稻米分組\G2\KH_145\KH_145_673.bmp,KH_145
C:\Users\User\Desktop\稻米分組\G2\KH_145\KH_145_674.bmp,KH_147
C:\Users\User\Desktop\稻米分組\G2\KH_145\KH_145_675.bmp,KH_145
C:\Users\User\Desktop\稻米分組\G2\KH_145\KH_145_676.bmp,KH_145
C:\Users\User\Desktop\稻米分組\G2\KH_145\KH_145_677.bmp,KH_145
C:\Users\User\Desktop\稻米分組\G2\KH_145\KH_145_678.bmp,KH_145
C:\Users\User\Desktop\稻米分組\G2\KH_145\KH_145_679.bmp,KH_145
C:\Users\User\Desktop\稻米分組\G2\KH_145\KH_145_68.bmp,KH_145
C:\Users\User\Desktop\稻米分組\G2\KH_145\KH_145_680.bmp,KH_145
C:\Users\User\Desktop\稻米分組\G2\KH_145\KH_145_681.bmp,KH_145
C:\Users\User\Desktop\稻米分組\G2\KH_145\KH_145_682.bmp,KH_145
C:\Users\User\Desktop\稻米分組\G2\KH_145\KH_145_683.bmp,KH_147
C:\Users\User\Desktop\稻米分組\G2\KH_145\KH_145_684.bmp,KH_145
C:\Users\User\Desktop\稻米分組\G2\KH_145\KH_145_685.bmp,KH_145
C:\Users\User\Desktop\稻米分組\G2\KH_145\KH_145_686.bmp,KH_145
C:\Users\User\Desktop\稻米分組\G2\KH_145\KH_145_687.bmp,KH_145
C:\Users\User\Desktop\稻米分組\G2\KH_145\KH_145_688.bmp,KH_145
C:\Users\User\Desktop\稻米分組\G2\KH_145\KH_145_689.bmp,KH_145
C:\Users\User\Desktop\稻米分組\G2\KH_145\KH_145_69.bmp,KH_145
C:\Users\User\Desktop\稻米分組\G2\KH_145\KH_145_690.bmp,KH_145
C:\Users\User\Desktop\稻米分組\G2\KH_145\KH_145_691.bmp,KH_145
C:\Users\User\Desktop\稻米分組\G2\KH_145\KH_145_692.bmp,KH_145
C:\Users\User\Desktop\稻米分組\G2\KH_145\KH_145_693.bmp,KH_145
C:\Users\User\Desktop\稻米分組\G2\KH_145\KH_145_694.bmp,KH_145
C:\Users\User\Desktop\稻米分組\G2\KH_145\KH_145_695.bmp,KH_145
C:\Users\User\Desktop\稻米分組\G2\KH_145\KH_145_696.bmp,KH_145
C:\Users\User\Desktop\稻米分組\G2\KH_145\KH_145_697.bmp,KH_145
C:\Users\User\Desktop\稻米分組\G2\KH_145\KH_145_698.bmp,KH_145
C:\Users\User\Desktop\稻米分組\G2\KH_145\KH_145_699.bmp,KH_145
C:\Users\User\Desktop\稻米分組\G2\KH_145\KH_145_7.bmp,KH_145
C:\Users\User\Desktop\稻米分組\G2\KH_145\KH_145_70.bmp,KH_145
C:\Users\User\Desktop\稻米分組\G2\KH_145\KH_145_700.bmp,KH_145
C:\Users\User\Desktop\稻米分組\G2\KH_145\KH_145_701.bmp,KH_145
C:\Users\User\Desktop\稻米分組\G2\KH_145\KH_145_702.bmp,KH_145
C:\Users\User\Desktop\稻米分組\G2\KH_145\KH_145_703.bmp,KH_145
C:\Users\User\Desktop\稻米分組\G2\KH_145\KH_145_704.bmp,KH_145
C:\Users\User\Desktop\稻米分組\G2\KH_145\KH_145_705.bmp,KH_145
C:\Users\User\Desktop\稻米分組\G2\KH_145\KH_145_706.bmp,KH_145
C:\Users\User\Desktop\稻米分組\G2\KH_145\KH_145_707.bmp,KH_145
C:\Users\User\Desktop\稻米分組\G2\KH_145\KH_145_708.bmp,KH_145
C:\Users\User\Desktop\稻米分組\G2\KH_145\KH_145_709.bmp,KH_145
C:\Users\User\Desktop\稻米分組\G2\KH_145\KH_145_71.bmp,KH_145
C:\Users\User\Desktop\稻米分組\G2\KH_145\KH_145_710.bmp,KH_145
C:\Users\User\Desktop\稻米分組\G2\KH_145\KH_145_711.bmp,KH_147
C:\Users\User\Desktop\稻米分組\G2\KH_145\KH_145_712.bmp,KH_147
C:\Users\User\Desktop\稻米分組\G2\KH_145\KH_145_713.bmp,KH_145
C:\Users\User\Desktop\稻米分組\G2\KH_145\KH_145_714.bmp,KH_145
C:\Users\User\Desktop\稻米分組\G2\KH_145\KH_145_715.bmp,KH_145
C:\Users\User\Desktop\稻米分組\G2\KH_145\KH_145_716.bmp,KH_145
C:\Users\User\Desktop\稻米分組\G2\KH_145\KH_145_717.bmp,KH_145
C:\Users\User\Desktop\稻米分組\G2\KH_145\KH_145_718.bmp,KH_145
C:\Users\User\Desktop\稻米分組\G2\KH_145\KH_145_719.bmp,KH_145
C:\Users\User\Desktop\稻米分組\G2\KH_145\KH_145_72.bmp,KH_145
C:\Users\User\Desktop\稻米分組\G2\KH_145\KH_145_720.bmp,KH_145
C:\Users\User\Desktop\稻米分組\G2\KH_145\KH_145_721.bmp,KH_145
C:\Users\User\Desktop\稻米分組\G2\KH_145\KH_145_722.bmp,KH_145
C:\Users\User\Desktop\稻米分組\G2\KH_145\KH_145_723.bmp,KH_145
C:\Users\User\Desktop\稻米分組\G2\KH_145\KH_145_724.bmp,KH_145
C:\Users\User\Desktop\稻米分組\G2\KH_145\KH_145_725.bmp,KH_147
C:\Users\User\Desktop\稻米分組\G2\KH_145\KH_145_726.bmp,KH_145
C:\Users\User\Desktop\稻米分組\G2\KH_145\KH_145_727.bmp,KH_145
C:\Users\User\Desktop\稻米分組\G2\KH_145\KH_145_728.bmp,KH_145
C:\Users\User\Desktop\稻米分組\G2\KH_145\KH_145_729.bmp,KH_145
C:\Users\User\Desktop\稻米分組\G2\KH_145\KH_145_73.bmp,KH_145
C:\Users\User\Desktop\稻米分組\G2\KH_145\KH_145_730.bmp,KH_145
C:\Users\User\Desktop\稻米分組\G2\KH_145\KH_145_731.bmp,KH_145
C:\Users\User\Desktop\稻米分組\G2\KH_145\KH_145_732.bmp,KH_145
C:\Users\User\Desktop\稻米分組\G2\KH_145\KH_145_733.bmp,KH_145
C:\Users\User\Desktop\稻米分組\G2\KH_145\KH_145_734.bmp,KH_145
C:\Users\User\Desktop\稻米分組\G2\KH_145\KH_145_735.bmp,KH_145
C:\Users\User\Desktop\稻米分組\G2\KH_145\KH_145_736.bmp,KH_145
C:\Users\User\Desktop\稻米分組\G2\KH_145\KH_145_737.bmp,KH_145
C:\Users\User\Desktop\稻米分組\G2\KH_145\KH_145_738.bmp,KH_145
C:\Users\User\Desktop\稻米分組\G2\KH_145\KH_145_739.bmp,KH_145
C:\Users\User\Desktop\稻米分組\G2\KH_145\KH_145_74.bmp,KH_145
C:\Users\User\Desktop\稻米分組\G2\KH_145\KH_145_740.bmp,KH_145
C:\Users\User\Desktop\稻米分組\G2\KH_145\KH_145_741.bmp,KH_145
C:\Users\User\Desktop\稻米分組\G2\KH_145\KH_145_742.bmp,KH_145
C:\Users\User\Desktop\稻米分組\G2\KH_145\KH_145_743.bmp,KH_145
C:\Users\User\Desktop\稻米分組\G2\KH_145\KH_145_744.bmp,KH_145
C:\Users\User\Desktop\稻米分組\G2\KH_145\KH_145_745.bmp,KH_147
C:\Users\User\Desktop\稻米分組\G2\KH_145\KH_145_746.bmp,KH_145
C:\Users\User\Desktop\稻米分組\G2\KH_145\KH_145_747.bmp,KH_145
C:\Users\User\Desktop\稻米分組\G2\KH_145\KH_145_748.bmp,KH_145
C:\Users\User\Desktop\稻米分組\G2\KH_145\KH_145_749.bmp,KH_145
C:\Users\User\Desktop\稻米分組\G2\KH_145\KH_145_75.bmp,KH_145
C:\Users\User\Desktop\稻米分組\G2\KH_145\KH_145_750.bmp,KH_145
C:\Users\User\Desktop\稻米分組\G2\KH_145\KH_145_751.bmp,KH_145
C:\Users\User\Desktop\稻米分組\G2\KH_145\KH_145_752.bmp,KH_145
C:\Users\User\Desktop\稻米分組\G2\KH_145\KH_145_753.bmp,KH_145
C:\Users\User\Desktop\稻米分組\G2\KH_145\KH_145_754.bmp,KH_145
C:\Users\User\Desktop\稻米分組\G2\KH_145\KH_145_755.bmp,KH_145
C:\Users\User\Desktop\稻米分組\G2\KH_145\KH_145_756.bmp,KH_145
C:\Users\User\Desktop\稻米分組\G2\KH_145\KH_145_757.bmp,KH_145
C:\Users\User\Desktop\稻米分組\G2\KH_145\KH_145_758.bmp,KH_145
C:\Users\User\Desktop\稻米分組\G2\KH_145\KH_145_759.bmp,KH_145
C:\Users\User\Desktop\稻米分組\G2\KH_145\KH_145_76.bmp,KH_145
C:\Users\User\Desktop\稻米分組\G2\KH_145\KH_145_760.bmp,KH_145
C:\Users\User\Desktop\稻米分組\G2\KH_145\KH_145_761.bmp,KH_145
C:\Users\User\Desktop\稻米分組\G2\KH_145\KH_145_762.bmp,KH_145
C:\Users\User\Desktop\稻米分組\G2\KH_145\KH_145_763.bmp,KH_145
C:\Users\User\Desktop\稻米分組\G2\KH_145\KH_145_764.bmp,KH_145
C:\Users\User\Desktop\稻米分組\G2\KH_145\KH_145_765.bmp,KH_145
C:\Users\User\Desktop\稻米分組\G2\KH_145\KH_145_766.bmp,KH_147
C:\Users\User\Desktop\稻米分組\G2\KH_145\KH_145_767.bmp,KH_145
C:\Users\User\Desktop\稻米分組\G2\KH_145\KH_145_768.bmp,KH_145
C:\Users\User\Desktop\稻米分組\G2\KH_145\KH_145_769.bmp,KH_145
C:\Users\User\Desktop\稻米分組\G2\KH_145\KH_145_77.bmp,KH_145
C:\Users\User\Desktop\稻米分組\G2\KH_145\KH_145_770.bmp,KH_145
C:\Users\User\Desktop\稻米分組\G2\KH_145\KH_145_771.bmp,KH_145
C:\Users\User\Desktop\稻米分組\G2\KH_145\KH_145_772.bmp,KH_145
C:\Users\User\Desktop\稻米分組\G2\KH_145\KH_145_773.bmp,KH_145
C:\Users\User\Desktop\稻米分組\G2\KH_145\KH_145_774.bmp,KH_145
C:\Users\User\Desktop\稻米分組\G2\KH_145\KH_145_775.bmp,KH_145
C:\Users\User\Desktop\稻米分組\G2\KH_145\KH_145_776.bmp,KH_145
C:\Users\User\Desktop\稻米分組\G2\KH_145\KH_145_777.bmp,KH_145
C:\Users\User\Desktop\稻米分組\G2\KH_145\KH_145_778.bmp,KH_145
C:\Users\User\Desktop\稻米分組\G2\KH_145\KH_145_779.bmp,KH_145
C:\Users\User\Desktop\稻米分組\G2\KH_145\KH_145_78.bmp,KH_145
C:\Users\User\Desktop\稻米分組\G2\KH_145\KH_145_780.bmp,KH_145
C:\Users\User\Desktop\稻米分組\G2\KH_145\KH_145_781.bmp,KH_147
C:\Users\User\Desktop\稻米分組\G2\KH_145\KH_145_782.bmp,KH_145
C:\Users\User\Desktop\稻米分組\G2\KH_145\KH_145_783.bmp,KH_145
C:\Users\User\Desktop\稻米分組\G2\KH_145\KH_145_784.bmp,KH_145
C:\Users\User\Desktop\稻米分組\G2\KH_145\KH_145_785.bmp,KH_145
C:\Users\User\Desktop\稻米分組\G2\KH_145\KH_145_786.bmp,KH_145
C:\Users\User\Desktop\稻米分組\G2\KH_145\KH_145_787.bmp,KH_145
C:\Users\User\Desktop\稻米分組\G2\KH_145\KH_145_788.bmp,KH_147
C:\Users\User\Desktop\稻米分組\G2\KH_145\KH_145_789.bmp,KH_145
C:\Users\User\Desktop\稻米分組\G2\KH_145\KH_145_79.bmp,KH_145
C:\Users\User\Desktop\稻米分組\G2\KH_145\KH_145_790.bmp,KH_145
C:\Users\User\Desktop\稻米分組\G2\KH_145\KH_145_791.bmp,KH_145
C:\Users\User\Desktop\稻米分組\G2\KH_145\KH_145_792.bmp,KH_147
C:\Users\User\Desktop\稻米分組\G2\KH_145\KH_145_793.bmp,KH_145
C:\Users\User\Desktop\稻米分組\G2\KH_145\KH_145_794.bmp,KH_145
C:\Users\User\Desktop\稻米分組\G2\KH_145\KH_145_795.bmp,KH_145
C:\Users\User\Desktop\稻米分組\G2\KH_145\KH_145_796.bmp,KH_145
C:\Users\User\Desktop\稻米分組\G2\KH_145\KH_145_797.bmp,KH_145
C:\Users\User\Desktop\稻米分組\G2\KH_145\KH_145_798.bmp,KH_145
C:\Users\User\Desktop\稻米分組\G2\KH_145\KH_145_799.bmp,KH_145
C:\Users\User\Desktop\稻米分組\G2\KH_145\KH_145_8.bmp,KH_147
C:\Users\User\Desktop\稻米分組\G2\KH_145\KH_145_80.bmp,KH_145
C:\Users\User\Desktop\稻米分組\G2\KH_145\KH_145_800.bmp,KH_145
C:\Users\User\Desktop\稻米分組\G2\KH_145\KH_145_801.bmp,KH_145
C:\Users\User\Desktop\稻米分組\G2\KH_145\KH_145_802.bmp,KH_147
C:\Users\User\Desktop\稻米分組\G2\KH_145\KH_145_803.bmp,KH_145
C:\Users\User\Desktop\稻米分組\G2\KH_145\KH_145_804.bmp,KH_145
C:\Users\User\Desktop\稻米分組\G2\KH_145\KH_145_805.bmp,KH_145
C:\Users\User\Desktop\稻米分組\G2\KH_145\KH_145_806.bmp,KH_145
C:\Users\User\Desktop\稻米分組\G2\KH_145\KH_145_807.bmp,KH_145
C:\Users\User\Desktop\稻米分組\G2\KH_145\KH_145_808.bmp,KH_145
C:\Users\User\Desktop\稻米分組\G2\KH_145\KH_145_809.bmp,KH_145
C:\Users\User\Desktop\稻米分組\G2\KH_145\KH_145_81.bmp,KH_145
C:\Users\User\Desktop\稻米分組\G2\KH_145\KH_145_810.bmp,KH_145
C:\Users\User\Desktop\稻米分組\G2\KH_145\KH_145_811.bmp,KH_145
C:\Users\User\Desktop\稻米分組\G2\KH_145\KH_145_812.bmp,KH_145
C:\Users\User\Desktop\稻米分組\G2\KH_145\KH_145_813.bmp,KH_145
C:\Users\User\Desktop\稻米分組\G2\KH_145\KH_145_814.bmp,KH_145
C:\Users\User\Desktop\稻米分組\G2\KH_145\KH_145_815.bmp,KH_145
C:\Users\User\Desktop\稻米分組\G2\KH_145\KH_145_816.bmp,KH_145
C:\Users\User\Desktop\稻米分組\G2\KH_145\KH_145_817.bmp,KH_145
C:\Users\User\Desktop\稻米分組\G2\KH_145\KH_145_818.bmp,KH_145
C:\Users\User\Desktop\稻米分組\G2\KH_145\KH_145_819.bmp,KH_145
C:\Users\User\Desktop\稻米分組\G2\KH_145\KH_145_82.bmp,KH_145
C:\Users\User\Desktop\稻米分組\G2\KH_145\KH_145_820.bmp,KH_145
C:\Users\User\Desktop\稻米分組\G2\KH_145\KH_145_821.bmp,KH_145
C:\Users\User\Desktop\稻米分組\G2\KH_145\KH_145_822.bmp,KH_147
C:\Users\User\Desktop\稻米分組\G2\KH_145\KH_145_823.bmp,KH_145
C:\Users\User\Desktop\稻米分組\G2\KH_145\KH_145_824.bmp,KH_145
C:\Users\User\Desktop\稻米分組\G2\KH_145\KH_145_825.bmp,KH_145
C:\Users\User\Desktop\稻米分組\G2\KH_145\KH_145_826.bmp,KH_145
C:\Users\User\Desktop\稻米分組\G2\KH_145\KH_145_827.bmp,KH_145
C:\Users\User\Desktop\稻米分組\G2\KH_145\KH_145_828.bmp,KH_145
C:\Users\User\Desktop\稻米分組\G2\KH_145\KH_145_829.bmp,KH_145
C:\Users\User\Desktop\稻米分組\G2\KH_145\KH_145_83.bmp,KH_145
C:\Users\User\Desktop\稻米分組\G2\KH_145\KH_145_830.bmp,KH_145
C:\Users\User\Desktop\稻米分組\G2\KH_145\KH_145_831.bmp,KH_145
C:\Users\User\Desktop\稻米分組\G2\KH_145\KH_145_832.bmp,KH_145
C:\Users\User\Desktop\稻米分組\G2\KH_145\KH_145_833.bmp,KH_145
C:\Users\User\Desktop\稻米分組\G2\KH_145\KH_145_834.bmp,KH_145
C:\Users\User\Desktop\稻米分組\G2\KH_145\KH_145_835.bmp,KH_145
C:\Users\User\Desktop\稻米分組\G2\KH_145\KH_145_836.bmp,KH_145
C:\Users\User\Desktop\稻米分組\G2\KH_145\KH_145_837.bmp,KH_145
C:\Users\User\Desktop\稻米分組\G2\KH_145\KH_145_838.bmp,KH_145
C:\Users\User\Desktop\稻米分組\G2\KH_145\KH_145_839.bmp,KH_145
C:\Users\User\Desktop\稻米分組\G2\KH_145\KH_145_84.bmp,KH_145
C:\Users\User\Desktop\稻米分組\G2\KH_145\KH_145_840.bmp,KH_145
C:\Users\User\Desktop\稻米分組\G2\KH_145\KH_145_841.bmp,KH_145
C:\Users\User\Desktop\稻米分組\G2\KH_145\KH_145_842.bmp,KH_145
C:\Users\User\Desktop\稻米分組\G2\KH_145\KH_145_843.bmp,KH_145
C:\Users\User\Desktop\稻米分組\G2\KH_145\KH_145_844.bmp,KH_145
C:\Users\User\Desktop\稻米分組\G2\KH_145\KH_145_845.bmp,KH_145
C:\Users\User\Desktop\稻米分組\G2\KH_145\KH_145_846.bmp,KH_147
C:\Users\User\Desktop\稻米分組\G2\KH_145\KH_145_847.bmp,KH_145
C:\Users\User\Desktop\稻米分組\G2\KH_145\KH_145_848.bmp,KH_145
C:\Users\User\Desktop\稻米分組\G2\KH_145\KH_145_849.bmp,KH_145
C:\Users\User\Desktop\稻米分組\G2\KH_145\KH_145_85.bmp,KH_145
C:\Users\User\Desktop\稻米分組\G2\KH_145\KH_145_850.bmp,KH_145
C:\Users\User\Desktop\稻米分組\G2\KH_145\KH_145_851.bmp,KH_145
C:\Users\User\Desktop\稻米分組\G2\KH_145\KH_145_852.bmp,KH_145
C:\Users\User\Desktop\稻米分組\G2\KH_145\KH_145_853.bmp,KH_145
C:\Users\User\Desktop\稻米分組\G2\KH_145\KH_145_854.bmp,KH_145
C:\Users\User\Desktop\稻米分組\G2\KH_145\KH_145_855.bmp,KH_145
C:\Users\User\Desktop\稻米分組\G2\KH_145\KH_145_856.bmp,KH_145
C:\Users\User\Desktop\稻米分組\G2\KH_145\KH_145_857.bmp,KH_145
C:\Users\User\Desktop\稻米分組\G2\KH_145\KH_145_858.bmp,KH_145
C:\Users\User\Desktop\稻米分組\G2\KH_145\KH_145_859.bmp,KH_145
C:\Users\User\Desktop\稻米分組\G2\KH_145\KH_145_86.bmp,KH_145
C:\Users\User\Desktop\稻米分組\G2\KH_145\KH_145_860.bmp,KH_145
C:\Users\User\Desktop\稻米分組\G2\KH_145\KH_145_861.bmp,KH_145
C:\Users\User\Desktop\稻米分組\G2\KH_145\KH_145_862.bmp,KH_145
C:\Users\User\Desktop\稻米分組\G2\KH_145\KH_145_863.bmp,KH_145
C:\Users\User\Desktop\稻米分組\G2\KH_145\KH_145_864.bmp,KH_145
C:\Users\User\Desktop\稻米分組\G2\KH_145\KH_145_865.bmp,KH_145
C:\Users\User\Desktop\稻米分組\G2\KH_145\KH_145_866.bmp,KH_145
C:\Users\User\Desktop\稻米分組\G2\KH_145\KH_145_867.bmp,KH_145
C:\Users\User\Desktop\稻米分組\G2\KH_145\KH_145_868.bmp,KH_145
C:\Users\User\Desktop\稻米分組\G2\KH_145\KH_145_87.bmp,KH_145
C:\Users\User\Desktop\稻米分組\G2\KH_145\KH_145_88.bmp,KH_145
C:\Users\User\Desktop\稻米分組\G2\KH_145\KH_145_89.bmp,KH_145
C:\Users\User\Desktop\稻米分組\G2\KH_145\KH_145_9.bmp,KH_145
C:\Users\User\Desktop\稻米分組\G2\KH_145\KH_145_90.bmp,KH_145
C:\Users\User\Desktop\稻米分組\G2\KH_145\KH_145_91.bmp,KH_145
C:\Users\User\Desktop\稻米分組\G2\KH_145\KH_145_92.bmp,KH_145
C:\Users\User\Desktop\稻米分組\G2\KH_145\KH_145_93.bmp,KH_145
C:\Users\User\Desktop\稻米分組\G2\KH_145\KH_145_94.bmp,KH_145
C:\Users\User\Desktop\稻米分組\G2\KH_145\KH_145_95.bmp,KH_145
C:\Users\User\Desktop\稻米分組\G2\KH_145\KH_145_96.bmp,KH_145
C:\Users\User\Desktop\稻米分組\G2\KH_145\KH_145_97.bmp,KH_145
C:\Users\User\Desktop\稻米分組\G2\KH_145\KH_145_98.bmp,KH_145
C:\Users\User\Desktop\稻米分組\G2\KH_145\KH_145_99.bmp,KH_145


KH_145,869,Accurate: 95.16685 %
KH_139,KH_145,KH_147,TT_30,TT_33,TY_3,No
0,827,42,0,0,0,0
