C:\Users\User\Desktop\稻米分組\G2\TT_30\TT_30_0.bmp,TT_33
C:\Users\User\Desktop\稻米分組\G2\TT_30\TT_30_1.bmp,TT_33
C:\Users\User\Desktop\稻米分組\G2\TT_30\TT_30_10.bmp,TT_33
C:\Users\User\Desktop\稻米分組\G2\TT_30\TT_30_100.bmp,TT_33
C:\Users\User\Desktop\稻米分組\G2\TT_30\TT_30_1000.bmp,TT_30
C:\Users\User\Desktop\稻米分組\G2\TT_30\TT_30_1001.bmp,TT_30
C:\Users\User\Desktop\稻米分組\G2\TT_30\TT_30_1002.bmp,TT_30
C:\Users\User\Desktop\稻米分組\G2\TT_30\TT_30_1003.bmp,TT_30
C:\Users\User\Desktop\稻米分組\G2\TT_30\TT_30_1004.bmp,TT_30
C:\Users\User\Desktop\稻米分組\G2\TT_30\TT_30_1005.bmp,TT_30
C:\Users\User\Desktop\稻米分組\G2\TT_30\TT_30_1006.bmp,TT_30
C:\Users\User\Desktop\稻米分組\G2\TT_30\TT_30_1007.bmp,TT_30
C:\Users\User\Desktop\稻米分組\G2\TT_30\TT_30_1008.bmp,TT_30
C:\Users\User\Desktop\稻米分組\G2\TT_30\TT_30_1009.bmp,TT_30
C:\Users\User\Desktop\稻米分組\G2\TT_30\TT_30_101.bmp,TT_33
C:\Users\User\Desktop\稻米分組\G2\TT_30\TT_30_1010.bmp,TT_30
C:\Users\User\Desktop\稻米分組\G2\TT_30\TT_30_1011.bmp,TT_30
C:\Users\User\Desktop\稻米分組\G2\TT_30\TT_30_1012.bmp,TT_30
C:\Users\User\Desktop\稻米分組\G2\TT_30\TT_30_1013.bmp,TT_30
C:\Users\User\Desktop\稻米分組\G2\TT_30\TT_30_1014.bmp,TT_30
C:\Users\User\Desktop\稻米分組\G2\TT_30\TT_30_1015.bmp,TT_30
C:\Users\User\Desktop\稻米分組\G2\TT_30\TT_30_1016.bmp,TT_30
C:\Users\User\Desktop\稻米分組\G2\TT_30\TT_30_1017.bmp,TT_30
C:\Users\User\Desktop\稻米分組\G2\TT_30\TT_30_1018.bmp,TT_30
C:\Users\User\Desktop\稻米分組\G2\TT_30\TT_30_1019.bmp,TT_30
C:\Users\User\Desktop\稻米分組\G2\TT_30\TT_30_102.bmp,TT_33
C:\Users\User\Desktop\稻米分組\G2\TT_30\TT_30_1020.bmp,TT_30
C:\Users\User\Desktop\稻米分組\G2\TT_30\TT_30_1021.bmp,TT_30
C:\Users\User\Desktop\稻米分組\G2\TT_30\TT_30_1022.bmp,TT_30
C:\Users\User\Desktop\稻米分組\G2\TT_30\TT_30_1023.bmp,TT_30
C:\Users\User\Desktop\稻米分組\G2\TT_30\TT_30_1024.bmp,TT_30
C:\Users\User\Desktop\稻米分組\G2\TT_30\TT_30_1025.bmp,TT_30
C:\Users\User\Desktop\稻米分組\G2\TT_30\TT_30_1026.bmp,TT_30
C:\Users\User\Desktop\稻米分組\G2\TT_30\TT_30_1027.bmp,TT_30
C:\Users\User\Desktop\稻米分組\G2\TT_30\TT_30_1028.bmp,TT_30
C:\Users\User\Desktop\稻米分組\G2\TT_30\TT_30_1029.bmp,TT_30
C:\Users\User\Desktop\稻米分組\G2\TT_30\TT_30_103.bmp,TT_33
C:\Users\User\Desktop\稻米分組\G2\TT_30\TT_30_1030.bmp,TT_30
C:\Users\User\Desktop\稻米分組\G2\TT_30\TT_30_1031.bmp,TT_30
C:\Users\User\Desktop\稻米分組\G2\TT_30\TT_30_1032.bmp,TT_30
C:\Users\User\Desktop\稻米分組\G2\TT_30\TT_30_1033.bmp,TT_30
C:\Users\User\Desktop\稻米分組\G2\TT_30\TT_30_1034.bmp,TT_30
C:\Users\User\Desktop\稻米分組\G2\TT_30\TT_30_1035.bmp,TT_30
C:\Users\User\Desktop\稻米分組\G2\TT_30\TT_30_1036.bmp,TT_30
C:\Users\User\Desktop\稻米分組\G2\TT_30\TT_30_1037.bmp,TT_30
C:\Users\User\Desktop\稻米分組\G2\TT_30\TT_30_1038.bmp,TT_30
C:\Users\User\Desktop\稻米分組\G2\TT_30\TT_30_1039.bmp,TT_30
C:\Users\User\Desktop\稻米分組\G2\TT_30\TT_30_104.bmp,TT_33
C:\Users\User\Desktop\稻米分組\G2\TT_30\TT_30_1040.bmp,TT_30
C:\Users\User\Desktop\稻米分組\G2\TT_30\TT_30_1041.bmp,TT_30
C:\Users\User\Desktop\稻米分組\G2\TT_30\TT_30_1042.bmp,TT_30
C:\Users\User\Desktop\稻米分組\G2\TT_30\TT_30_1043.bmp,TT_30
C:\Users\User\Desktop\稻米分組\G2\TT_30\TT_30_1044.bmp,TT_30
C:\Users\User\Desktop\稻米分組\G2\TT_30\TT_30_1045.bmp,TT_30
C:\Users\User\Desktop\稻米分組\G2\TT_30\TT_30_1046.bmp,TT_30
C:\Users\User\Desktop\稻米分組\G2\TT_30\TT_30_1047.bmp,TT_30
C:\Users\User\Desktop\稻米分組\G2\TT_30\TT_30_1048.bmp,TT_30
C:\Users\User\Desktop\稻米分組\G2\TT_30\TT_30_1049.bmp,TT_30
C:\Users\User\Desktop\稻米分組\G2\TT_30\TT_30_105.bmp,TT_33
C:\Users\User\Desktop\稻米分組\G2\TT_30\TT_30_1050.bmp,TT_30
C:\Users\User\Desktop\稻米分組\G2\TT_30\TT_30_1051.bmp,TT_30
C:\Users\User\Desktop\稻米分組\G2\TT_30\TT_30_1052.bmp,TT_30
C:\Users\User\Desktop\稻米分組\G2\TT_30\TT_30_1053.bmp,TT_30
C:\Users\User\Desktop\稻米分組\G2\TT_30\TT_30_1054.bmp,TT_30
C:\Users\User\Desktop\稻米分組\G2\TT_30\TT_30_1055.bmp,TT_30
C:\Users\User\Desktop\稻米分組\G2\TT_30\TT_30_1056.bmp,TT_30
C:\Users\User\Desktop\稻米分組\G2\TT_30\TT_30_1057.bmp,TT_30
C:\Users\User\Desktop\稻米分組\G2\TT_30\TT_30_1058.bmp,TT_30
C:\Users\User\Desktop\稻米分組\G2\TT_30\TT_30_1059.bmp,TT_30
C:\Users\User\Desktop\稻米分組\G2\TT_30\TT_30_106.bmp,TT_33
C:\Users\User\Desktop\稻米分組\G2\TT_30\TT_30_1060.bmp,TT_30
C:\Users\User\Desktop\稻米分組\G2\TT_30\TT_30_1061.bmp,TT_30
C:\Users\User\Desktop\稻米分組\G2\TT_30\TT_30_1062.bmp,KH_145
C:\Users\User\Desktop\稻米分組\G2\TT_30\TT_30_1063.bmp,TT_30
C:\Users\User\Desktop\稻米分組\G2\TT_30\TT_30_1064.bmp,TT_30
C:\Users\User\Desktop\稻米分組\G2\TT_30\TT_30_1065.bmp,TT_30
C:\Users\User\Desktop\稻米分組\G2\TT_30\TT_30_1066.bmp,TT_30
C:\Users\User\Desktop\稻米分組\G2\TT_30\TT_30_1067.bmp,TT_30
C:\Users\User\Desktop\稻米分組\G2\TT_30\TT_30_1068.bmp,TT_30
C:\Users\User\Desktop\稻米分組\G2\TT_30\TT_30_1069.bmp,TT_30
C:\Users\User\Desktop\稻米分組\G2\TT_30\TT_30_107.bmp,TT_33
C:\Users\User\Desktop\稻米分組\G2\TT_30\TT_30_1070.bmp,TT_30
C:\Users\User\Desktop\稻米分組\G2\TT_30\TT_30_1071.bmp,TT_30
C:\Users\User\Desktop\稻米分組\G2\TT_30\TT_30_1072.bmp,TT_30
C:\Users\User\Desktop\稻米分組\G2\TT_30\TT_30_1073.bmp,TT_30
C:\Users\User\Desktop\稻米分組\G2\TT_30\TT_30_1074.bmp,TT_30
C:\Users\User\Desktop\稻米分組\G2\TT_30\TT_30_1075.bmp,TT_30
C:\Users\User\Desktop\稻米分組\G2\TT_30\TT_30_1076.bmp,TT_30
C:\Users\User\Desktop\稻米分組\G2\TT_30\TT_30_1077.bmp,TT_30
C:\Users\User\Desktop\稻米分組\G2\TT_30\TT_30_1078.bmp,TT_30
C:\Users\User\Desktop\稻米分組\G2\TT_30\TT_30_1079.bmp,TT_30
C:\Users\User\Desktop\稻米分組\G2\TT_30\TT_30_108.bmp,TT_33
C:\Users\User\Desktop\稻米分組\G2\TT_30\TT_30_1080.bmp,TT_30
C:\Users\User\Desktop\稻米分組\G2\TT_30\TT_30_1081.bmp,TT_30
C:\Users\User\Desktop\稻米分組\G2\TT_30\TT_30_1082.bmp,TT_30
C:\Users\User\Desktop\稻米分組\G2\TT_30\TT_30_1083.bmp,TT_30
C:\Users\User\Desktop\稻米分組\G2\TT_30\TT_30_1084.bmp,TT_30
C:\Users\User\Desktop\稻米分組\G2\TT_30\TT_30_1085.bmp,TT_30
C:\Users\User\Desktop\稻米分組\G2\TT_30\TT_30_1086.bmp,TT_30
C:\Users\User\Desktop\稻米分組\G2\TT_30\TT_30_1087.bmp,TT_30
C:\Users\User\Desktop\稻米分組\G2\TT_30\TT_30_1088.bmp,TT_30
C:\Users\User\Desktop\稻米分組\G2\TT_30\TT_30_1089.bmp,TT_30
C:\Users\User\Desktop\稻米分組\G2\TT_30\TT_30_109.bmp,KH_147
C:\Users\User\Desktop\稻米分組\G2\TT_30\TT_30_1090.bmp,TT_30
C:\Users\User\Desktop\稻米分組\G2\TT_30\TT_30_1091.bmp,TT_30
C:\Users\User\Desktop\稻米分組\G2\TT_30\TT_30_1092.bmp,TT_30
C:\Users\User\Desktop\稻米分組\G2\TT_30\TT_30_1093.bmp,TT_30
C:\Users\User\Desktop\稻米分組\G2\TT_30\TT_30_1094.bmp,TT_30
C:\Users\User\Desktop\稻米分組\G2\TT_30\TT_30_1095.bmp,TT_30
C:\Users\User\Desktop\稻米分組\G2\TT_30\TT_30_1096.bmp,TT_30
C:\Users\User\Desktop\稻米分組\G2\TT_30\TT_30_1097.bmp,TT_30
C:\Users\User\Desktop\稻米分組\G2\TT_30\TT_30_1098.bmp,TT_30
C:\Users\User\Desktop\稻米分組\G2\TT_30\TT_30_1099.bmp,TT_30
C:\Users\User\Desktop\稻米分組\G2\TT_30\TT_30_11.bmp,TT_33
C:\Users\User\Desktop\稻米分組\G2\TT_30\TT_30_110.bmp,TT_33
C:\Users\User\Desktop\稻米分組\G2\TT_30\TT_30_1100.bmp,TT_30
C:\Users\User\Desktop\稻米分組\G2\TT_30\TT_30_1101.bmp,TT_30
C:\Users\User\Desktop\稻米分組\G2\TT_30\TT_30_1102.bmp,TT_30
C:\Users\User\Desktop\稻米分組\G2\TT_30\TT_30_1103.bmp,TT_30
C:\Users\User\Desktop\稻米分組\G2\TT_30\TT_30_1104.bmp,TT_30
C:\Users\User\Desktop\稻米分組\G2\TT_30\TT_30_1105.bmp,TT_30
C:\Users\User\Desktop\稻米分組\G2\TT_30\TT_30_1106.bmp,TT_30
C:\Users\User\Desktop\稻米分組\G2\TT_30\TT_30_1107.bmp,TT_30
C:\Users\User\Desktop\稻米分組\G2\TT_30\TT_30_1108.bmp,TT_30
C:\Users\User\Desktop\稻米分組\G2\TT_30\TT_30_1109.bmp,TT_30
C:\Users\User\Desktop\稻米分組\G2\TT_30\TT_30_111.bmp,TT_33
C:\Users\User\Desktop\稻米分組\G2\TT_30\TT_30_1110.bmp,TT_30
C:\Users\User\Desktop\稻米分組\G2\TT_30\TT_30_1111.bmp,TT_30
C:\Users\User\Desktop\稻米分組\G2\TT_30\TT_30_1112.bmp,TT_30
C:\Users\User\Desktop\稻米分組\G2\TT_30\TT_30_1113.bmp,TT_30
C:\Users\User\Desktop\稻米分組\G2\TT_30\TT_30_1114.bmp,TT_30
C:\Users\User\Desktop\稻米分組\G2\TT_30\TT_30_1115.bmp,TT_30
C:\Users\User\Desktop\稻米分組\G2\TT_30\TT_30_1116.bmp,TT_30
C:\Users\User\Desktop\稻米分組\G2\TT_30\TT_30_1117.bmp,TT_30
C:\Users\User\Desktop\稻米分組\G2\TT_30\TT_30_1118.bmp,TT_30
C:\Users\User\Desktop\稻米分組\G2\TT_30\TT_30_1119.bmp,TT_30
C:\Users\User\Desktop\稻米分組\G2\TT_30\TT_30_112.bmp,KH_147
C:\Users\User\Desktop\稻米分組\G2\TT_30\TT_30_1120.bmp,TT_30
C:\Users\User\Desktop\稻米分組\G2\TT_30\TT_30_1121.bmp,TT_30
C:\Users\User\Desktop\稻米分組\G2\TT_30\TT_30_1122.bmp,TT_30
C:\Users\User\Desktop\稻米分組\G2\TT_30\TT_30_1123.bmp,TT_30
C:\Users\User\Desktop\稻米分組\G2\TT_30\TT_30_1124.bmp,TT_30
C:\Users\User\Desktop\稻米分組\G2\TT_30\TT_30_1125.bmp,TT_30
C:\Users\User\Desktop\稻米分組\G2\TT_30\TT_30_1126.bmp,TT_30
C:\Users\User\Desktop\稻米分組\G2\TT_30\TT_30_1127.bmp,TT_30
C:\Users\User\Desktop\稻米分組\G2\TT_30\TT_30_1128.bmp,TT_30
C:\Users\User\Desktop\稻米分組\G2\TT_30\TT_30_1129.bmp,TT_30
C:\Users\User\Desktop\稻米分組\G2\TT_30\TT_30_113.bmp,TT_33
C:\Users\User\Desktop\稻米分組\G2\TT_30\TT_30_1130.bmp,TT_30
C:\Users\User\Desktop\稻米分組\G2\TT_30\TT_30_1131.bmp,TT_30
C:\Users\User\Desktop\稻米分組\G2\TT_30\TT_30_1132.bmp,TT_30
C:\Users\User\Desktop\稻米分組\G2\TT_30\TT_30_1133.bmp,TT_30
C:\Users\User\Desktop\稻米分組\G2\TT_30\TT_30_1134.bmp,TT_30
C:\Users\User\Desktop\稻米分組\G2\TT_30\TT_30_1135.bmp,TT_30
C:\Users\User\Desktop\稻米分組\G2\TT_30\TT_30_1136.bmp,TT_30
C:\Users\User\Desktop\稻米分組\G2\TT_30\TT_30_1137.bmp,TT_30
C:\Users\User\Desktop\稻米分組\G2\TT_30\TT_30_1138.bmp,TT_30
C:\Users\User\Desktop\稻米分組\G2\TT_30\TT_30_1139.bmp,TT_30
C:\Users\User\Desktop\稻米分組\G2\TT_30\TT_30_114.bmp,TT_33
C:\Users\User\Desktop\稻米分組\G2\TT_30\TT_30_1140.bmp,TT_30
C:\Users\User\Desktop\稻米分組\G2\TT_30\TT_30_1141.bmp,TT_30
C:\Users\User\Desktop\稻米分組\G2\TT_30\TT_30_1142.bmp,TT_30
C:\Users\User\Desktop\稻米分組\G2\TT_30\TT_30_1143.bmp,TT_33
C:\Users\User\Desktop\稻米分組\G2\TT_30\TT_30_1144.bmp,TT_30
C:\Users\User\Desktop\稻米分組\G2\TT_30\TT_30_1145.bmp,TT_30
C:\Users\User\Desktop\稻米分組\G2\TT_30\TT_30_1146.bmp,TT_30
C:\Users\User\Desktop\稻米分組\G2\TT_30\TT_30_1147.bmp,TT_30
C:\Users\User\Desktop\稻米分組\G2\TT_30\TT_30_1148.bmp,TT_30
C:\Users\User\Desktop\稻米分組\G2\TT_30\TT_30_1149.bmp,TT_30
C:\Users\User\Desktop\稻米分組\G2\TT_30\TT_30_115.bmp,TT_33
C:\Users\User\Desktop\稻米分組\G2\TT_30\TT_30_1150.bmp,TT_30
C:\Users\User\Desktop\稻米分組\G2\TT_30\TT_30_1151.bmp,TT_33
C:\Users\User\Desktop\稻米分組\G2\TT_30\TT_30_1152.bmp,TT_30
C:\Users\User\Desktop\稻米分組\G2\TT_30\TT_30_1153.bmp,TT_30
C:\Users\User\Desktop\稻米分組\G2\TT_30\TT_30_1154.bmp,TT_33
C:\Users\User\Desktop\稻米分組\G2\TT_30\TT_30_1155.bmp,TT_30
C:\Users\User\Desktop\稻米分組\G2\TT_30\TT_30_1156.bmp,TT_30
C:\Users\User\Desktop\稻米分組\G2\TT_30\TT_30_1157.bmp,TT_30
C:\Users\User\Desktop\稻米分組\G2\TT_30\TT_30_1158.bmp,TT_30
C:\Users\User\Desktop\稻米分組\G2\TT_30\TT_30_1159.bmp,TT_30
C:\Users\User\Desktop\稻米分組\G2\TT_30\TT_30_116.bmp,KH_147
C:\Users\User\Desktop\稻米分組\G2\TT_30\TT_30_1160.bmp,TT_30
C:\Users\User\Desktop\稻米分組\G2\TT_30\TT_30_1161.bmp,TT_30
C:\Users\User\Desktop\稻米分組\G2\TT_30\TT_30_1162.bmp,TT_30
C:\Users\User\Desktop\稻米分組\G2\TT_30\TT_30_1163.bmp,TT_30
C:\Users\User\Desktop\稻米分組\G2\TT_30\TT_30_1164.bmp,TT_30
C:\Users\User\Desktop\稻米分組\G2\TT_30\TT_30_1165.bmp,TT_30
C:\Users\User\Desktop\稻米分組\G2\TT_30\TT_30_1166.bmp,TT_30
C:\Users\User\Desktop\稻米分組\G2\TT_30\TT_30_1167.bmp,TT_30
C:\Users\User\Desktop\稻米分組\G2\TT_30\TT_30_1168.bmp,KH_147
C:\Users\User\Desktop\稻米分組\G2\TT_30\TT_30_1169.bmp,TT_30
C:\Users\User\Desktop\稻米分組\G2\TT_30\TT_30_117.bmp,TT_33
C:\Users\User\Desktop\稻米分組\G2\TT_30\TT_30_1170.bmp,TT_30
C:\Users\User\Desktop\稻米分組\G2\TT_30\TT_30_1171.bmp,TT_30
C:\Users\User\Desktop\稻米分組\G2\TT_30\TT_30_1172.bmp,TT_30
C:\Users\User\Desktop\稻米分組\G2\TT_30\TT_30_1173.bmp,TT_30
C:\Users\User\Desktop\稻米分組\G2\TT_30\TT_30_1174.bmp,TT_30
C:\Users\User\Desktop\稻米分組\G2\TT_30\TT_30_1175.bmp,TT_30
C:\Users\User\Desktop\稻米分組\G2\TT_30\TT_30_1176.bmp,TT_30
C:\Users\User\Desktop\稻米分組\G2\TT_30\TT_30_1177.bmp,TT_30
C:\Users\User\Desktop\稻米分組\G2\TT_30\TT_30_1178.bmp,KH_147
C:\Users\User\Desktop\稻米分組\G2\TT_30\TT_30_1179.bmp,TT_30
C:\Users\User\Desktop\稻米分組\G2\TT_30\TT_30_118.bmp,TT_33
C:\Users\User\Desktop\稻米分組\G2\TT_30\TT_30_1180.bmp,TT_30
C:\Users\User\Desktop\稻米分組\G2\TT_30\TT_30_1181.bmp,TT_30
C:\Users\User\Desktop\稻米分組\G2\TT_30\TT_30_1182.bmp,TT_30
C:\Users\User\Desktop\稻米分組\G2\TT_30\TT_30_1183.bmp,TT_30
C:\Users\User\Desktop\稻米分組\G2\TT_30\TT_30_1184.bmp,TT_30
C:\Users\User\Desktop\稻米分組\G2\TT_30\TT_30_1185.bmp,TT_30
C:\Users\User\Desktop\稻米分組\G2\TT_30\TT_30_1186.bmp,TT_30
C:\Users\User\Desktop\稻米分組\G2\TT_30\TT_30_1187.bmp,TT_30
C:\Users\User\Desktop\稻米分組\G2\TT_30\TT_30_1188.bmp,TT_30
C:\Users\User\Desktop\稻米分組\G2\TT_30\TT_30_1189.bmp,TT_30
C:\Users\User\Desktop\稻米分組\G2\TT_30\TT_30_119.bmp,TT_33
C:\Users\User\Desktop\稻米分組\G2\TT_30\TT_30_1190.bmp,TT_30
C:\Users\User\Desktop\稻米分組\G2\TT_30\TT_30_1191.bmp,TT_30
C:\Users\User\Desktop\稻米分組\G2\TT_30\TT_30_1192.bmp,TT_30
C:\Users\User\Desktop\稻米分組\G2\TT_30\TT_30_1193.bmp,TT_30
C:\Users\User\Desktop\稻米分組\G2\TT_30\TT_30_1194.bmp,TT_30
C:\Users\User\Desktop\稻米分組\G2\TT_30\TT_30_1195.bmp,TT_30
C:\Users\User\Desktop\稻米分組\G2\TT_30\TT_30_1196.bmp,KH_145
C:\Users\User\Desktop\稻米分組\G2\TT_30\TT_30_1197.bmp,TT_30
C:\Users\User\Desktop\稻米分組\G2\TT_30\TT_30_1198.bmp,TT_30
C:\Users\User\Desktop\稻米分組\G2\TT_30\TT_30_1199.bmp,TT_30
C:\Users\User\Desktop\稻米分組\G2\TT_30\TT_30_12.bmp,TT_33
C:\Users\User\Desktop\稻米分組\G2\TT_30\TT_30_120.bmp,KH_147
C:\Users\User\Desktop\稻米分組\G2\TT_30\TT_30_1200.bmp,KH_147
C:\Users\User\Desktop\稻米分組\G2\TT_30\TT_30_1201.bmp,TT_30
C:\Users\User\Desktop\稻米分組\G2\TT_30\TT_30_1202.bmp,TT_30
C:\Users\User\Desktop\稻米分組\G2\TT_30\TT_30_1203.bmp,TT_30
C:\Users\User\Desktop\稻米分組\G2\TT_30\TT_30_1204.bmp,TT_30
C:\Users\User\Desktop\稻米分組\G2\TT_30\TT_30_1205.bmp,KH_147
C:\Users\User\Desktop\稻米分組\G2\TT_30\TT_30_1206.bmp,TT_30
C:\Users\User\Desktop\稻米分組\G2\TT_30\TT_30_1207.bmp,TT_33
C:\Users\User\Desktop\稻米分組\G2\TT_30\TT_30_1208.bmp,TT_30
C:\Users\User\Desktop\稻米分組\G2\TT_30\TT_30_1209.bmp,TT_33
C:\Users\User\Desktop\稻米分組\G2\TT_30\TT_30_121.bmp,TT_33
C:\Users\User\Desktop\稻米分組\G2\TT_30\TT_30_1210.bmp,TT_30
C:\Users\User\Desktop\稻米分組\G2\TT_30\TT_30_1211.bmp,TT_30
C:\Users\User\Desktop\稻米分組\G2\TT_30\TT_30_1212.bmp,TT_30
C:\Users\User\Desktop\稻米分組\G2\TT_30\TT_30_1213.bmp,TT_30
C:\Users\User\Desktop\稻米分組\G2\TT_30\TT_30_1214.bmp,TT_30
C:\Users\User\Desktop\稻米分組\G2\TT_30\TT_30_1215.bmp,TT_30
C:\Users\User\Desktop\稻米分組\G2\TT_30\TT_30_1216.bmp,TT_30
C:\Users\User\Desktop\稻米分組\G2\TT_30\TT_30_1217.bmp,TT_30
C:\Users\User\Desktop\稻米分組\G2\TT_30\TT_30_1218.bmp,TT_30
C:\Users\User\Desktop\稻米分組\G2\TT_30\TT_30_1219.bmp,TT_30
C:\Users\User\Desktop\稻米分組\G2\TT_30\TT_30_122.bmp,TT_33
C:\Users\User\Desktop\稻米分組\G2\TT_30\TT_30_1220.bmp,TT_30
C:\Users\User\Desktop\稻米分組\G2\TT_30\TT_30_1221.bmp,TT_30
C:\Users\User\Desktop\稻米分組\G2\TT_30\TT_30_1222.bmp,TT_30
C:\Users\User\Desktop\稻米分組\G2\TT_30\TT_30_1223.bmp,TT_30
C:\Users\User\Desktop\稻米分組\G2\TT_30\TT_30_1224.bmp,TT_30
C:\Users\User\Desktop\稻米分組\G2\TT_30\TT_30_1225.bmp,TT_30
C:\Users\User\Desktop\稻米分組\G2\TT_30\TT_30_1226.bmp,TT_30
C:\Users\User\Desktop\稻米分組\G2\TT_30\TT_30_1227.bmp,TT_30
C:\Users\User\Desktop\稻米分組\G2\TT_30\TT_30_1228.bmp,TT_30
C:\Users\User\Desktop\稻米分組\G2\TT_30\TT_30_1229.bmp,TT_30
C:\Users\User\Desktop\稻米分組\G2\TT_30\TT_30_123.bmp,TT_33
C:\Users\User\Desktop\稻米分組\G2\TT_30\TT_30_1230.bmp,TT_33
C:\Users\User\Desktop\稻米分組\G2\TT_30\TT_30_1231.bmp,TT_30
C:\Users\User\Desktop\稻米分組\G2\TT_30\TT_30_1232.bmp,TT_30
C:\Users\User\Desktop\稻米分組\G2\TT_30\TT_30_1233.bmp,TT_30
C:\Users\User\Desktop\稻米分組\G2\TT_30\TT_30_1234.bmp,TT_30
C:\Users\User\Desktop\稻米分組\G2\TT_30\TT_30_1235.bmp,TT_30
C:\Users\User\Desktop\稻米分組\G2\TT_30\TT_30_1236.bmp,TT_30
C:\Users\User\Desktop\稻米分組\G2\TT_30\TT_30_1237.bmp,TT_30
C:\Users\User\Desktop\稻米分組\G2\TT_30\TT_30_1238.bmp,TT_30
C:\Users\User\Desktop\稻米分組\G2\TT_30\TT_30_1239.bmp,TT_30
C:\Users\User\Desktop\稻米分組\G2\TT_30\TT_30_124.bmp,TT_33
C:\Users\User\Desktop\稻米分組\G2\TT_30\TT_30_1240.bmp,TT_30
C:\Users\User\Desktop\稻米分組\G2\TT_30\TT_30_1241.bmp,TT_30
C:\Users\User\Desktop\稻米分組\G2\TT_30\TT_30_1242.bmp,TT_30
C:\Users\User\Desktop\稻米分組\G2\TT_30\TT_30_1243.bmp,TT_30
C:\Users\User\Desktop\稻米分組\G2\TT_30\TT_30_1244.bmp,TT_33
C:\Users\User\Desktop\稻米分組\G2\TT_30\TT_30_1245.bmp,TT_30
C:\Users\User\Desktop\稻米分組\G2\TT_30\TT_30_1246.bmp,TT_33
C:\Users\User\Desktop\稻米分組\G2\TT_30\TT_30_1247.bmp,TT_30
C:\Users\User\Desktop\稻米分組\G2\TT_30\TT_30_1248.bmp,TT_30
C:\Users\User\Desktop\稻米分組\G2\TT_30\TT_30_1249.bmp,TT_30
C:\Users\User\Desktop\稻米分組\G2\TT_30\TT_30_125.bmp,TT_33
C:\Users\User\Desktop\稻米分組\G2\TT_30\TT_30_1250.bmp,TT_30
C:\Users\User\Desktop\稻米分組\G2\TT_30\TT_30_1251.bmp,TT_30
C:\Users\User\Desktop\稻米分組\G2\TT_30\TT_30_1252.bmp,TT_30
C:\Users\User\Desktop\稻米分組\G2\TT_30\TT_30_1253.bmp,TT_30
C:\Users\User\Desktop\稻米分組\G2\TT_30\TT_30_1254.bmp,TT_30
C:\Users\User\Desktop\稻米分組\G2\TT_30\TT_30_1255.bmp,TT_30
C:\Users\User\Desktop\稻米分組\G2\TT_30\TT_30_1256.bmp,TT_30
C:\Users\User\Desktop\稻米分組\G2\TT_30\TT_30_1257.bmp,TT_30
C:\Users\User\Desktop\稻米分組\G2\TT_30\TT_30_1258.bmp,TT_30
C:\Users\User\Desktop\稻米分組\G2\TT_30\TT_30_1259.bmp,TT_30
C:\Users\User\Desktop\稻米分組\G2\TT_30\TT_30_126.bmp,TT_33
C:\Users\User\Desktop\稻米分組\G2\TT_30\TT_30_1260.bmp,TT_30
C:\Users\User\Desktop\稻米分組\G2\TT_30\TT_30_1261.bmp,TT_30
C:\Users\User\Desktop\稻米分組\G2\TT_30\TT_30_1262.bmp,TT_30
C:\Users\User\Desktop\稻米分組\G2\TT_30\TT_30_1263.bmp,TT_30
C:\Users\User\Desktop\稻米分組\G2\TT_30\TT_30_1264.bmp,TT_30
C:\Users\User\Desktop\稻米分組\G2\TT_30\TT_30_1265.bmp,TT_30
C:\Users\User\Desktop\稻米分組\G2\TT_30\TT_30_1266.bmp,TT_30
C:\Users\User\Desktop\稻米分組\G2\TT_30\TT_30_1267.bmp,TT_30
C:\Users\User\Desktop\稻米分組\G2\TT_30\TT_30_1268.bmp,TT_30
C:\Users\User\Desktop\稻米分組\G2\TT_30\TT_30_1269.bmp,TT_30
C:\Users\User\Desktop\稻米分組\G2\TT_30\TT_30_127.bmp,TT_33
C:\Users\User\Desktop\稻米分組\G2\TT_30\TT_30_1270.bmp,TT_30
C:\Users\User\Desktop\稻米分組\G2\TT_30\TT_30_1271.bmp,TT_30
C:\Users\User\Desktop\稻米分組\G2\TT_30\TT_30_1272.bmp,TT_30
C:\Users\User\Desktop\稻米分組\G2\TT_30\TT_30_1273.bmp,TT_30
C:\Users\User\Desktop\稻米分組\G2\TT_30\TT_30_1274.bmp,TT_30
C:\Users\User\Desktop\稻米分組\G2\TT_30\TT_30_1275.bmp,TT_30
C:\Users\User\Desktop\稻米分組\G2\TT_30\TT_30_1276.bmp,TT_30
C:\Users\User\Desktop\稻米分組\G2\TT_30\TT_30_1277.bmp,TT_30
C:\Users\User\Desktop\稻米分組\G2\TT_30\TT_30_1278.bmp,TT_30
C:\Users\User\Desktop\稻米分組\G2\TT_30\TT_30_1279.bmp,TT_30
C:\Users\User\Desktop\稻米分組\G2\TT_30\TT_30_128.bmp,TT_33
C:\Users\User\Desktop\稻米分組\G2\TT_30\TT_30_1280.bmp,TT_30
C:\Users\User\Desktop\稻米分組\G2\TT_30\TT_30_1281.bmp,TT_30
C:\Users\User\Desktop\稻米分組\G2\TT_30\TT_30_1282.bmp,TT_30
C:\Users\User\Desktop\稻米分組\G2\TT_30\TT_30_1283.bmp,TT_30
C:\Users\User\Desktop\稻米分組\G2\TT_30\TT_30_1284.bmp,TT_30
C:\Users\User\Desktop\稻米分組\G2\TT_30\TT_30_1285.bmp,TT_30
C:\Users\User\Desktop\稻米分組\G2\TT_30\TT_30_1286.bmp,TT_30
C:\Users\User\Desktop\稻米分組\G2\TT_30\TT_30_1287.bmp,TT_30
C:\Users\User\Desktop\稻米分組\G2\TT_30\TT_30_1288.bmp,TT_30
C:\Users\User\Desktop\稻米分組\G2\TT_30\TT_30_1289.bmp,TT_30
C:\Users\User\Desktop\稻米分組\G2\TT_30\TT_30_129.bmp,TT_33
C:\Users\User\Desktop\稻米分組\G2\TT_30\TT_30_1290.bmp,TT_30
C:\Users\User\Desktop\稻米分組\G2\TT_30\TT_30_1291.bmp,TT_30
C:\Users\User\Desktop\稻米分組\G2\TT_30\TT_30_1292.bmp,TT_30
C:\Users\User\Desktop\稻米分組\G2\TT_30\TT_30_1293.bmp,TT_30
C:\Users\User\Desktop\稻米分組\G2\TT_30\TT_30_1294.bmp,TT_30
C:\Users\User\Desktop\稻米分組\G2\TT_30\TT_30_1295.bmp,TT_30
C:\Users\User\Desktop\稻米分組\G2\TT_30\TT_30_1296.bmp,TT_30
C:\Users\User\Desktop\稻米分組\G2\TT_30\TT_30_1297.bmp,TT_30
C:\Users\User\Desktop\稻米分組\G2\TT_30\TT_30_1298.bmp,TT_30
C:\Users\User\Desktop\稻米分組\G2\TT_30\TT_30_1299.bmp,TT_30
C:\Users\User\Desktop\稻米分組\G2\TT_30\TT_30_13.bmp,TT_33
C:\Users\User\Desktop\稻米分組\G2\TT_30\TT_30_130.bmp,TT_33
C:\Users\User\Desktop\稻米分組\G2\TT_30\TT_30_1300.bmp,TT_30
C:\Users\User\Desktop\稻米分組\G2\TT_30\TT_30_1301.bmp,TT_33
C:\Users\User\Desktop\稻米分組\G2\TT_30\TT_30_1302.bmp,TT_30
C:\Users\User\Desktop\稻米分組\G2\TT_30\TT_30_1303.bmp,TT_30
C:\Users\User\Desktop\稻米分組\G2\TT_30\TT_30_1304.bmp,TT_30
C:\Users\User\Desktop\稻米分組\G2\TT_30\TT_30_1305.bmp,TT_30
C:\Users\User\Desktop\稻米分組\G2\TT_30\TT_30_1306.bmp,TT_30
C:\Users\User\Desktop\稻米分組\G2\TT_30\TT_30_1307.bmp,TT_30
C:\Users\User\Desktop\稻米分組\G2\TT_30\TT_30_1308.bmp,TT_30
C:\Users\User\Desktop\稻米分組\G2\TT_30\TT_30_1309.bmp,TT_30
C:\Users\User\Desktop\稻米分組\G2\TT_30\TT_30_131.bmp,TT_33
C:\Users\User\Desktop\稻米分組\G2\TT_30\TT_30_1310.bmp,TT_30
C:\Users\User\Desktop\稻米分組\G2\TT_30\TT_30_1311.bmp,TT_30
C:\Users\User\Desktop\稻米分組\G2\TT_30\TT_30_1312.bmp,TT_33
C:\Users\User\Desktop\稻米分組\G2\TT_30\TT_30_1313.bmp,TT_30
C:\Users\User\Desktop\稻米分組\G2\TT_30\TT_30_1314.bmp,TT_30
C:\Users\User\Desktop\稻米分組\G2\TT_30\TT_30_1315.bmp,TT_30
C:\Users\User\Desktop\稻米分組\G2\TT_30\TT_30_1316.bmp,TT_30
C:\Users\User\Desktop\稻米分組\G2\TT_30\TT_30_1317.bmp,TT_30
C:\Users\User\Desktop\稻米分組\G2\TT_30\TT_30_1318.bmp,TT_30
C:\Users\User\Desktop\稻米分組\G2\TT_30\TT_30_1319.bmp,TT_30
C:\Users\User\Desktop\稻米分組\G2\TT_30\TT_30_132.bmp,TT_33
C:\Users\User\Desktop\稻米分組\G2\TT_30\TT_30_1320.bmp,TT_30
C:\Users\User\Desktop\稻米分組\G2\TT_30\TT_30_1321.bmp,TT_30
C:\Users\User\Desktop\稻米分組\G2\TT_30\TT_30_1322.bmp,TT_30
C:\Users\User\Desktop\稻米分組\G2\TT_30\TT_30_1323.bmp,TT_30
C:\Users\User\Desktop\稻米分組\G2\TT_30\TT_30_1324.bmp,TT_30
C:\Users\User\Desktop\稻米分組\G2\TT_30\TT_30_1325.bmp,TT_30
C:\Users\User\Desktop\稻米分組\G2\TT_30\TT_30_1326.bmp,TT_30
C:\Users\User\Desktop\稻米分組\G2\TT_30\TT_30_1327.bmp,TT_30
C:\Users\User\Desktop\稻米分組\G2\TT_30\TT_30_1328.bmp,TT_30
C:\Users\User\Desktop\稻米分組\G2\TT_30\TT_30_1329.bmp,TT_30
C:\Users\User\Desktop\稻米分組\G2\TT_30\TT_30_133.bmp,TT_33
C:\Users\User\Desktop\稻米分組\G2\TT_30\TT_30_1330.bmp,TT_30
C:\Users\User\Desktop\稻米分組\G2\TT_30\TT_30_1331.bmp,TT_30
C:\Users\User\Desktop\稻米分組\G2\TT_30\TT_30_1332.bmp,TT_30
C:\Users\User\Desktop\稻米分組\G2\TT_30\TT_30_1333.bmp,TT_30
C:\Users\User\Desktop\稻米分組\G2\TT_30\TT_30_1334.bmp,TT_30
C:\Users\User\Desktop\稻米分組\G2\TT_30\TT_30_1335.bmp,TT_30
C:\Users\User\Desktop\稻米分組\G2\TT_30\TT_30_1336.bmp,TT_30
C:\Users\User\Desktop\稻米分組\G2\TT_30\TT_30_1337.bmp,TT_30
C:\Users\User\Desktop\稻米分組\G2\TT_30\TT_30_1338.bmp,TT_30
C:\Users\User\Desktop\稻米分組\G2\TT_30\TT_30_1339.bmp,TT_30
C:\Users\User\Desktop\稻米分組\G2\TT_30\TT_30_134.bmp,TT_33
C:\Users\User\Desktop\稻米分組\G2\TT_30\TT_30_1340.bmp,TT_30
C:\Users\User\Desktop\稻米分組\G2\TT_30\TT_30_1341.bmp,TT_30
C:\Users\User\Desktop\稻米分組\G2\TT_30\TT_30_1342.bmp,TT_30
C:\Users\User\Desktop\稻米分組\G2\TT_30\TT_30_1343.bmp,TT_30
C:\Users\User\Desktop\稻米分組\G2\TT_30\TT_30_1344.bmp,TT_30
C:\Users\User\Desktop\稻米分組\G2\TT_30\TT_30_1345.bmp,TT_30
C:\Users\User\Desktop\稻米分組\G2\TT_30\TT_30_1346.bmp,TT_30
C:\Users\User\Desktop\稻米分組\G2\TT_30\TT_30_1347.bmp,TT_30
C:\Users\User\Desktop\稻米分組\G2\TT_30\TT_30_1348.bmp,TT_30
C:\Users\User\Desktop\稻米分組\G2\TT_30\TT_30_1349.bmp,TT_30
C:\Users\User\Desktop\稻米分組\G2\TT_30\TT_30_135.bmp,TT_33
C:\Users\User\Desktop\稻米分組\G2\TT_30\TT_30_1350.bmp,TT_30
C:\Users\User\Desktop\稻米分組\G2\TT_30\TT_30_1351.bmp,TT_33
C:\Users\User\Desktop\稻米分組\G2\TT_30\TT_30_1352.bmp,TT_30
C:\Users\User\Desktop\稻米分組\G2\TT_30\TT_30_1353.bmp,TT_30
C:\Users\User\Desktop\稻米分組\G2\TT_30\TT_30_1354.bmp,TT_30
C:\Users\User\Desktop\稻米分組\G2\TT_30\TT_30_1355.bmp,TT_30
C:\Users\User\Desktop\稻米分組\G2\TT_30\TT_30_1356.bmp,TT_30
C:\Users\User\Desktop\稻米分組\G2\TT_30\TT_30_1357.bmp,TT_30
C:\Users\User\Desktop\稻米分組\G2\TT_30\TT_30_1358.bmp,TT_30
C:\Users\User\Desktop\稻米分組\G2\TT_30\TT_30_1359.bmp,TT_30
C:\Users\User\Desktop\稻米分組\G2\TT_30\TT_30_136.bmp,TT_33
C:\Users\User\Desktop\稻米分組\G2\TT_30\TT_30_1360.bmp,TT_30
C:\Users\User\Desktop\稻米分組\G2\TT_30\TT_30_1361.bmp,TT_30
C:\Users\User\Desktop\稻米分組\G2\TT_30\TT_30_1362.bmp,TT_30
C:\Users\User\Desktop\稻米分組\G2\TT_30\TT_30_1363.bmp,TT_30
C:\Users\User\Desktop\稻米分組\G2\TT_30\TT_30_1364.bmp,TT_30
C:\Users\User\Desktop\稻米分組\G2\TT_30\TT_30_1365.bmp,TT_30
C:\Users\User\Desktop\稻米分組\G2\TT_30\TT_30_1366.bmp,TT_33
C:\Users\User\Desktop\稻米分組\G2\TT_30\TT_30_1367.bmp,TT_30
C:\Users\User\Desktop\稻米分組\G2\TT_30\TT_30_1368.bmp,TT_30
C:\Users\User\Desktop\稻米分組\G2\TT_30\TT_30_1369.bmp,TT_30
C:\Users\User\Desktop\稻米分組\G2\TT_30\TT_30_137.bmp,TT_33
C:\Users\User\Desktop\稻米分組\G2\TT_30\TT_30_1370.bmp,TT_30
C:\Users\User\Desktop\稻米分組\G2\TT_30\TT_30_1371.bmp,TT_30
C:\Users\User\Desktop\稻米分組\G2\TT_30\TT_30_1372.bmp,TT_30
C:\Users\User\Desktop\稻米分組\G2\TT_30\TT_30_1373.bmp,TT_33
C:\Users\User\Desktop\稻米分組\G2\TT_30\TT_30_1374.bmp,TT_30
C:\Users\User\Desktop\稻米分組\G2\TT_30\TT_30_1375.bmp,TT_30
C:\Users\User\Desktop\稻米分組\G2\TT_30\TT_30_1376.bmp,TT_30
C:\Users\User\Desktop\稻米分組\G2\TT_30\TT_30_1377.bmp,KH_145
C:\Users\User\Desktop\稻米分組\G2\TT_30\TT_30_1378.bmp,TT_30
C:\Users\User\Desktop\稻米分組\G2\TT_30\TT_30_1379.bmp,TT_33
C:\Users\User\Desktop\稻米分組\G2\TT_30\TT_30_138.bmp,TT_33
C:\Users\User\Desktop\稻米分組\G2\TT_30\TT_30_1380.bmp,TT_30
C:\Users\User\Desktop\稻米分組\G2\TT_30\TT_30_1381.bmp,TT_30
C:\Users\User\Desktop\稻米分組\G2\TT_30\TT_30_1382.bmp,TT_30
C:\Users\User\Desktop\稻米分組\G2\TT_30\TT_30_1383.bmp,TT_30
C:\Users\User\Desktop\稻米分組\G2\TT_30\TT_30_1384.bmp,TT_30
C:\Users\User\Desktop\稻米分組\G2\TT_30\TT_30_1385.bmp,TT_30
C:\Users\User\Desktop\稻米分組\G2\TT_30\TT_30_1386.bmp,TT_30
C:\Users\User\Desktop\稻米分組\G2\TT_30\TT_30_1387.bmp,TT_30
C:\Users\User\Desktop\稻米分組\G2\TT_30\TT_30_1388.bmp,TT_30
C:\Users\User\Desktop\稻米分組\G2\TT_30\TT_30_1389.bmp,TT_30
C:\Users\User\Desktop\稻米分組\G2\TT_30\TT_30_139.bmp,TT_33
C:\Users\User\Desktop\稻米分組\G2\TT_30\TT_30_1390.bmp,TT_30
C:\Users\User\Desktop\稻米分組\G2\TT_30\TT_30_1391.bmp,TT_30
C:\Users\User\Desktop\稻米分組\G2\TT_30\TT_30_1392.bmp,TT_30
C:\Users\User\Desktop\稻米分組\G2\TT_30\TT_30_1393.bmp,TT_30
C:\Users\User\Desktop\稻米分組\G2\TT_30\TT_30_1394.bmp,TT_30
C:\Users\User\Desktop\稻米分組\G2\TT_30\TT_30_1395.bmp,TT_30
C:\Users\User\Desktop\稻米分組\G2\TT_30\TT_30_1396.bmp,TT_30
C:\Users\User\Desktop\稻米分組\G2\TT_30\TT_30_1397.bmp,TT_30
C:\Users\User\Desktop\稻米分組\G2\TT_30\TT_30_1398.bmp,TT_30
C:\Users\User\Desktop\稻米分組\G2\TT_30\TT_30_1399.bmp,TT_33
C:\Users\User\Desktop\稻米分組\G2\TT_30\TT_30_14.bmp,TT_33
C:\Users\User\Desktop\稻米分組\G2\TT_30\TT_30_140.bmp,TT_33
C:\Users\User\Desktop\稻米分組\G2\TT_30\TT_30_1400.bmp,TT_30
C:\Users\User\Desktop\稻米分組\G2\TT_30\TT_30_1401.bmp,TT_30
C:\Users\User\Desktop\稻米分組\G2\TT_30\TT_30_1402.bmp,TT_30
C:\Users\User\Desktop\稻米分組\G2\TT_30\TT_30_1403.bmp,TY_3
C:\Users\User\Desktop\稻米分組\G2\TT_30\TT_30_1404.bmp,TT_30
C:\Users\User\Desktop\稻米分組\G2\TT_30\TT_30_1405.bmp,TT_30
C:\Users\User\Desktop\稻米分組\G2\TT_30\TT_30_1406.bmp,TT_30
C:\Users\User\Desktop\稻米分組\G2\TT_30\TT_30_1407.bmp,TT_30
C:\Users\User\Desktop\稻米分組\G2\TT_30\TT_30_1408.bmp,TT_30
C:\Users\User\Desktop\稻米分組\G2\TT_30\TT_30_1409.bmp,TT_30
C:\Users\User\Desktop\稻米分組\G2\TT_30\TT_30_141.bmp,TT_33
C:\Users\User\Desktop\稻米分組\G2\TT_30\TT_30_1410.bmp,TT_30
C:\Users\User\Desktop\稻米分組\G2\TT_30\TT_30_1411.bmp,TT_30
C:\Users\User\Desktop\稻米分組\G2\TT_30\TT_30_1412.bmp,TT_30
C:\Users\User\Desktop\稻米分組\G2\TT_30\TT_30_1413.bmp,TT_30
C:\Users\User\Desktop\稻米分組\G2\TT_30\TT_30_1414.bmp,TT_30
C:\Users\User\Desktop\稻米分組\G2\TT_30\TT_30_1415.bmp,TT_30
C:\Users\User\Desktop\稻米分組\G2\TT_30\TT_30_1416.bmp,TT_30
C:\Users\User\Desktop\稻米分組\G2\TT_30\TT_30_1417.bmp,TT_30
C:\Users\User\Desktop\稻米分組\G2\TT_30\TT_30_1418.bmp,TT_30
C:\Users\User\Desktop\稻米分組\G2\TT_30\TT_30_1419.bmp,TT_30
C:\Users\User\Desktop\稻米分組\G2\TT_30\TT_30_142.bmp,TT_33
C:\Users\User\Desktop\稻米分組\G2\TT_30\TT_30_1420.bmp,TT_30
C:\Users\User\Desktop\稻米分組\G2\TT_30\TT_30_1421.bmp,TT_30
C:\Users\User\Desktop\稻米分組\G2\TT_30\TT_30_1422.bmp,TT_30
C:\Users\User\Desktop\稻米分組\G2\TT_30\TT_30_1423.bmp,TT_33
C:\Users\User\Desktop\稻米分組\G2\TT_30\TT_30_1424.bmp,TT_30
C:\Users\User\Desktop\稻米分組\G2\TT_30\TT_30_1425.bmp,TT_30
C:\Users\User\Desktop\稻米分組\G2\TT_30\TT_30_1426.bmp,TT_30
C:\Users\User\Desktop\稻米分組\G2\TT_30\TT_30_1427.bmp,TT_30
C:\Users\User\Desktop\稻米分組\G2\TT_30\TT_30_1428.bmp,TT_30
C:\Users\User\Desktop\稻米分組\G2\TT_30\TT_30_1429.bmp,TT_30
C:\Users\User\Desktop\稻米分組\G2\TT_30\TT_30_143.bmp,TT_33
C:\Users\User\Desktop\稻米分組\G2\TT_30\TT_30_1430.bmp,TT_30
C:\Users\User\Desktop\稻米分組\G2\TT_30\TT_30_1431.bmp,TT_30
C:\Users\User\Desktop\稻米分組\G2\TT_30\TT_30_1432.bmp,TT_30
C:\Users\User\Desktop\稻米分組\G2\TT_30\TT_30_1433.bmp,TT_30
C:\Users\User\Desktop\稻米分組\G2\TT_30\TT_30_1434.bmp,TT_30
C:\Users\User\Desktop\稻米分組\G2\TT_30\TT_30_1435.bmp,TT_30
C:\Users\User\Desktop\稻米分組\G2\TT_30\TT_30_1436.bmp,TT_30
C:\Users\User\Desktop\稻米分組\G2\TT_30\TT_30_1437.bmp,TT_30
C:\Users\User\Desktop\稻米分組\G2\TT_30\TT_30_1438.bmp,TT_30
C:\Users\User\Desktop\稻米分組\G2\TT_30\TT_30_1439.bmp,TT_30
C:\Users\User\Desktop\稻米分組\G2\TT_30\TT_30_144.bmp,TT_33
C:\Users\User\Desktop\稻米分組\G2\TT_30\TT_30_1440.bmp,TT_30
C:\Users\User\Desktop\稻米分組\G2\TT_30\TT_30_1441.bmp,KH_147
C:\Users\User\Desktop\稻米分組\G2\TT_30\TT_30_1442.bmp,KH_145
C:\Users\User\Desktop\稻米分組\G2\TT_30\TT_30_1443.bmp,TT_30
C:\Users\User\Desktop\稻米分組\G2\TT_30\TT_30_145.bmp,TT_33
C:\Users\User\Desktop\稻米分組\G2\TT_30\TT_30_146.bmp,TT_33
C:\Users\User\Desktop\稻米分組\G2\TT_30\TT_30_147.bmp,TT_33
C:\Users\User\Desktop\稻米分組\G2\TT_30\TT_30_148.bmp,TT_33
C:\Users\User\Desktop\稻米分組\G2\TT_30\TT_30_149.bmp,TT_33
C:\Users\User\Desktop\稻米分組\G2\TT_30\TT_30_15.bmp,TT_33
C:\Users\User\Desktop\稻米分組\G2\TT_30\TT_30_150.bmp,TT_33
C:\Users\User\Desktop\稻米分組\G2\TT_30\TT_30_151.bmp,TT_33
C:\Users\User\Desktop\稻米分組\G2\TT_30\TT_30_152.bmp,TT_33
C:\Users\User\Desktop\稻米分組\G2\TT_30\TT_30_153.bmp,TT_33
C:\Users\User\Desktop\稻米分組\G2\TT_30\TT_30_154.bmp,KH_145
C:\Users\User\Desktop\稻米分組\G2\TT_30\TT_30_155.bmp,TT_33
C:\Users\User\Desktop\稻米分組\G2\TT_30\TT_30_156.bmp,TT_33
C:\Users\User\Desktop\稻米分組\G2\TT_30\TT_30_157.bmp,TT_33
C:\Users\User\Desktop\稻米分組\G2\TT_30\TT_30_158.bmp,TT_33
C:\Users\User\Desktop\稻米分組\G2\TT_30\TT_30_159.bmp,TT_33
C:\Users\User\Desktop\稻米分組\G2\TT_30\TT_30_16.bmp,TT_33
C:\Users\User\Desktop\稻米分組\G2\TT_30\TT_30_160.bmp,TT_33
C:\Users\User\Desktop\稻米分組\G2\TT_30\TT_30_161.bmp,TT_33
C:\Users\User\Desktop\稻米分組\G2\TT_30\TT_30_162.bmp,TT_33
C:\Users\User\Desktop\稻米分組\G2\TT_30\TT_30_163.bmp,TT_33
C:\Users\User\Desktop\稻米分組\G2\TT_30\TT_30_164.bmp,TT_33
C:\Users\User\Desktop\稻米分組\G2\TT_30\TT_30_165.bmp,TT_33
C:\Users\User\Desktop\稻米分組\G2\TT_30\TT_30_166.bmp,TT_33
C:\Users\User\Desktop\稻米分組\G2\TT_30\TT_30_167.bmp,TT_33
C:\Users\User\Desktop\稻米分組\G2\TT_30\TT_30_168.bmp,TT_33
C:\Users\User\Desktop\稻米分組\G2\TT_30\TT_30_169.bmp,TT_33
C:\Users\User\Desktop\稻米分組\G2\TT_30\TT_30_17.bmp,TT_33
C:\Users\User\Desktop\稻米分組\G2\TT_30\TT_30_170.bmp,TT_33
C:\Users\User\Desktop\稻米分組\G2\TT_30\TT_30_171.bmp,TT_33
C:\Users\User\Desktop\稻米分組\G2\TT_30\TT_30_172.bmp,TT_33
C:\Users\User\Desktop\稻米分組\G2\TT_30\TT_30_173.bmp,TT_33
C:\Users\User\Desktop\稻米分組\G2\TT_30\TT_30_174.bmp,TT_33
C:\Users\User\Desktop\稻米分組\G2\TT_30\TT_30_175.bmp,TT_33
C:\Users\User\Desktop\稻米分組\G2\TT_30\TT_30_176.bmp,TT_33
C:\Users\User\Desktop\稻米分組\G2\TT_30\TT_30_177.bmp,TT_33
C:\Users\User\Desktop\稻米分組\G2\TT_30\TT_30_178.bmp,TT_33
C:\Users\User\Desktop\稻米分組\G2\TT_30\TT_30_179.bmp,TT_33
C:\Users\User\Desktop\稻米分組\G2\TT_30\TT_30_18.bmp,TT_33
C:\Users\User\Desktop\稻米分組\G2\TT_30\TT_30_180.bmp,TT_33
C:\Users\User\Desktop\稻米分組\G2\TT_30\TT_30_181.bmp,TT_33
C:\Users\User\Desktop\稻米分組\G2\TT_30\TT_30_182.bmp,KH_147
C:\Users\User\Desktop\稻米分組\G2\TT_30\TT_30_183.bmp,TT_33
C:\Users\User\Desktop\稻米分組\G2\TT_30\TT_30_184.bmp,TT_33
C:\Users\User\Desktop\稻米分組\G2\TT_30\TT_30_185.bmp,TT_33
C:\Users\User\Desktop\稻米分組\G2\TT_30\TT_30_186.bmp,TT_33
C:\Users\User\Desktop\稻米分組\G2\TT_30\TT_30_187.bmp,KH_145
C:\Users\User\Desktop\稻米分組\G2\TT_30\TT_30_188.bmp,TT_33
C:\Users\User\Desktop\稻米分組\G2\TT_30\TT_30_189.bmp,TT_33
C:\Users\User\Desktop\稻米分組\G2\TT_30\TT_30_19.bmp,TT_33
C:\Users\User\Desktop\稻米分組\G2\TT_30\TT_30_190.bmp,TT_33
C:\Users\User\Desktop\稻米分組\G2\TT_30\TT_30_191.bmp,TT_33
C:\Users\User\Desktop\稻米分組\G2\TT_30\TT_30_192.bmp,TT_33
C:\Users\User\Desktop\稻米分組\G2\TT_30\TT_30_193.bmp,TT_33
C:\Users\User\Desktop\稻米分組\G2\TT_30\TT_30_194.bmp,KH_147
C:\Users\User\Desktop\稻米分組\G2\TT_30\TT_30_195.bmp,TT_33
C:\Users\User\Desktop\稻米分組\G2\TT_30\TT_30_196.bmp,KH_147
C:\Users\User\Desktop\稻米分組\G2\TT_30\TT_30_197.bmp,TT_33
C:\Users\User\Desktop\稻米分組\G2\TT_30\TT_30_198.bmp,TT_33
C:\Users\User\Desktop\稻米分組\G2\TT_30\TT_30_199.bmp,TT_33
C:\Users\User\Desktop\稻米分組\G2\TT_30\TT_30_2.bmp,KH_145
C:\Users\User\Desktop\稻米分組\G2\TT_30\TT_30_20.bmp,TT_33
C:\Users\User\Desktop\稻米分組\G2\TT_30\TT_30_200.bmp,TT_33
C:\Users\User\Desktop\稻米分組\G2\TT_30\TT_30_201.bmp,TT_33
C:\Users\User\Desktop\稻米分組\G2\TT_30\TT_30_202.bmp,TT_33
C:\Users\User\Desktop\稻米分組\G2\TT_30\TT_30_203.bmp,TT_33
C:\Users\User\Desktop\稻米分組\G2\TT_30\TT_30_204.bmp,TT_33
C:\Users\User\Desktop\稻米分組\G2\TT_30\TT_30_205.bmp,TT_33
C:\Users\User\Desktop\稻米分組\G2\TT_30\TT_30_206.bmp,TT_33
C:\Users\User\Desktop\稻米分組\G2\TT_30\TT_30_207.bmp,TT_33
C:\Users\User\Desktop\稻米分組\G2\TT_30\TT_30_208.bmp,TT_33
C:\Users\User\Desktop\稻米分組\G2\TT_30\TT_30_209.bmp,TT_33
C:\Users\User\Desktop\稻米分組\G2\TT_30\TT_30_21.bmp,TT_33
C:\Users\User\Desktop\稻米分組\G2\TT_30\TT_30_210.bmp,TT_33
C:\Users\User\Desktop\稻米分組\G2\TT_30\TT_30_211.bmp,TT_33
C:\Users\User\Desktop\稻米分組\G2\TT_30\TT_30_212.bmp,TT_33
C:\Users\User\Desktop\稻米分組\G2\TT_30\TT_30_213.bmp,TT_33
C:\Users\User\Desktop\稻米分組\G2\TT_30\TT_30_214.bmp,TT_33
C:\Users\User\Desktop\稻米分組\G2\TT_30\TT_30_215.bmp,TT_33
C:\Users\User\Desktop\稻米分組\G2\TT_30\TT_30_216.bmp,TT_33
C:\Users\User\Desktop\稻米分組\G2\TT_30\TT_30_217.bmp,TT_33
C:\Users\User\Desktop\稻米分組\G2\TT_30\TT_30_218.bmp,TT_33
C:\Users\User\Desktop\稻米分組\G2\TT_30\TT_30_219.bmp,TT_33
C:\Users\User\Desktop\稻米分組\G2\TT_30\TT_30_22.bmp,TT_33
C:\Users\User\Desktop\稻米分組\G2\TT_30\TT_30_220.bmp,TT_33
C:\Users\User\Desktop\稻米分組\G2\TT_30\TT_30_221.bmp,TT_33
C:\Users\User\Desktop\稻米分組\G2\TT_30\TT_30_222.bmp,TT_33
C:\Users\User\Desktop\稻米分組\G2\TT_30\TT_30_223.bmp,TT_33
C:\Users\User\Desktop\稻米分組\G2\TT_30\TT_30_224.bmp,TT_33
C:\Users\User\Desktop\稻米分組\G2\TT_30\TT_30_225.bmp,TT_33
C:\Users\User\Desktop\稻米分組\G2\TT_30\TT_30_226.bmp,TT_33
C:\Users\User\Desktop\稻米分組\G2\TT_30\TT_30_227.bmp,TT_33
C:\Users\User\Desktop\稻米分組\G2\TT_30\TT_30_228.bmp,TT_33
C:\Users\User\Desktop\稻米分組\G2\TT_30\TT_30_229.bmp,KH_147
C:\Users\User\Desktop\稻米分組\G2\TT_30\TT_30_23.bmp,TT_33
C:\Users\User\Desktop\稻米分組\G2\TT_30\TT_30_230.bmp,TT_33
C:\Users\User\Desktop\稻米分組\G2\TT_30\TT_30_231.bmp,TT_33
C:\Users\User\Desktop\稻米分組\G2\TT_30\TT_30_232.bmp,TT_33
C:\Users\User\Desktop\稻米分組\G2\TT_30\TT_30_233.bmp,TT_33
C:\Users\User\Desktop\稻米分組\G2\TT_30\TT_30_234.bmp,TT_33
C:\Users\User\Desktop\稻米分組\G2\TT_30\TT_30_235.bmp,KH_145
C:\Users\User\Desktop\稻米分組\G2\TT_30\TT_30_236.bmp,TT_33
C:\Users\User\Desktop\稻米分組\G2\TT_30\TT_30_237.bmp,TT_33
C:\Users\User\Desktop\稻米分組\G2\TT_30\TT_30_238.bmp,TT_33
C:\Users\User\Desktop\稻米分組\G2\TT_30\TT_30_239.bmp,TT_33
C:\Users\User\Desktop\稻米分組\G2\TT_30\TT_30_24.bmp,TT_33
C:\Users\User\Desktop\稻米分組\G2\TT_30\TT_30_240.bmp,TT_33
C:\Users\User\Desktop\稻米分組\G2\TT_30\TT_30_241.bmp,TT_33
C:\Users\User\Desktop\稻米分組\G2\TT_30\TT_30_242.bmp,KH_147
C:\Users\User\Desktop\稻米分組\G2\TT_30\TT_30_243.bmp,TT_33
C:\Users\User\Desktop\稻米分組\G2\TT_30\TT_30_244.bmp,TT_33
C:\Users\User\Desktop\稻米分組\G2\TT_30\TT_30_245.bmp,TT_33
C:\Users\User\Desktop\稻米分組\G2\TT_30\TT_30_246.bmp,TT_33
C:\Users\User\Desktop\稻米分組\G2\TT_30\TT_30_247.bmp,KH_147
C:\Users\User\Desktop\稻米分組\G2\TT_30\TT_30_248.bmp,TT_33
C:\Users\User\Desktop\稻米分組\G2\TT_30\TT_30_249.bmp,TT_33
C:\Users\User\Desktop\稻米分組\G2\TT_30\TT_30_25.bmp,TT_33
C:\Users\User\Desktop\稻米分組\G2\TT_30\TT_30_250.bmp,TT_33
C:\Users\User\Desktop\稻米分組\G2\TT_30\TT_30_251.bmp,TT_33
C:\Users\User\Desktop\稻米分組\G2\TT_30\TT_30_252.bmp,TT_33
C:\Users\User\Desktop\稻米分組\G2\TT_30\TT_30_253.bmp,TT_33
C:\Users\User\Desktop\稻米分組\G2\TT_30\TT_30_254.bmp,TT_33
C:\Users\User\Desktop\稻米分組\G2\TT_30\TT_30_255.bmp,TT_33
C:\Users\User\Desktop\稻米分組\G2\TT_30\TT_30_256.bmp,TT_33
C:\Users\User\Desktop\稻米分組\G2\TT_30\TT_30_257.bmp,TT_33
C:\Users\User\Desktop\稻米分組\G2\TT_30\TT_30_258.bmp,TT_33
C:\Users\User\Desktop\稻米分組\G2\TT_30\TT_30_259.bmp,TT_33
C:\Users\User\Desktop\稻米分組\G2\TT_30\TT_30_26.bmp,TT_33
C:\Users\User\Desktop\稻米分組\G2\TT_30\TT_30_260.bmp,TT_33
C:\Users\User\Desktop\稻米分組\G2\TT_30\TT_30_261.bmp,TT_33
C:\Users\User\Desktop\稻米分組\G2\TT_30\TT_30_262.bmp,TT_33
C:\Users\User\Desktop\稻米分組\G2\TT_30\TT_30_263.bmp,TT_33
C:\Users\User\Desktop\稻米分組\G2\TT_30\TT_30_264.bmp,TT_33
C:\Users\User\Desktop\稻米分組\G2\TT_30\TT_30_265.bmp,TT_33
C:\Users\User\Desktop\稻米分組\G2\TT_30\TT_30_266.bmp,TT_33
C:\Users\User\Desktop\稻米分組\G2\TT_30\TT_30_267.bmp,KH_147
C:\Users\User\Desktop\稻米分組\G2\TT_30\TT_30_268.bmp,TT_33
C:\Users\User\Desktop\稻米分組\G2\TT_30\TT_30_269.bmp,TT_33
C:\Users\User\Desktop\稻米分組\G2\TT_30\TT_30_27.bmp,TT_33
C:\Users\User\Desktop\稻米分組\G2\TT_30\TT_30_270.bmp,TT_33
C:\Users\User\Desktop\稻米分組\G2\TT_30\TT_30_271.bmp,TT_33
C:\Users\User\Desktop\稻米分組\G2\TT_30\TT_30_272.bmp,TT_33
C:\Users\User\Desktop\稻米分組\G2\TT_30\TT_30_273.bmp,TT_33
C:\Users\User\Desktop\稻米分組\G2\TT_30\TT_30_274.bmp,TT_33
C:\Users\User\Desktop\稻米分組\G2\TT_30\TT_30_275.bmp,TT_33
C:\Users\User\Desktop\稻米分組\G2\TT_30\TT_30_276.bmp,TT_33
C:\Users\User\Desktop\稻米分組\G2\TT_30\TT_30_277.bmp,TT_33
C:\Users\User\Desktop\稻米分組\G2\TT_30\TT_30_278.bmp,TT_33
C:\Users\User\Desktop\稻米分組\G2\TT_30\TT_30_279.bmp,TT_33
C:\Users\User\Desktop\稻米分組\G2\TT_30\TT_30_28.bmp,TT_33
C:\Users\User\Desktop\稻米分組\G2\TT_30\TT_30_280.bmp,TT_33
C:\Users\User\Desktop\稻米分組\G2\TT_30\TT_30_281.bmp,TT_33
C:\Users\User\Desktop\稻米分組\G2\TT_30\TT_30_282.bmp,TT_33
C:\Users\User\Desktop\稻米分組\G2\TT_30\TT_30_283.bmp,TT_33
C:\Users\User\Desktop\稻米分組\G2\TT_30\TT_30_284.bmp,TT_33
C:\Users\User\Desktop\稻米分組\G2\TT_30\TT_30_285.bmp,TT_33
C:\Users\User\Desktop\稻米分組\G2\TT_30\TT_30_286.bmp,TT_33
C:\Users\User\Desktop\稻米分組\G2\TT_30\TT_30_287.bmp,TT_33
C:\Users\User\Desktop\稻米分組\G2\TT_30\TT_30_288.bmp,TT_33
C:\Users\User\Desktop\稻米分組\G2\TT_30\TT_30_289.bmp,TT_33
C:\Users\User\Desktop\稻米分組\G2\TT_30\TT_30_29.bmp,TT_33
C:\Users\User\Desktop\稻米分組\G2\TT_30\TT_30_290.bmp,TT_33
C:\Users\User\Desktop\稻米分組\G2\TT_30\TT_30_291.bmp,TT_33
C:\Users\User\Desktop\稻米分組\G2\TT_30\TT_30_292.bmp,TT_33
C:\Users\User\Desktop\稻米分組\G2\TT_30\TT_30_293.bmp,TT_33
C:\Users\User\Desktop\稻米分組\G2\TT_30\TT_30_294.bmp,TT_33
C:\Users\User\Desktop\稻米分組\G2\TT_30\TT_30_295.bmp,TT_33
C:\Users\User\Desktop\稻米分組\G2\TT_30\TT_30_296.bmp,TT_33
C:\Users\User\Desktop\稻米分組\G2\TT_30\TT_30_297.bmp,TT_33
C:\Users\User\Desktop\稻米分組\G2\TT_30\TT_30_298.bmp,TT_33
C:\Users\User\Desktop\稻米分組\G2\TT_30\TT_30_299.bmp,TT_33
C:\Users\User\Desktop\稻米分組\G2\TT_30\TT_30_3.bmp,KH_147
C:\Users\User\Desktop\稻米分組\G2\TT_30\TT_30_30.bmp,KH_147
C:\Users\User\Desktop\稻米分組\G2\TT_30\TT_30_300.bmp,TT_33
C:\Users\User\Desktop\稻米分組\G2\TT_30\TT_30_301.bmp,TT_33
C:\Users\User\Desktop\稻米分組\G2\TT_30\TT_30_302.bmp,TT_33
C:\Users\User\Desktop\稻米分組\G2\TT_30\TT_30_303.bmp,TT_33
C:\Users\User\Desktop\稻米分組\G2\TT_30\TT_30_304.bmp,TT_33
C:\Users\User\Desktop\稻米分組\G2\TT_30\TT_30_305.bmp,TT_33
C:\Users\User\Desktop\稻米分組\G2\TT_30\TT_30_306.bmp,TT_33
C:\Users\User\Desktop\稻米分組\G2\TT_30\TT_30_307.bmp,TT_33
C:\Users\User\Desktop\稻米分組\G2\TT_30\TT_30_308.bmp,TT_33
C:\Users\User\Desktop\稻米分組\G2\TT_30\TT_30_309.bmp,TT_33
C:\Users\User\Desktop\稻米分組\G2\TT_30\TT_30_31.bmp,TT_33
C:\Users\User\Desktop\稻米分組\G2\TT_30\TT_30_310.bmp,TT_33
C:\Users\User\Desktop\稻米分組\G2\TT_30\TT_30_311.bmp,TT_33
C:\Users\User\Desktop\稻米分組\G2\TT_30\TT_30_312.bmp,TT_33
C:\Users\User\Desktop\稻米分組\G2\TT_30\TT_30_313.bmp,TT_33
C:\Users\User\Desktop\稻米分組\G2\TT_30\TT_30_314.bmp,TT_33
C:\Users\User\Desktop\稻米分組\G2\TT_30\TT_30_315.bmp,TT_33
C:\Users\User\Desktop\稻米分組\G2\TT_30\TT_30_316.bmp,TT_33
C:\Users\User\Desktop\稻米分組\G2\TT_30\TT_30_317.bmp,TT_33
C:\Users\User\Desktop\稻米分組\G2\TT_30\TT_30_318.bmp,TT_33
C:\Users\User\Desktop\稻米分組\G2\TT_30\TT_30_319.bmp,TT_33
C:\Users\User\Desktop\稻米分組\G2\TT_30\TT_30_32.bmp,TT_33
C:\Users\User\Desktop\稻米分組\G2\TT_30\TT_30_320.bmp,TT_33
C:\Users\User\Desktop\稻米分組\G2\TT_30\TT_30_321.bmp,TT_33
C:\Users\User\Desktop\稻米分組\G2\TT_30\TT_30_322.bmp,TT_33
C:\Users\User\Desktop\稻米分組\G2\TT_30\TT_30_323.bmp,TT_33
C:\Users\User\Desktop\稻米分組\G2\TT_30\TT_30_324.bmp,TT_33
C:\Users\User\Desktop\稻米分組\G2\TT_30\TT_30_325.bmp,TT_33
C:\Users\User\Desktop\稻米分組\G2\TT_30\TT_30_326.bmp,TT_33
C:\Users\User\Desktop\稻米分組\G2\TT_30\TT_30_327.bmp,TT_33
C:\Users\User\Desktop\稻米分組\G2\TT_30\TT_30_328.bmp,TT_33
C:\Users\User\Desktop\稻米分組\G2\TT_30\TT_30_329.bmp,TT_33
C:\Users\User\Desktop\稻米分組\G2\TT_30\TT_30_33.bmp,TT_33
C:\Users\User\Desktop\稻米分組\G2\TT_30\TT_30_330.bmp,TT_33
C:\Users\User\Desktop\稻米分組\G2\TT_30\TT_30_331.bmp,TT_33
C:\Users\User\Desktop\稻米分組\G2\TT_30\TT_30_332.bmp,TT_33
C:\Users\User\Desktop\稻米分組\G2\TT_30\TT_30_333.bmp,KH_147
C:\Users\User\Desktop\稻米分組\G2\TT_30\TT_30_334.bmp,TT_33
C:\Users\User\Desktop\稻米分組\G2\TT_30\TT_30_335.bmp,TT_33
C:\Users\User\Desktop\稻米分組\G2\TT_30\TT_30_336.bmp,TT_33
C:\Users\User\Desktop\稻米分組\G2\TT_30\TT_30_337.bmp,KH_145
C:\Users\User\Desktop\稻米分組\G2\TT_30\TT_30_338.bmp,TT_33
C:\Users\User\Desktop\稻米分組\G2\TT_30\TT_30_339.bmp,TT_33
C:\Users\User\Desktop\稻米分組\G2\TT_30\TT_30_34.bmp,TT_33
C:\Users\User\Desktop\稻米分組\G2\TT_30\TT_30_340.bmp,TT_33
C:\Users\User\Desktop\稻米分組\G2\TT_30\TT_30_341.bmp,TT_33
C:\Users\User\Desktop\稻米分組\G2\TT_30\TT_30_342.bmp,TT_33
C:\Users\User\Desktop\稻米分組\G2\TT_30\TT_30_343.bmp,TT_33
C:\Users\User\Desktop\稻米分組\G2\TT_30\TT_30_344.bmp,TT_33
C:\Users\User\Desktop\稻米分組\G2\TT_30\TT_30_345.bmp,TT_33
C:\Users\User\Desktop\稻米分組\G2\TT_30\TT_30_346.bmp,KH_147
C:\Users\User\Desktop\稻米分組\G2\TT_30\TT_30_347.bmp,TT_33
C:\Users\User\Desktop\稻米分組\G2\TT_30\TT_30_348.bmp,TT_33
C:\Users\User\Desktop\稻米分組\G2\TT_30\TT_30_349.bmp,TT_33
C:\Users\User\Desktop\稻米分組\G2\TT_30\TT_30_35.bmp,TT_33
C:\Users\User\Desktop\稻米分組\G2\TT_30\TT_30_350.bmp,TT_33
C:\Users\User\Desktop\稻米分組\G2\TT_30\TT_30_351.bmp,TT_33
C:\Users\User\Desktop\稻米分組\G2\TT_30\TT_30_352.bmp,TT_33
C:\Users\User\Desktop\稻米分組\G2\TT_30\TT_30_353.bmp,TT_33
C:\Users\User\Desktop\稻米分組\G2\TT_30\TT_30_354.bmp,TT_33
C:\Users\User\Desktop\稻米分組\G2\TT_30\TT_30_355.bmp,TT_33
C:\Users\User\Desktop\稻米分組\G2\TT_30\TT_30_356.bmp,TT_33
C:\Users\User\Desktop\稻米分組\G2\TT_30\TT_30_357.bmp,TT_33
C:\Users\User\Desktop\稻米分組\G2\TT_30\TT_30_358.bmp,TT_33
C:\Users\User\Desktop\稻米分組\G2\TT_30\TT_30_359.bmp,TT_33
C:\Users\User\Desktop\稻米分組\G2\TT_30\TT_30_36.bmp,TT_33
C:\Users\User\Desktop\稻米分組\G2\TT_30\TT_30_360.bmp,TT_33
C:\Users\User\Desktop\稻米分組\G2\TT_30\TT_30_361.bmp,TT_33
C:\Users\User\Desktop\稻米分組\G2\TT_30\TT_30_362.bmp,TT_33
C:\Users\User\Desktop\稻米分組\G2\TT_30\TT_30_363.bmp,TT_33
C:\Users\User\Desktop\稻米分組\G2\TT_30\TT_30_364.bmp,TT_33
C:\Users\User\Desktop\稻米分組\G2\TT_30\TT_30_365.bmp,TT_33
C:\Users\User\Desktop\稻米分組\G2\TT_30\TT_30_366.bmp,TT_33
C:\Users\User\Desktop\稻米分組\G2\TT_30\TT_30_367.bmp,TT_33
C:\Users\User\Desktop\稻米分組\G2\TT_30\TT_30_368.bmp,TT_33
C:\Users\User\Desktop\稻米分組\G2\TT_30\TT_30_369.bmp,TT_33
C:\Users\User\Desktop\稻米分組\G2\TT_30\TT_30_37.bmp,TT_33
C:\Users\User\Desktop\稻米分組\G2\TT_30\TT_30_370.bmp,TT_33
C:\Users\User\Desktop\稻米分組\G2\TT_30\TT_30_371.bmp,TT_33
C:\Users\User\Desktop\稻米分組\G2\TT_30\TT_30_372.bmp,TT_33
C:\Users\User\Desktop\稻米分組\G2\TT_30\TT_30_373.bmp,TT_33
C:\Users\User\Desktop\稻米分組\G2\TT_30\TT_30_374.bmp,TT_33
C:\Users\User\Desktop\稻米分組\G2\TT_30\TT_30_375.bmp,KH_147
C:\Users\User\Desktop\稻米分組\G2\TT_30\TT_30_376.bmp,TT_33
C:\Users\User\Desktop\稻米分組\G2\TT_30\TT_30_377.bmp,TT_33
C:\Users\User\Desktop\稻米分組\G2\TT_30\TT_30_378.bmp,TT_33
C:\Users\User\Desktop\稻米分組\G2\TT_30\TT_30_379.bmp,TT_33
C:\Users\User\Desktop\稻米分組\G2\TT_30\TT_30_38.bmp,TT_33
C:\Users\User\Desktop\稻米分組\G2\TT_30\TT_30_380.bmp,TT_33
C:\Users\User\Desktop\稻米分組\G2\TT_30\TT_30_381.bmp,TT_33
C:\Users\User\Desktop\稻米分組\G2\TT_30\TT_30_382.bmp,TT_33
C:\Users\User\Desktop\稻米分組\G2\TT_30\TT_30_383.bmp,TT_33
C:\Users\User\Desktop\稻米分組\G2\TT_30\TT_30_384.bmp,TT_33
C:\Users\User\Desktop\稻米分組\G2\TT_30\TT_30_385.bmp,TT_33
C:\Users\User\Desktop\稻米分組\G2\TT_30\TT_30_386.bmp,TT_33
C:\Users\User\Desktop\稻米分組\G2\TT_30\TT_30_387.bmp,TT_33
C:\Users\User\Desktop\稻米分組\G2\TT_30\TT_30_388.bmp,KH_147
C:\Users\User\Desktop\稻米分組\G2\TT_30\TT_30_389.bmp,TT_33
C:\Users\User\Desktop\稻米分組\G2\TT_30\TT_30_39.bmp,TT_33
C:\Users\User\Desktop\稻米分組\G2\TT_30\TT_30_390.bmp,TT_33
C:\Users\User\Desktop\稻米分組\G2\TT_30\TT_30_391.bmp,TT_33
C:\Users\User\Desktop\稻米分組\G2\TT_30\TT_30_392.bmp,TT_33
C:\Users\User\Desktop\稻米分組\G2\TT_30\TT_30_393.bmp,TT_33
C:\Users\User\Desktop\稻米分組\G2\TT_30\TT_30_394.bmp,TT_33
C:\Users\User\Desktop\稻米分組\G2\TT_30\TT_30_395.bmp,TT_33
C:\Users\User\Desktop\稻米分組\G2\TT_30\TT_30_396.bmp,TT_33
C:\Users\User\Desktop\稻米分組\G2\TT_30\TT_30_397.bmp,TT_33
C:\Users\User\Desktop\稻米分組\G2\TT_30\TT_30_398.bmp,TT_33
C:\Users\User\Desktop\稻米分組\G2\TT_30\TT_30_399.bmp,TT_33
C:\Users\User\Desktop\稻米分組\G2\TT_30\TT_30_4.bmp,TT_33
C:\Users\User\Desktop\稻米分組\G2\TT_30\TT_30_40.bmp,KH_147
C:\Users\User\Desktop\稻米分組\G2\TT_30\TT_30_400.bmp,TT_33
C:\Users\User\Desktop\稻米分組\G2\TT_30\TT_30_401.bmp,TT_33
C:\Users\User\Desktop\稻米分組\G2\TT_30\TT_30_402.bmp,KH_147
C:\Users\User\Desktop\稻米分組\G2\TT_30\TT_30_403.bmp,TT_33
C:\Users\User\Desktop\稻米分組\G2\TT_30\TT_30_404.bmp,TT_33
C:\Users\User\Desktop\稻米分組\G2\TT_30\TT_30_405.bmp,TT_33
C:\Users\User\Desktop\稻米分組\G2\TT_30\TT_30_406.bmp,TT_33
C:\Users\User\Desktop\稻米分組\G2\TT_30\TT_30_407.bmp,TT_33
C:\Users\User\Desktop\稻米分組\G2\TT_30\TT_30_408.bmp,TT_33
C:\Users\User\Desktop\稻米分組\G2\TT_30\TT_30_409.bmp,TT_33
C:\Users\User\Desktop\稻米分組\G2\TT_30\TT_30_41.bmp,TT_33
C:\Users\User\Desktop\稻米分組\G2\TT_30\TT_30_410.bmp,TT_33
C:\Users\User\Desktop\稻米分組\G2\TT_30\TT_30_411.bmp,TT_33
C:\Users\User\Desktop\稻米分組\G2\TT_30\TT_30_412.bmp,TT_33
C:\Users\User\Desktop\稻米分組\G2\TT_30\TT_30_413.bmp,TT_33
C:\Users\User\Desktop\稻米分組\G2\TT_30\TT_30_414.bmp,TT_33
C:\Users\User\Desktop\稻米分組\G2\TT_30\TT_30_415.bmp,TT_33
C:\Users\User\Desktop\稻米分組\G2\TT_30\TT_30_416.bmp,TT_33
C:\Users\User\Desktop\稻米分組\G2\TT_30\TT_30_417.bmp,TT_33
C:\Users\User\Desktop\稻米分組\G2\TT_30\TT_30_418.bmp,TT_33
C:\Users\User\Desktop\稻米分組\G2\TT_30\TT_30_419.bmp,TT_33
C:\Users\User\Desktop\稻米分組\G2\TT_30\TT_30_42.bmp,TT_33
C:\Users\User\Desktop\稻米分組\G2\TT_30\TT_30_420.bmp,TT_33
C:\Users\User\Desktop\稻米分組\G2\TT_30\TT_30_421.bmp,TT_33
C:\Users\User\Desktop\稻米分組\G2\TT_30\TT_30_422.bmp,TT_33
C:\Users\User\Desktop\稻米分組\G2\TT_30\TT_30_423.bmp,TT_33
C:\Users\User\Desktop\稻米分組\G2\TT_30\TT_30_424.bmp,TT_33
C:\Users\User\Desktop\稻米分組\G2\TT_30\TT_30_425.bmp,TT_33
C:\Users\User\Desktop\稻米分組\G2\TT_30\TT_30_426.bmp,TT_33
C:\Users\User\Desktop\稻米分組\G2\TT_30\TT_30_427.bmp,TT_33
C:\Users\User\Desktop\稻米分組\G2\TT_30\TT_30_428.bmp,TT_33
C:\Users\User\Desktop\稻米分組\G2\TT_30\TT_30_429.bmp,TT_33
C:\Users\User\Desktop\稻米分組\G2\TT_30\TT_30_43.bmp,TT_33
C:\Users\User\Desktop\稻米分組\G2\TT_30\TT_30_430.bmp,TT_33
C:\Users\User\Desktop\稻米分組\G2\TT_30\TT_30_431.bmp,TT_33
C:\Users\User\Desktop\稻米分組\G2\TT_30\TT_30_432.bmp,TT_33
C:\Users\User\Desktop\稻米分組\G2\TT_30\TT_30_433.bmp,TT_33
C:\Users\User\Desktop\稻米分組\G2\TT_30\TT_30_434.bmp,TT_33
C:\Users\User\Desktop\稻米分組\G2\TT_30\TT_30_435.bmp,TT_33
C:\Users\User\Desktop\稻米分組\G2\TT_30\TT_30_436.bmp,TT_33
C:\Users\User\Desktop\稻米分組\G2\TT_30\TT_30_437.bmp,TT_33
C:\Users\User\Desktop\稻米分組\G2\TT_30\TT_30_438.bmp,TT_33
C:\Users\User\Desktop\稻米分組\G2\TT_30\TT_30_439.bmp,TT_33
C:\Users\User\Desktop\稻米分組\G2\TT_30\TT_30_44.bmp,TT_33
C:\Users\User\Desktop\稻米分組\G2\TT_30\TT_30_440.bmp,TT_33
C:\Users\User\Desktop\稻米分組\G2\TT_30\TT_30_441.bmp,TT_33
C:\Users\User\Desktop\稻米分組\G2\TT_30\TT_30_442.bmp,KH_147
C:\Users\User\Desktop\稻米分組\G2\TT_30\TT_30_443.bmp,TT_33
C:\Users\User\Desktop\稻米分組\G2\TT_30\TT_30_444.bmp,TT_33
C:\Users\User\Desktop\稻米分組\G2\TT_30\TT_30_445.bmp,TT_33
C:\Users\User\Desktop\稻米分組\G2\TT_30\TT_30_446.bmp,TT_33
C:\Users\User\Desktop\稻米分組\G2\TT_30\TT_30_447.bmp,TT_33
C:\Users\User\Desktop\稻米分組\G2\TT_30\TT_30_448.bmp,TT_33
C:\Users\User\Desktop\稻米分組\G2\TT_30\TT_30_449.bmp,TT_33
C:\Users\User\Desktop\稻米分組\G2\TT_30\TT_30_45.bmp,TT_33
C:\Users\User\Desktop\稻米分組\G2\TT_30\TT_30_450.bmp,TT_33
C:\Users\User\Desktop\稻米分組\G2\TT_30\TT_30_451.bmp,TT_33
C:\Users\User\Desktop\稻米分組\G2\TT_30\TT_30_452.bmp,TT_33
C:\Users\User\Desktop\稻米分組\G2\TT_30\TT_30_453.bmp,TT_33
C:\Users\User\Desktop\稻米分組\G2\TT_30\TT_30_454.bmp,TT_33
C:\Users\User\Desktop\稻米分組\G2\TT_30\TT_30_455.bmp,TT_33
C:\Users\User\Desktop\稻米分組\G2\TT_30\TT_30_456.bmp,TT_33
C:\Users\User\Desktop\稻米分組\G2\TT_30\TT_30_457.bmp,TT_33
C:\Users\User\Desktop\稻米分組\G2\TT_30\TT_30_458.bmp,TT_33
C:\Users\User\Desktop\稻米分組\G2\TT_30\TT_30_459.bmp,TT_33
C:\Users\User\Desktop\稻米分組\G2\TT_30\TT_30_46.bmp,TT_33
C:\Users\User\Desktop\稻米分組\G2\TT_30\TT_30_460.bmp,TT_33
C:\Users\User\Desktop\稻米分組\G2\TT_30\TT_30_461.bmp,TT_33
C:\Users\User\Desktop\稻米分組\G2\TT_30\TT_30_462.bmp,TT_33
C:\Users\User\Desktop\稻米分組\G2\TT_30\TT_30_463.bmp,TT_33
C:\Users\User\Desktop\稻米分組\G2\TT_30\TT_30_464.bmp,TT_33
C:\Users\User\Desktop\稻米分組\G2\TT_30\TT_30_465.bmp,TT_33
C:\Users\User\Desktop\稻米分組\G2\TT_30\TT_30_466.bmp,TT_33
C:\Users\User\Desktop\稻米分組\G2\TT_30\TT_30_467.bmp,TT_33
C:\Users\User\Desktop\稻米分組\G2\TT_30\TT_30_468.bmp,TT_33
C:\Users\User\Desktop\稻米分組\G2\TT_30\TT_30_469.bmp,TT_33
C:\Users\User\Desktop\稻米分組\G2\TT_30\TT_30_47.bmp,TT_33
C:\Users\User\Desktop\稻米分組\G2\TT_30\TT_30_470.bmp,TT_33
C:\Users\User\Desktop\稻米分組\G2\TT_30\TT_30_471.bmp,TT_33
C:\Users\User\Desktop\稻米分組\G2\TT_30\TT_30_472.bmp,TT_33
C:\Users\User\Desktop\稻米分組\G2\TT_30\TT_30_473.bmp,TT_33
C:\Users\User\Desktop\稻米分組\G2\TT_30\TT_30_474.bmp,KH_145
C:\Users\User\Desktop\稻米分組\G2\TT_30\TT_30_475.bmp,TT_33
C:\Users\User\Desktop\稻米分組\G2\TT_30\TT_30_476.bmp,TT_33
C:\Users\User\Desktop\稻米分組\G2\TT_30\TT_30_477.bmp,TT_33
C:\Users\User\Desktop\稻米分組\G2\TT_30\TT_30_478.bmp,TT_33
C:\Users\User\Desktop\稻米分組\G2\TT_30\TT_30_479.bmp,TT_33
C:\Users\User\Desktop\稻米分組\G2\TT_30\TT_30_48.bmp,TT_33
C:\Users\User\Desktop\稻米分組\G2\TT_30\TT_30_480.bmp,TT_33
C:\Users\User\Desktop\稻米分組\G2\TT_30\TT_30_481.bmp,TT_33
C:\Users\User\Desktop\稻米分組\G2\TT_30\TT_30_482.bmp,TT_33
C:\Users\User\Desktop\稻米分組\G2\TT_30\TT_30_483.bmp,TT_33
C:\Users\User\Desktop\稻米分組\G2\TT_30\TT_30_484.bmp,TT_33
C:\Users\User\Desktop\稻米分組\G2\TT_30\TT_30_485.bmp,TT_33
C:\Users\User\Desktop\稻米分組\G2\TT_30\TT_30_486.bmp,TT_33
C:\Users\User\Desktop\稻米分組\G2\TT_30\TT_30_487.bmp,TT_33
C:\Users\User\Desktop\稻米分組\G2\TT_30\TT_30_488.bmp,TT_33
C:\Users\User\Desktop\稻米分組\G2\TT_30\TT_30_489.bmp,TT_33
C:\Users\User\Desktop\稻米分組\G2\TT_30\TT_30_49.bmp,TT_33
C:\Users\User\Desktop\稻米分組\G2\TT_30\TT_30_490.bmp,TT_33
C:\Users\User\Desktop\稻米分組\G2\TT_30\TT_30_491.bmp,TT_33
C:\Users\User\Desktop\稻米分組\G2\TT_30\TT_30_492.bmp,TT_33
C:\Users\User\Desktop\稻米分組\G2\TT_30\TT_30_493.bmp,TT_33
C:\Users\User\Desktop\稻米分組\G2\TT_30\TT_30_494.bmp,TT_33
C:\Users\User\Desktop\稻米分組\G2\TT_30\TT_30_495.bmp,TT_33
C:\Users\User\Desktop\稻米分組\G2\TT_30\TT_30_496.bmp,TT_33
C:\Users\User\Desktop\稻米分組\G2\TT_30\TT_30_497.bmp,TT_33
C:\Users\User\Desktop\稻米分組\G2\TT_30\TT_30_498.bmp,TT_33
C:\Users\User\Desktop\稻米分組\G2\TT_30\TT_30_499.bmp,TT_33
C:\Users\User\Desktop\稻米分組\G2\TT_30\TT_30_5.bmp,TT_33
C:\Users\User\Desktop\稻米分組\G2\TT_30\TT_30_50.bmp,TT_33
C:\Users\User\Desktop\稻米分組\G2\TT_30\TT_30_500.bmp,TT_33
C:\Users\User\Desktop\稻米分組\G2\TT_30\TT_30_501.bmp,TT_33
C:\Users\User\Desktop\稻米分組\G2\TT_30\TT_30_502.bmp,TT_33
C:\Users\User\Desktop\稻米分組\G2\TT_30\TT_30_503.bmp,TT_33
C:\Users\User\Desktop\稻米分組\G2\TT_30\TT_30_504.bmp,TT_33
C:\Users\User\Desktop\稻米分組\G2\TT_30\TT_30_505.bmp,TT_33
C:\Users\User\Desktop\稻米分組\G2\TT_30\TT_30_506.bmp,TT_33
C:\Users\User\Desktop\稻米分組\G2\TT_30\TT_30_507.bmp,TT_33
C:\Users\User\Desktop\稻米分組\G2\TT_30\TT_30_508.bmp,TT_33
C:\Users\User\Desktop\稻米分組\G2\TT_30\TT_30_509.bmp,TT_33
C:\Users\User\Desktop\稻米分組\G2\TT_30\TT_30_51.bmp,TT_33
C:\Users\User\Desktop\稻米分組\G2\TT_30\TT_30_510.bmp,TT_33
C:\Users\User\Desktop\稻米分組\G2\TT_30\TT_30_511.bmp,TT_33
C:\Users\User\Desktop\稻米分組\G2\TT_30\TT_30_512.bmp,TT_33
C:\Users\User\Desktop\稻米分組\G2\TT_30\TT_30_513.bmp,TT_33
C:\Users\User\Desktop\稻米分組\G2\TT_30\TT_30_514.bmp,TT_33
C:\Users\User\Desktop\稻米分組\G2\TT_30\TT_30_515.bmp,TT_33
C:\Users\User\Desktop\稻米分組\G2\TT_30\TT_30_516.bmp,TT_33
C:\Users\User\Desktop\稻米分組\G2\TT_30\TT_30_517.bmp,TT_33
C:\Users\User\Desktop\稻米分組\G2\TT_30\TT_30_518.bmp,TT_33
C:\Users\User\Desktop\稻米分組\G2\TT_30\TT_30_519.bmp,TT_33
C:\Users\User\Desktop\稻米分組\G2\TT_30\TT_30_52.bmp,TT_33
C:\Users\User\Desktop\稻米分組\G2\TT_30\TT_30_520.bmp,TT_33
C:\Users\User\Desktop\稻米分組\G2\TT_30\TT_30_521.bmp,TT_33
C:\Users\User\Desktop\稻米分組\G2\TT_30\TT_30_522.bmp,TT_33
C:\Users\User\Desktop\稻米分組\G2\TT_30\TT_30_523.bmp,KH_147
C:\Users\User\Desktop\稻米分組\G2\TT_30\TT_30_524.bmp,TT_33
C:\Users\User\Desktop\稻米分組\G2\TT_30\TT_30_525.bmp,TT_33
C:\Users\User\Desktop\稻米分組\G2\TT_30\TT_30_526.bmp,TT_33
C:\Users\User\Desktop\稻米分組\G2\TT_30\TT_30_527.bmp,TT_33
C:\Users\User\Desktop\稻米分組\G2\TT_30\TT_30_528.bmp,TT_33
C:\Users\User\Desktop\稻米分組\G2\TT_30\TT_30_529.bmp,TT_33
C:\Users\User\Desktop\稻米分組\G2\TT_30\TT_30_53.bmp,TT_33
C:\Users\User\Desktop\稻米分組\G2\TT_30\TT_30_530.bmp,TT_33
C:\Users\User\Desktop\稻米分組\G2\TT_30\TT_30_531.bmp,TT_33
C:\Users\User\Desktop\稻米分組\G2\TT_30\TT_30_532.bmp,TT_33
C:\Users\User\Desktop\稻米分組\G2\TT_30\TT_30_533.bmp,TT_33
C:\Users\User\Desktop\稻米分組\G2\TT_30\TT_30_534.bmp,TT_33
C:\Users\User\Desktop\稻米分組\G2\TT_30\TT_30_535.bmp,TT_33
C:\Users\User\Desktop\稻米分組\G2\TT_30\TT_30_536.bmp,TT_33
C:\Users\User\Desktop\稻米分組\G2\TT_30\TT_30_537.bmp,TT_33
C:\Users\User\Desktop\稻米分組\G2\TT_30\TT_30_538.bmp,TT_33
C:\Users\User\Desktop\稻米分組\G2\TT_30\TT_30_539.bmp,TT_33
C:\Users\User\Desktop\稻米分組\G2\TT_30\TT_30_54.bmp,TT_33
C:\Users\User\Desktop\稻米分組\G2\TT_30\TT_30_540.bmp,TT_33
C:\Users\User\Desktop\稻米分組\G2\TT_30\TT_30_541.bmp,TT_33
C:\Users\User\Desktop\稻米分組\G2\TT_30\TT_30_542.bmp,TT_33
C:\Users\User\Desktop\稻米分組\G2\TT_30\TT_30_543.bmp,KH_147
C:\Users\User\Desktop\稻米分組\G2\TT_30\TT_30_544.bmp,TT_33
C:\Users\User\Desktop\稻米分組\G2\TT_30\TT_30_545.bmp,TT_33
C:\Users\User\Desktop\稻米分組\G2\TT_30\TT_30_546.bmp,TT_33
C:\Users\User\Desktop\稻米分組\G2\TT_30\TT_30_547.bmp,TT_33
C:\Users\User\Desktop\稻米分組\G2\TT_30\TT_30_548.bmp,TT_33
C:\Users\User\Desktop\稻米分組\G2\TT_30\TT_30_549.bmp,TT_33
C:\Users\User\Desktop\稻米分組\G2\TT_30\TT_30_55.bmp,TT_33
C:\Users\User\Desktop\稻米分組\G2\TT_30\TT_30_550.bmp,TT_33
C:\Users\User\Desktop\稻米分組\G2\TT_30\TT_30_551.bmp,TT_33
C:\Users\User\Desktop\稻米分組\G2\TT_30\TT_30_552.bmp,TT_33
C:\Users\User\Desktop\稻米分組\G2\TT_30\TT_30_553.bmp,TT_33
C:\Users\User\Desktop\稻米分組\G2\TT_30\TT_30_554.bmp,TT_33
C:\Users\User\Desktop\稻米分組\G2\TT_30\TT_30_555.bmp,TT_33
C:\Users\User\Desktop\稻米分組\G2\TT_30\TT_30_556.bmp,TT_33
C:\Users\User\Desktop\稻米分組\G2\TT_30\TT_30_557.bmp,TT_33
C:\Users\User\Desktop\稻米分組\G2\TT_30\TT_30_558.bmp,TT_33
C:\Users\User\Desktop\稻米分組\G2\TT_30\TT_30_559.bmp,TT_33
C:\Users\User\Desktop\稻米分組\G2\TT_30\TT_30_56.bmp,TT_33
C:\Users\User\Desktop\稻米分組\G2\TT_30\TT_30_560.bmp,TT_33
C:\Users\User\Desktop\稻米分組\G2\TT_30\TT_30_561.bmp,TT_33
C:\Users\User\Desktop\稻米分組\G2\TT_30\TT_30_562.bmp,TT_33
C:\Users\User\Desktop\稻米分組\G2\TT_30\TT_30_563.bmp,TT_33
C:\Users\User\Desktop\稻米分組\G2\TT_30\TT_30_564.bmp,TT_33
C:\Users\User\Desktop\稻米分組\G2\TT_30\TT_30_565.bmp,TT_33
C:\Users\User\Desktop\稻米分組\G2\TT_30\TT_30_566.bmp,TT_33
C:\Users\User\Desktop\稻米分組\G2\TT_30\TT_30_567.bmp,TT_33
C:\Users\User\Desktop\稻米分組\G2\TT_30\TT_30_568.bmp,TT_33
C:\Users\User\Desktop\稻米分組\G2\TT_30\TT_30_569.bmp,TT_33
C:\Users\User\Desktop\稻米分組\G2\TT_30\TT_30_57.bmp,TT_33
C:\Users\User\Desktop\稻米分組\G2\TT_30\TT_30_570.bmp,TT_33
C:\Users\User\Desktop\稻米分組\G2\TT_30\TT_30_571.bmp,TT_33
C:\Users\User\Desktop\稻米分組\G2\TT_30\TT_30_572.bmp,TT_33
C:\Users\User\Desktop\稻米分組\G2\TT_30\TT_30_573.bmp,TT_33
C:\Users\User\Desktop\稻米分組\G2\TT_30\TT_30_574.bmp,TT_33
C:\Users\User\Desktop\稻米分組\G2\TT_30\TT_30_575.bmp,TT_33
C:\Users\User\Desktop\稻米分組\G2\TT_30\TT_30_576.bmp,TT_33
C:\Users\User\Desktop\稻米分組\G2\TT_30\TT_30_577.bmp,TT_33
C:\Users\User\Desktop\稻米分組\G2\TT_30\TT_30_578.bmp,KH_147
C:\Users\User\Desktop\稻米分組\G2\TT_30\TT_30_579.bmp,TT_33
C:\Users\User\Desktop\稻米分組\G2\TT_30\TT_30_58.bmp,TT_33
C:\Users\User\Desktop\稻米分組\G2\TT_30\TT_30_580.bmp,TT_33
C:\Users\User\Desktop\稻米分組\G2\TT_30\TT_30_581.bmp,TT_33
C:\Users\User\Desktop\稻米分組\G2\TT_30\TT_30_582.bmp,TT_33
C:\Users\User\Desktop\稻米分組\G2\TT_30\TT_30_583.bmp,TT_33
C:\Users\User\Desktop\稻米分組\G2\TT_30\TT_30_584.bmp,TT_33
C:\Users\User\Desktop\稻米分組\G2\TT_30\TT_30_585.bmp,TT_33
C:\Users\User\Desktop\稻米分組\G2\TT_30\TT_30_586.bmp,TT_33
C:\Users\User\Desktop\稻米分組\G2\TT_30\TT_30_587.bmp,KH_145
C:\Users\User\Desktop\稻米分組\G2\TT_30\TT_30_588.bmp,TT_33
C:\Users\User\Desktop\稻米分組\G2\TT_30\TT_30_589.bmp,TT_33
C:\Users\User\Desktop\稻米分組\G2\TT_30\TT_30_59.bmp,TT_33
C:\Users\User\Desktop\稻米分組\G2\TT_30\TT_30_590.bmp,TT_33
C:\Users\User\Desktop\稻米分組\G2\TT_30\TT_30_591.bmp,TT_33
C:\Users\User\Desktop\稻米分組\G2\TT_30\TT_30_592.bmp,TT_33
C:\Users\User\Desktop\稻米分組\G2\TT_30\TT_30_593.bmp,TT_33
C:\Users\User\Desktop\稻米分組\G2\TT_30\TT_30_594.bmp,TT_33
C:\Users\User\Desktop\稻米分組\G2\TT_30\TT_30_595.bmp,TT_33
C:\Users\User\Desktop\稻米分組\G2\TT_30\TT_30_596.bmp,TT_33
C:\Users\User\Desktop\稻米分組\G2\TT_30\TT_30_597.bmp,KH_145
C:\Users\User\Desktop\稻米分組\G2\TT_30\TT_30_598.bmp,TT_33
C:\Users\User\Desktop\稻米分組\G2\TT_30\TT_30_599.bmp,TT_33
C:\Users\User\Desktop\稻米分組\G2\TT_30\TT_30_6.bmp,TT_33
C:\Users\User\Desktop\稻米分組\G2\TT_30\TT_30_60.bmp,TT_33
C:\Users\User\Desktop\稻米分組\G2\TT_30\TT_30_600.bmp,TT_33
C:\Users\User\Desktop\稻米分組\G2\TT_30\TT_30_601.bmp,TT_33
C:\Users\User\Desktop\稻米分組\G2\TT_30\TT_30_602.bmp,TT_33
C:\Users\User\Desktop\稻米分組\G2\TT_30\TT_30_603.bmp,TT_33
C:\Users\User\Desktop\稻米分組\G2\TT_30\TT_30_604.bmp,TT_33
C:\Users\User\Desktop\稻米分組\G2\TT_30\TT_30_605.bmp,TT_33
C:\Users\User\Desktop\稻米分組\G2\TT_30\TT_30_606.bmp,TT_33
C:\Users\User\Desktop\稻米分組\G2\TT_30\TT_30_607.bmp,TT_33
C:\Users\User\Desktop\稻米分組\G2\TT_30\TT_30_608.bmp,TT_33
C:\Users\User\Desktop\稻米分組\G2\TT_30\TT_30_609.bmp,TT_33
C:\Users\User\Desktop\稻米分組\G2\TT_30\TT_30_61.bmp,TT_33
C:\Users\User\Desktop\稻米分組\G2\TT_30\TT_30_610.bmp,TT_33
C:\Users\User\Desktop\稻米分組\G2\TT_30\TT_30_611.bmp,TT_33
C:\Users\User\Desktop\稻米分組\G2\TT_30\TT_30_612.bmp,TT_33
C:\Users\User\Desktop\稻米分組\G2\TT_30\TT_30_613.bmp,TT_33
C:\Users\User\Desktop\稻米分組\G2\TT_30\TT_30_614.bmp,TT_33
C:\Users\User\Desktop\稻米分組\G2\TT_30\TT_30_615.bmp,TT_33
C:\Users\User\Desktop\稻米分組\G2\TT_30\TT_30_616.bmp,TT_33
C:\Users\User\Desktop\稻米分組\G2\TT_30\TT_30_617.bmp,TT_33
C:\Users\User\Desktop\稻米分組\G2\TT_30\TT_30_618.bmp,TT_33
C:\Users\User\Desktop\稻米分組\G2\TT_30\TT_30_619.bmp,TT_33
C:\Users\User\Desktop\稻米分組\G2\TT_30\TT_30_62.bmp,TT_33
C:\Users\User\Desktop\稻米分組\G2\TT_30\TT_30_620.bmp,TT_33
C:\Users\User\Desktop\稻米分組\G2\TT_30\TT_30_621.bmp,TT_33
C:\Users\User\Desktop\稻米分組\G2\TT_30\TT_30_622.bmp,TT_33
C:\Users\User\Desktop\稻米分組\G2\TT_30\TT_30_623.bmp,TT_33
C:\Users\User\Desktop\稻米分組\G2\TT_30\TT_30_624.bmp,TT_33
C:\Users\User\Desktop\稻米分組\G2\TT_30\TT_30_625.bmp,TT_33
C:\Users\User\Desktop\稻米分組\G2\TT_30\TT_30_626.bmp,TT_33
C:\Users\User\Desktop\稻米分組\G2\TT_30\TT_30_627.bmp,TT_33
C:\Users\User\Desktop\稻米分組\G2\TT_30\TT_30_628.bmp,TT_33
C:\Users\User\Desktop\稻米分組\G2\TT_30\TT_30_629.bmp,TT_33
C:\Users\User\Desktop\稻米分組\G2\TT_30\TT_30_63.bmp,TT_33
C:\Users\User\Desktop\稻米分組\G2\TT_30\TT_30_630.bmp,TT_33
C:\Users\User\Desktop\稻米分組\G2\TT_30\TT_30_631.bmp,TT_33
C:\Users\User\Desktop\稻米分組\G2\TT_30\TT_30_632.bmp,TT_33
C:\Users\User\Desktop\稻米分組\G2\TT_30\TT_30_633.bmp,TT_33
C:\Users\User\Desktop\稻米分組\G2\TT_30\TT_30_634.bmp,TT_33
C:\Users\User\Desktop\稻米分組\G2\TT_30\TT_30_635.bmp,TT_33
C:\Users\User\Desktop\稻米分組\G2\TT_30\TT_30_636.bmp,TT_33
C:\Users\User\Desktop\稻米分組\G2\TT_30\TT_30_637.bmp,TT_33
C:\Users\User\Desktop\稻米分組\G2\TT_30\TT_30_638.bmp,TT_33
C:\Users\User\Desktop\稻米分組\G2\TT_30\TT_30_639.bmp,TT_33
C:\Users\User\Desktop\稻米分組\G2\TT_30\TT_30_64.bmp,TT_33
C:\Users\User\Desktop\稻米分組\G2\TT_30\TT_30_640.bmp,KH_147
C:\Users\User\Desktop\稻米分組\G2\TT_30\TT_30_641.bmp,TT_33
C:\Users\User\Desktop\稻米分組\G2\TT_30\TT_30_642.bmp,TT_33
C:\Users\User\Desktop\稻米分組\G2\TT_30\TT_30_643.bmp,TT_33
C:\Users\User\Desktop\稻米分組\G2\TT_30\TT_30_644.bmp,TT_33
C:\Users\User\Desktop\稻米分組\G2\TT_30\TT_30_645.bmp,TT_33
C:\Users\User\Desktop\稻米分組\G2\TT_30\TT_30_646.bmp,TT_33
C:\Users\User\Desktop\稻米分組\G2\TT_30\TT_30_647.bmp,TT_33
C:\Users\User\Desktop\稻米分組\G2\TT_30\TT_30_648.bmp,TT_33
C:\Users\User\Desktop\稻米分組\G2\TT_30\TT_30_649.bmp,TT_33
C:\Users\User\Desktop\稻米分組\G2\TT_30\TT_30_65.bmp,TT_33
C:\Users\User\Desktop\稻米分組\G2\TT_30\TT_30_650.bmp,TT_33
C:\Users\User\Desktop\稻米分組\G2\TT_30\TT_30_651.bmp,TT_33
C:\Users\User\Desktop\稻米分組\G2\TT_30\TT_30_652.bmp,TT_33
C:\Users\User\Desktop\稻米分組\G2\TT_30\TT_30_653.bmp,TT_33
C:\Users\User\Desktop\稻米分組\G2\TT_30\TT_30_654.bmp,TT_33
C:\Users\User\Desktop\稻米分組\G2\TT_30\TT_30_655.bmp,TT_33
C:\Users\User\Desktop\稻米分組\G2\TT_30\TT_30_656.bmp,TT_33
C:\Users\User\Desktop\稻米分組\G2\TT_30\TT_30_657.bmp,TT_33
C:\Users\User\Desktop\稻米分組\G2\TT_30\TT_30_658.bmp,TT_33
C:\Users\User\Desktop\稻米分組\G2\TT_30\TT_30_659.bmp,TT_33
C:\Users\User\Desktop\稻米分組\G2\TT_30\TT_30_66.bmp,TT_33
C:\Users\User\Desktop\稻米分組\G2\TT_30\TT_30_660.bmp,TT_33
C:\Users\User\Desktop\稻米分組\G2\TT_30\TT_30_661.bmp,TT_33
C:\Users\User\Desktop\稻米分組\G2\TT_30\TT_30_662.bmp,TT_33
C:\Users\User\Desktop\稻米分組\G2\TT_30\TT_30_663.bmp,TT_33
C:\Users\User\Desktop\稻米分組\G2\TT_30\TT_30_664.bmp,TT_33
C:\Users\User\Desktop\稻米分組\G2\TT_30\TT_30_665.bmp,TT_33
C:\Users\User\Desktop\稻米分組\G2\TT_30\TT_30_666.bmp,TT_33
C:\Users\User\Desktop\稻米分組\G2\TT_30\TT_30_667.bmp,TT_33
C:\Users\User\Desktop\稻米分組\G2\TT_30\TT_30_668.bmp,TT_33
C:\Users\User\Desktop\稻米分組\G2\TT_30\TT_30_669.bmp,TT_33
C:\Users\User\Desktop\稻米分組\G2\TT_30\TT_30_67.bmp,TT_33
C:\Users\User\Desktop\稻米分組\G2\TT_30\TT_30_670.bmp,TT_33
C:\Users\User\Desktop\稻米分組\G2\TT_30\TT_30_671.bmp,TT_33
C:\Users\User\Desktop\稻米分組\G2\TT_30\TT_30_672.bmp,TT_33
C:\Users\User\Desktop\稻米分組\G2\TT_30\TT_30_673.bmp,TT_33
C:\Users\User\Desktop\稻米分組\G2\TT_30\TT_30_674.bmp,TT_33
C:\Users\User\Desktop\稻米分組\G2\TT_30\TT_30_675.bmp,TT_33
C:\Users\User\Desktop\稻米分組\G2\TT_30\TT_30_676.bmp,TT_33
C:\Users\User\Desktop\稻米分組\G2\TT_30\TT_30_677.bmp,TT_33
C:\Users\User\Desktop\稻米分組\G2\TT_30\TT_30_678.bmp,TT_33
C:\Users\User\Desktop\稻米分組\G2\TT_30\TT_30_679.bmp,TT_33
C:\Users\User\Desktop\稻米分組\G2\TT_30\TT_30_68.bmp,TT_33
C:\Users\User\Desktop\稻米分組\G2\TT_30\TT_30_680.bmp,TT_33
C:\Users\User\Desktop\稻米分組\G2\TT_30\TT_30_681.bmp,TT_33
C:\Users\User\Desktop\稻米分組\G2\TT_30\TT_30_682.bmp,TT_33
C:\Users\User\Desktop\稻米分組\G2\TT_30\TT_30_683.bmp,TT_33
C:\Users\User\Desktop\稻米分組\G2\TT_30\TT_30_684.bmp,TT_33
C:\Users\User\Desktop\稻米分組\G2\TT_30\TT_30_685.bmp,TT_33
C:\Users\User\Desktop\稻米分組\G2\TT_30\TT_30_686.bmp,TT_33
C:\Users\User\Desktop\稻米分組\G2\TT_30\TT_30_687.bmp,TT_33
C:\Users\User\Desktop\稻米分組\G2\TT_30\TT_30_688.bmp,TT_33
C:\Users\User\Desktop\稻米分組\G2\TT_30\TT_30_689.bmp,TT_33
C:\Users\User\Desktop\稻米分組\G2\TT_30\TT_30_69.bmp,TT_33
C:\Users\User\Desktop\稻米分組\G2\TT_30\TT_30_690.bmp,TT_33
C:\Users\User\Desktop\稻米分組\G2\TT_30\TT_30_691.bmp,TT_33
C:\Users\User\Desktop\稻米分組\G2\TT_30\TT_30_692.bmp,KH_147
C:\Users\User\Desktop\稻米分組\G2\TT_30\TT_30_693.bmp,TT_33
C:\Users\User\Desktop\稻米分組\G2\TT_30\TT_30_694.bmp,TT_33
C:\Users\User\Desktop\稻米分組\G2\TT_30\TT_30_695.bmp,KH_147
C:\Users\User\Desktop\稻米分組\G2\TT_30\TT_30_696.bmp,TT_33
C:\Users\User\Desktop\稻米分組\G2\TT_30\TT_30_697.bmp,TT_33
C:\Users\User\Desktop\稻米分組\G2\TT_30\TT_30_698.bmp,TT_33
C:\Users\User\Desktop\稻米分組\G2\TT_30\TT_30_699.bmp,TT_33
C:\Users\User\Desktop\稻米分組\G2\TT_30\TT_30_7.bmp,TT_33
C:\Users\User\Desktop\稻米分組\G2\TT_30\TT_30_70.bmp,TT_33
C:\Users\User\Desktop\稻米分組\G2\TT_30\TT_30_700.bmp,TT_33
C:\Users\User\Desktop\稻米分組\G2\TT_30\TT_30_701.bmp,TT_33
C:\Users\User\Desktop\稻米分組\G2\TT_30\TT_30_702.bmp,TT_33
C:\Users\User\Desktop\稻米分組\G2\TT_30\TT_30_703.bmp,TT_33
C:\Users\User\Desktop\稻米分組\G2\TT_30\TT_30_704.bmp,TT_30
C:\Users\User\Desktop\稻米分組\G2\TT_30\TT_30_705.bmp,TT_30
C:\Users\User\Desktop\稻米分組\G2\TT_30\TT_30_706.bmp,TT_30
C:\Users\User\Desktop\稻米分組\G2\TT_30\TT_30_707.bmp,TT_30
C:\Users\User\Desktop\稻米分組\G2\TT_30\TT_30_708.bmp,TT_30
C:\Users\User\Desktop\稻米分組\G2\TT_30\TT_30_709.bmp,TT_30
C:\Users\User\Desktop\稻米分組\G2\TT_30\TT_30_71.bmp,TT_33
C:\Users\User\Desktop\稻米分組\G2\TT_30\TT_30_710.bmp,TT_30
C:\Users\User\Desktop\稻米分組\G2\TT_30\TT_30_711.bmp,TT_30
C:\Users\User\Desktop\稻米分組\G2\TT_30\TT_30_712.bmp,TT_30
C:\Users\User\Desktop\稻米分組\G2\TT_30\TT_30_713.bmp,TT_30
C:\Users\User\Desktop\稻米分組\G2\TT_30\TT_30_714.bmp,TT_30
C:\Users\User\Desktop\稻米分組\G2\TT_30\TT_30_715.bmp,TT_30
C:\Users\User\Desktop\稻米分組\G2\TT_30\TT_30_716.bmp,TT_30
C:\Users\User\Desktop\稻米分組\G2\TT_30\TT_30_717.bmp,TT_30
C:\Users\User\Desktop\稻米分組\G2\TT_30\TT_30_718.bmp,TT_30
C:\Users\User\Desktop\稻米分組\G2\TT_30\TT_30_719.bmp,TT_30
C:\Users\User\Desktop\稻米分組\G2\TT_30\TT_30_72.bmp,TT_33
C:\Users\User\Desktop\稻米分組\G2\TT_30\TT_30_720.bmp,TT_30
C:\Users\User\Desktop\稻米分組\G2\TT_30\TT_30_721.bmp,TT_30
C:\Users\User\Desktop\稻米分組\G2\TT_30\TT_30_722.bmp,TT_30
C:\Users\User\Desktop\稻米分組\G2\TT_30\TT_30_723.bmp,TT_30
C:\Users\User\Desktop\稻米分組\G2\TT_30\TT_30_724.bmp,TT_30
C:\Users\User\Desktop\稻米分組\G2\TT_30\TT_30_725.bmp,TT_30
C:\Users\User\Desktop\稻米分組\G2\TT_30\TT_30_726.bmp,TT_33
C:\Users\User\Desktop\稻米分組\G2\TT_30\TT_30_727.bmp,TT_30
C:\Users\User\Desktop\稻米分組\G2\TT_30\TT_30_728.bmp,TT_30
C:\Users\User\Desktop\稻米分組\G2\TT_30\TT_30_729.bmp,TT_30
C:\Users\User\Desktop\稻米分組\G2\TT_30\TT_30_73.bmp,TT_33
C:\Users\User\Desktop\稻米分組\G2\TT_30\TT_30_730.bmp,KH_145
C:\Users\User\Desktop\稻米分組\G2\TT_30\TT_30_731.bmp,TT_30
C:\Users\User\Desktop\稻米分組\G2\TT_30\TT_30_732.bmp,TT_30
C:\Users\User\Desktop\稻米分組\G2\TT_30\TT_30_733.bmp,TT_30
C:\Users\User\Desktop\稻米分組\G2\TT_30\TT_30_734.bmp,TT_30
C:\Users\User\Desktop\稻米分組\G2\TT_30\TT_30_735.bmp,TT_30
C:\Users\User\Desktop\稻米分組\G2\TT_30\TT_30_736.bmp,TT_30
C:\Users\User\Desktop\稻米分組\G2\TT_30\TT_30_737.bmp,TT_30
C:\Users\User\Desktop\稻米分組\G2\TT_30\TT_30_738.bmp,TT_30
C:\Users\User\Desktop\稻米分組\G2\TT_30\TT_30_739.bmp,TT_30
C:\Users\User\Desktop\稻米分組\G2\TT_30\TT_30_74.bmp,TT_33
C:\Users\User\Desktop\稻米分組\G2\TT_30\TT_30_740.bmp,TT_30
C:\Users\User\Desktop\稻米分組\G2\TT_30\TT_30_741.bmp,TT_30
C:\Users\User\Desktop\稻米分組\G2\TT_30\TT_30_742.bmp,TT_30
C:\Users\User\Desktop\稻米分組\G2\TT_30\TT_30_743.bmp,TT_30
C:\Users\User\Desktop\稻米分組\G2\TT_30\TT_30_744.bmp,TT_30
C:\Users\User\Desktop\稻米分組\G2\TT_30\TT_30_745.bmp,TT_30
C:\Users\User\Desktop\稻米分組\G2\TT_30\TT_30_746.bmp,TT_30
C:\Users\User\Desktop\稻米分組\G2\TT_30\TT_30_747.bmp,TT_30
C:\Users\User\Desktop\稻米分組\G2\TT_30\TT_30_748.bmp,TT_30
C:\Users\User\Desktop\稻米分組\G2\TT_30\TT_30_749.bmp,TT_30
C:\Users\User\Desktop\稻米分組\G2\TT_30\TT_30_75.bmp,TT_33
C:\Users\User\Desktop\稻米分組\G2\TT_30\TT_30_750.bmp,TT_30
C:\Users\User\Desktop\稻米分組\G2\TT_30\TT_30_751.bmp,TT_30
C:\Users\User\Desktop\稻米分組\G2\TT_30\TT_30_752.bmp,TT_30
C:\Users\User\Desktop\稻米分組\G2\TT_30\TT_30_753.bmp,TT_30
C:\Users\User\Desktop\稻米分組\G2\TT_30\TT_30_754.bmp,TT_30
C:\Users\User\Desktop\稻米分組\G2\TT_30\TT_30_755.bmp,TT_30
C:\Users\User\Desktop\稻米分組\G2\TT_30\TT_30_756.bmp,TT_30
C:\Users\User\Desktop\稻米分組\G2\TT_30\TT_30_757.bmp,TT_30
C:\Users\User\Desktop\稻米分組\G2\TT_30\TT_30_758.bmp,TT_30
C:\Users\User\Desktop\稻米分組\G2\TT_30\TT_30_759.bmp,TT_30
C:\Users\User\Desktop\稻米分組\G2\TT_30\TT_30_76.bmp,TT_33
C:\Users\User\Desktop\稻米分組\G2\TT_30\TT_30_760.bmp,TT_30
C:\Users\User\Desktop\稻米分組\G2\TT_30\TT_30_761.bmp,TT_30
C:\Users\User\Desktop\稻米分組\G2\TT_30\TT_30_762.bmp,TT_30
C:\Users\User\Desktop\稻米分組\G2\TT_30\TT_30_763.bmp,TT_30
C:\Users\User\Desktop\稻米分組\G2\TT_30\TT_30_764.bmp,TT_30
C:\Users\User\Desktop\稻米分組\G2\TT_30\TT_30_765.bmp,TT_30
C:\Users\User\Desktop\稻米分組\G2\TT_30\TT_30_766.bmp,TT_30
C:\Users\User\Desktop\稻米分組\G2\TT_30\TT_30_767.bmp,TT_30
C:\Users\User\Desktop\稻米分組\G2\TT_30\TT_30_768.bmp,TT_30
C:\Users\User\Desktop\稻米分組\G2\TT_30\TT_30_769.bmp,TT_30
C:\Users\User\Desktop\稻米分組\G2\TT_30\TT_30_77.bmp,TT_33
C:\Users\User\Desktop\稻米分組\G2\TT_30\TT_30_770.bmp,TT_30
C:\Users\User\Desktop\稻米分組\G2\TT_30\TT_30_771.bmp,TT_30
C:\Users\User\Desktop\稻米分組\G2\TT_30\TT_30_772.bmp,TT_30
C:\Users\User\Desktop\稻米分組\G2\TT_30\TT_30_773.bmp,TT_30
C:\Users\User\Desktop\稻米分組\G2\TT_30\TT_30_774.bmp,TT_30
C:\Users\User\Desktop\稻米分組\G2\TT_30\TT_30_775.bmp,TT_30
C:\Users\User\Desktop\稻米分組\G2\TT_30\TT_30_776.bmp,TT_30
C:\Users\User\Desktop\稻米分組\G2\TT_30\TT_30_777.bmp,TT_30
C:\Users\User\Desktop\稻米分組\G2\TT_30\TT_30_778.bmp,TT_30
C:\Users\User\Desktop\稻米分組\G2\TT_30\TT_30_779.bmp,TT_30
C:\Users\User\Desktop\稻米分組\G2\TT_30\TT_30_78.bmp,TT_33
C:\Users\User\Desktop\稻米分組\G2\TT_30\TT_30_780.bmp,TT_30
C:\Users\User\Desktop\稻米分組\G2\TT_30\TT_30_781.bmp,TT_30
C:\Users\User\Desktop\稻米分組\G2\TT_30\TT_30_782.bmp,TT_30
C:\Users\User\Desktop\稻米分組\G2\TT_30\TT_30_783.bmp,TT_30
C:\Users\User\Desktop\稻米分組\G2\TT_30\TT_30_784.bmp,TT_30
C:\Users\User\Desktop\稻米分組\G2\TT_30\TT_30_785.bmp,TT_30
C:\Users\User\Desktop\稻米分組\G2\TT_30\TT_30_786.bmp,TT_30
C:\Users\User\Desktop\稻米分組\G2\TT_30\TT_30_787.bmp,TT_30
C:\Users\User\Desktop\稻米分組\G2\TT_30\TT_30_788.bmp,TT_30
C:\Users\User\Desktop\稻米分組\G2\TT_30\TT_30_789.bmp,TT_30
C:\Users\User\Desktop\稻米分組\G2\TT_30\TT_30_79.bmp,TT_33
C:\Users\User\Desktop\稻米分組\G2\TT_30\TT_30_790.bmp,TT_30
C:\Users\User\Desktop\稻米分組\G2\TT_30\TT_30_791.bmp,TT_30
C:\Users\User\Desktop\稻米分組\G2\TT_30\TT_30_792.bmp,TT_30
C:\Users\User\Desktop\稻米分組\G2\TT_30\TT_30_793.bmp,TT_30
C:\Users\User\Desktop\稻米分組\G2\TT_30\TT_30_794.bmp,TT_30
C:\Users\User\Desktop\稻米分組\G2\TT_30\TT_30_795.bmp,TT_30
C:\Users\User\Desktop\稻米分組\G2\TT_30\TT_30_796.bmp,TT_30
C:\Users\User\Desktop\稻米分組\G2\TT_30\TT_30_797.bmp,TT_30
C:\Users\User\Desktop\稻米分組\G2\TT_30\TT_30_798.bmp,TT_30
C:\Users\User\Desktop\稻米分組\G2\TT_30\TT_30_799.bmp,TT_30
C:\Users\User\Desktop\稻米分組\G2\TT_30\TT_30_8.bmp,TT_33
C:\Users\User\Desktop\稻米分組\G2\TT_30\TT_30_80.bmp,TT_33
C:\Users\User\Desktop\稻米分組\G2\TT_30\TT_30_800.bmp,TT_30
C:\Users\User\Desktop\稻米分組\G2\TT_30\TT_30_801.bmp,TT_30
C:\Users\User\Desktop\稻米分組\G2\TT_30\TT_30_802.bmp,TT_30
C:\Users\User\Desktop\稻米分組\G2\TT_30\TT_30_803.bmp,TT_30
C:\Users\User\Desktop\稻米分組\G2\TT_30\TT_30_804.bmp,TT_30
C:\Users\User\Desktop\稻米分組\G2\TT_30\TT_30_805.bmp,TT_30
C:\Users\User\Desktop\稻米分組\G2\TT_30\TT_30_806.bmp,TT_30
C:\Users\User\Desktop\稻米分組\G2\TT_30\TT_30_807.bmp,TT_30
C:\Users\User\Desktop\稻米分組\G2\TT_30\TT_30_808.bmp,TT_30
C:\Users\User\Desktop\稻米分組\G2\TT_30\TT_30_809.bmp,TT_30
C:\Users\User\Desktop\稻米分組\G2\TT_30\TT_30_81.bmp,TT_33
C:\Users\User\Desktop\稻米分組\G2\TT_30\TT_30_810.bmp,TT_30
C:\Users\User\Desktop\稻米分組\G2\TT_30\TT_30_811.bmp,TT_30
C:\Users\User\Desktop\稻米分組\G2\TT_30\TT_30_812.bmp,TT_30
C:\Users\User\Desktop\稻米分組\G2\TT_30\TT_30_813.bmp,TT_30
C:\Users\User\Desktop\稻米分組\G2\TT_30\TT_30_814.bmp,TT_30
C:\Users\User\Desktop\稻米分組\G2\TT_30\TT_30_815.bmp,TT_30
C:\Users\User\Desktop\稻米分組\G2\TT_30\TT_30_816.bmp,TT_30
C:\Users\User\Desktop\稻米分組\G2\TT_30\TT_30_817.bmp,TT_30
C:\Users\User\Desktop\稻米分組\G2\TT_30\TT_30_818.bmp,TT_30
C:\Users\User\Desktop\稻米分組\G2\TT_30\TT_30_819.bmp,TT_30
C:\Users\User\Desktop\稻米分組\G2\TT_30\TT_30_82.bmp,TT_33
C:\Users\User\Desktop\稻米分組\G2\TT_30\TT_30_820.bmp,TT_30
C:\Users\User\Desktop\稻米分組\G2\TT_30\TT_30_821.bmp,TT_30
C:\Users\User\Desktop\稻米分組\G2\TT_30\TT_30_822.bmp,TT_30
C:\Users\User\Desktop\稻米分組\G2\TT_30\TT_30_823.bmp,TT_30
C:\Users\User\Desktop\稻米分組\G2\TT_30\TT_30_824.bmp,TT_33
C:\Users\User\Desktop\稻米分組\G2\TT_30\TT_30_825.bmp,TT_30
C:\Users\User\Desktop\稻米分組\G2\TT_30\TT_30_826.bmp,TT_30
C:\Users\User\Desktop\稻米分組\G2\TT_30\TT_30_827.bmp,TT_30
C:\Users\User\Desktop\稻米分組\G2\TT_30\TT_30_828.bmp,TT_30
C:\Users\User\Desktop\稻米分組\G2\TT_30\TT_30_829.bmp,TT_30
C:\Users\User\Desktop\稻米分組\G2\TT_30\TT_30_83.bmp,TT_33
C:\Users\User\Desktop\稻米分組\G2\TT_30\TT_30_830.bmp,TT_30
C:\Users\User\Desktop\稻米分組\G2\TT_30\TT_30_831.bmp,TT_30
C:\Users\User\Desktop\稻米分組\G2\TT_30\TT_30_832.bmp,TT_30
C:\Users\User\Desktop\稻米分組\G2\TT_30\TT_30_833.bmp,TT_30
C:\Users\User\Desktop\稻米分組\G2\TT_30\TT_30_834.bmp,TT_30
C:\Users\User\Desktop\稻米分組\G2\TT_30\TT_30_835.bmp,TT_30
C:\Users\User\Desktop\稻米分組\G2\TT_30\TT_30_836.bmp,TT_30
C:\Users\User\Desktop\稻米分組\G2\TT_30\TT_30_837.bmp,TT_30
C:\Users\User\Desktop\稻米分組\G2\TT_30\TT_30_838.bmp,TT_30
C:\Users\User\Desktop\稻米分組\G2\TT_30\TT_30_839.bmp,TT_30
C:\Users\User\Desktop\稻米分組\G2\TT_30\TT_30_84.bmp,TT_33
C:\Users\User\Desktop\稻米分組\G2\TT_30\TT_30_840.bmp,TT_30
C:\Users\User\Desktop\稻米分組\G2\TT_30\TT_30_841.bmp,TT_33
C:\Users\User\Desktop\稻米分組\G2\TT_30\TT_30_842.bmp,TT_30
C:\Users\User\Desktop\稻米分組\G2\TT_30\TT_30_843.bmp,TT_30
C:\Users\User\Desktop\稻米分組\G2\TT_30\TT_30_844.bmp,TT_30
C:\Users\User\Desktop\稻米分組\G2\TT_30\TT_30_845.bmp,TT_30
C:\Users\User\Desktop\稻米分組\G2\TT_30\TT_30_846.bmp,TT_30
C:\Users\User\Desktop\稻米分組\G2\TT_30\TT_30_847.bmp,TT_30
C:\Users\User\Desktop\稻米分組\G2\TT_30\TT_30_848.bmp,TT_30
C:\Users\User\Desktop\稻米分組\G2\TT_30\TT_30_849.bmp,TT_30
C:\Users\User\Desktop\稻米分組\G2\TT_30\TT_30_85.bmp,TT_33
C:\Users\User\Desktop\稻米分組\G2\TT_30\TT_30_850.bmp,TT_30
C:\Users\User\Desktop\稻米分組\G2\TT_30\TT_30_851.bmp,TT_30
C:\Users\User\Desktop\稻米分組\G2\TT_30\TT_30_852.bmp,TT_30
C:\Users\User\Desktop\稻米分組\G2\TT_30\TT_30_853.bmp,TT_30
C:\Users\User\Desktop\稻米分組\G2\TT_30\TT_30_854.bmp,TT_30
C:\Users\User\Desktop\稻米分組\G2\TT_30\TT_30_855.bmp,TT_30
C:\Users\User\Desktop\稻米分組\G2\TT_30\TT_30_856.bmp,TT_30
C:\Users\User\Desktop\稻米分組\G2\TT_30\TT_30_857.bmp,TT_30
C:\Users\User\Desktop\稻米分組\G2\TT_30\TT_30_858.bmp,TT_30
C:\Users\User\Desktop\稻米分組\G2\TT_30\TT_30_859.bmp,TT_30
C:\Users\User\Desktop\稻米分組\G2\TT_30\TT_30_86.bmp,TT_33
C:\Users\User\Desktop\稻米分組\G2\TT_30\TT_30_860.bmp,TT_30
C:\Users\User\Desktop\稻米分組\G2\TT_30\TT_30_861.bmp,TT_30
C:\Users\User\Desktop\稻米分組\G2\TT_30\TT_30_862.bmp,TT_30
C:\Users\User\Desktop\稻米分組\G2\TT_30\TT_30_863.bmp,TT_30
C:\Users\User\Desktop\稻米分組\G2\TT_30\TT_30_864.bmp,TT_30
C:\Users\User\Desktop\稻米分組\G2\TT_30\TT_30_865.bmp,TT_30
C:\Users\User\Desktop\稻米分組\G2\TT_30\TT_30_866.bmp,TT_30
C:\Users\User\Desktop\稻米分組\G2\TT_30\TT_30_867.bmp,TT_30
C:\Users\User\Desktop\稻米分組\G2\TT_30\TT_30_868.bmp,TT_30
C:\Users\User\Desktop\稻米分組\G2\TT_30\TT_30_869.bmp,TT_30
C:\Users\User\Desktop\稻米分組\G2\TT_30\TT_30_87.bmp,TT_33
C:\Users\User\Desktop\稻米分組\G2\TT_30\TT_30_870.bmp,TT_30
C:\Users\User\Desktop\稻米分組\G2\TT_30\TT_30_871.bmp,TT_30
C:\Users\User\Desktop\稻米分組\G2\TT_30\TT_30_872.bmp,TT_30
C:\Users\User\Desktop\稻米分組\G2\TT_30\TT_30_873.bmp,TT_30
C:\Users\User\Desktop\稻米分組\G2\TT_30\TT_30_874.bmp,TT_30
C:\Users\User\Desktop\稻米分組\G2\TT_30\TT_30_875.bmp,TT_30
C:\Users\User\Desktop\稻米分組\G2\TT_30\TT_30_876.bmp,TT_30
C:\Users\User\Desktop\稻米分組\G2\TT_30\TT_30_877.bmp,TT_30
C:\Users\User\Desktop\稻米分組\G2\TT_30\TT_30_878.bmp,TT_30
C:\Users\User\Desktop\稻米分組\G2\TT_30\TT_30_879.bmp,TT_30
C:\Users\User\Desktop\稻米分組\G2\TT_30\TT_30_88.bmp,TT_33
C:\Users\User\Desktop\稻米分組\G2\TT_30\TT_30_880.bmp,TT_30
C:\Users\User\Desktop\稻米分組\G2\TT_30\TT_30_881.bmp,TT_30
C:\Users\User\Desktop\稻米分組\G2\TT_30\TT_30_882.bmp,TT_30
C:\Users\User\Desktop\稻米分組\G2\TT_30\TT_30_883.bmp,TT_30
C:\Users\User\Desktop\稻米分組\G2\TT_30\TT_30_884.bmp,TT_30
C:\Users\User\Desktop\稻米分組\G2\TT_30\TT_30_885.bmp,TT_30
C:\Users\User\Desktop\稻米分組\G2\TT_30\TT_30_886.bmp,TT_30
C:\Users\User\Desktop\稻米分組\G2\TT_30\TT_30_887.bmp,TT_30
C:\Users\User\Desktop\稻米分組\G2\TT_30\TT_30_888.bmp,TT_33
C:\Users\User\Desktop\稻米分組\G2\TT_30\TT_30_889.bmp,TT_30
C:\Users\User\Desktop\稻米分組\G2\TT_30\TT_30_89.bmp,TT_33
C:\Users\User\Desktop\稻米分組\G2\TT_30\TT_30_890.bmp,TT_30
C:\Users\User\Desktop\稻米分組\G2\TT_30\TT_30_891.bmp,TT_30
C:\Users\User\Desktop\稻米分組\G2\TT_30\TT_30_892.bmp,TT_30
C:\Users\User\Desktop\稻米分組\G2\TT_30\TT_30_893.bmp,TT_30
C:\Users\User\Desktop\稻米分組\G2\TT_30\TT_30_894.bmp,TT_30
C:\Users\User\Desktop\稻米分組\G2\TT_30\TT_30_895.bmp,TT_30
C:\Users\User\Desktop\稻米分組\G2\TT_30\TT_30_896.bmp,TT_30
C:\Users\User\Desktop\稻米分組\G2\TT_30\TT_30_897.bmp,TT_30
C:\Users\User\Desktop\稻米分組\G2\TT_30\TT_30_898.bmp,TT_30
C:\Users\User\Desktop\稻米分組\G2\TT_30\TT_30_899.bmp,TT_30
C:\Users\User\Desktop\稻米分組\G2\TT_30\TT_30_9.bmp,TT_33
C:\Users\User\Desktop\稻米分組\G2\TT_30\TT_30_90.bmp,TT_33
C:\Users\User\Desktop\稻米分組\G2\TT_30\TT_30_900.bmp,TT_30
C:\Users\User\Desktop\稻米分組\G2\TT_30\TT_30_901.bmp,KH_145
C:\Users\User\Desktop\稻米分組\G2\TT_30\TT_30_902.bmp,TT_30
C:\Users\User\Desktop\稻米分組\G2\TT_30\TT_30_903.bmp,TT_30
C:\Users\User\Desktop\稻米分組\G2\TT_30\TT_30_904.bmp,TT_30
C:\Users\User\Desktop\稻米分組\G2\TT_30\TT_30_905.bmp,TT_33
C:\Users\User\Desktop\稻米分組\G2\TT_30\TT_30_906.bmp,TT_30
C:\Users\User\Desktop\稻米分組\G2\TT_30\TT_30_907.bmp,TT_30
C:\Users\User\Desktop\稻米分組\G2\TT_30\TT_30_908.bmp,TT_30
C:\Users\User\Desktop\稻米分組\G2\TT_30\TT_30_909.bmp,TT_30
C:\Users\User\Desktop\稻米分組\G2\TT_30\TT_30_91.bmp,TT_33
C:\Users\User\Desktop\稻米分組\G2\TT_30\TT_30_910.bmp,TT_30
C:\Users\User\Desktop\稻米分組\G2\TT_30\TT_30_911.bmp,TT_30
C:\Users\User\Desktop\稻米分組\G2\TT_30\TT_30_912.bmp,TT_30
C:\Users\User\Desktop\稻米分組\G2\TT_30\TT_30_913.bmp,TT_30
C:\Users\User\Desktop\稻米分組\G2\TT_30\TT_30_914.bmp,TT_30
C:\Users\User\Desktop\稻米分組\G2\TT_30\TT_30_915.bmp,TT_30
C:\Users\User\Desktop\稻米分組\G2\TT_30\TT_30_916.bmp,TT_30
C:\Users\User\Desktop\稻米分組\G2\TT_30\TT_30_917.bmp,TT_30
C:\Users\User\Desktop\稻米分組\G2\TT_30\TT_30_918.bmp,TT_30
C:\Users\User\Desktop\稻米分組\G2\TT_30\TT_30_919.bmp,TT_30
C:\Users\User\Desktop\稻米分組\G2\TT_30\TT_30_92.bmp,TT_33
C:\Users\User\Desktop\稻米分組\G2\TT_30\TT_30_920.bmp,TT_30
C:\Users\User\Desktop\稻米分組\G2\TT_30\TT_30_921.bmp,TT_30
C:\Users\User\Desktop\稻米分組\G2\TT_30\TT_30_922.bmp,TY_3
C:\Users\User\Desktop\稻米分組\G2\TT_30\TT_30_923.bmp,TT_30
C:\Users\User\Desktop\稻米分組\G2\TT_30\TT_30_924.bmp,TT_30
C:\Users\User\Desktop\稻米分組\G2\TT_30\TT_30_925.bmp,TT_30
C:\Users\User\Desktop\稻米分組\G2\TT_30\TT_30_926.bmp,TT_30
C:\Users\User\Desktop\稻米分組\G2\TT_30\TT_30_927.bmp,TT_30
C:\Users\User\Desktop\稻米分組\G2\TT_30\TT_30_928.bmp,TT_30
C:\Users\User\Desktop\稻米分組\G2\TT_30\TT_30_929.bmp,TT_30
C:\Users\User\Desktop\稻米分組\G2\TT_30\TT_30_93.bmp,TT_33
C:\Users\User\Desktop\稻米分組\G2\TT_30\TT_30_930.bmp,TT_30
C:\Users\User\Desktop\稻米分組\G2\TT_30\TT_30_931.bmp,TT_30
C:\Users\User\Desktop\稻米分組\G2\TT_30\TT_30_932.bmp,TT_30
C:\Users\User\Desktop\稻米分組\G2\TT_30\TT_30_933.bmp,TT_30
C:\Users\User\Desktop\稻米分組\G2\TT_30\TT_30_934.bmp,TT_30
C:\Users\User\Desktop\稻米分組\G2\TT_30\TT_30_935.bmp,TT_30
C:\Users\User\Desktop\稻米分組\G2\TT_30\TT_30_936.bmp,TT_30
C:\Users\User\Desktop\稻米分組\G2\TT_30\TT_30_937.bmp,TT_30
C:\Users\User\Desktop\稻米分組\G2\TT_30\TT_30_938.bmp,TT_30
C:\Users\User\Desktop\稻米分組\G2\TT_30\TT_30_939.bmp,TT_30
C:\Users\User\Desktop\稻米分組\G2\TT_30\TT_30_94.bmp,TT_33
C:\Users\User\Desktop\稻米分組\G2\TT_30\TT_30_940.bmp,TT_30
C:\Users\User\Desktop\稻米分組\G2\TT_30\TT_30_941.bmp,TT_30
C:\Users\User\Desktop\稻米分組\G2\TT_30\TT_30_942.bmp,TT_30
C:\Users\User\Desktop\稻米分組\G2\TT_30\TT_30_943.bmp,TT_30
C:\Users\User\Desktop\稻米分組\G2\TT_30\TT_30_944.bmp,TT_30
C:\Users\User\Desktop\稻米分組\G2\TT_30\TT_30_945.bmp,TT_30
C:\Users\User\Desktop\稻米分組\G2\TT_30\TT_30_946.bmp,TT_30
C:\Users\User\Desktop\稻米分組\G2\TT_30\TT_30_947.bmp,TT_30
C:\Users\User\Desktop\稻米分組\G2\TT_30\TT_30_948.bmp,TT_30
C:\Users\User\Desktop\稻米分組\G2\TT_30\TT_30_949.bmp,TT_30
C:\Users\User\Desktop\稻米分組\G2\TT_30\TT_30_95.bmp,TT_33
C:\Users\User\Desktop\稻米分組\G2\TT_30\TT_30_950.bmp,TT_30
C:\Users\User\Desktop\稻米分組\G2\TT_30\TT_30_951.bmp,TT_30
C:\Users\User\Desktop\稻米分組\G2\TT_30\TT_30_952.bmp,TT_30
C:\Users\User\Desktop\稻米分組\G2\TT_30\TT_30_953.bmp,TT_30
C:\Users\User\Desktop\稻米分組\G2\TT_30\TT_30_954.bmp,TT_30
C:\Users\User\Desktop\稻米分組\G2\TT_30\TT_30_955.bmp,TT_30
C:\Users\User\Desktop\稻米分組\G2\TT_30\TT_30_956.bmp,TT_30
C:\Users\User\Desktop\稻米分組\G2\TT_30\TT_30_957.bmp,TT_30
C:\Users\User\Desktop\稻米分組\G2\TT_30\TT_30_958.bmp,TT_30
C:\Users\User\Desktop\稻米分組\G2\TT_30\TT_30_959.bmp,TT_30
C:\Users\User\Desktop\稻米分組\G2\TT_30\TT_30_96.bmp,TT_33
C:\Users\User\Desktop\稻米分組\G2\TT_30\TT_30_960.bmp,TT_30
C:\Users\User\Desktop\稻米分組\G2\TT_30\TT_30_961.bmp,TT_30
C:\Users\User\Desktop\稻米分組\G2\TT_30\TT_30_962.bmp,TT_30
C:\Users\User\Desktop\稻米分組\G2\TT_30\TT_30_963.bmp,TT_30
C:\Users\User\Desktop\稻米分組\G2\TT_30\TT_30_964.bmp,TT_30
C:\Users\User\Desktop\稻米分組\G2\TT_30\TT_30_965.bmp,TT_30
C:\Users\User\Desktop\稻米分組\G2\TT_30\TT_30_966.bmp,TT_30
C:\Users\User\Desktop\稻米分組\G2\TT_30\TT_30_967.bmp,TT_30
C:\Users\User\Desktop\稻米分組\G2\TT_30\TT_30_968.bmp,KH_147
C:\Users\User\Desktop\稻米分組\G2\TT_30\TT_30_969.bmp,TT_30
C:\Users\User\Desktop\稻米分組\G2\TT_30\TT_30_97.bmp,KH_147
C:\Users\User\Desktop\稻米分組\G2\TT_30\TT_30_970.bmp,TT_30
C:\Users\User\Desktop\稻米分組\G2\TT_30\TT_30_971.bmp,TT_30
C:\Users\User\Desktop\稻米分組\G2\TT_30\TT_30_972.bmp,TT_30
C:\Users\User\Desktop\稻米分組\G2\TT_30\TT_30_973.bmp,TT_30
C:\Users\User\Desktop\稻米分組\G2\TT_30\TT_30_974.bmp,TT_30
C:\Users\User\Desktop\稻米分組\G2\TT_30\TT_30_975.bmp,TT_30
C:\Users\User\Desktop\稻米分組\G2\TT_30\TT_30_976.bmp,TT_30
C:\Users\User\Desktop\稻米分組\G2\TT_30\TT_30_977.bmp,TT_30
C:\Users\User\Desktop\稻米分組\G2\TT_30\TT_30_978.bmp,TT_30
C:\Users\User\Desktop\稻米分組\G2\TT_30\TT_30_979.bmp,TT_30
C:\Users\User\Desktop\稻米分組\G2\TT_30\TT_30_98.bmp,TT_33
C:\Users\User\Desktop\稻米分組\G2\TT_30\TT_30_980.bmp,TT_30
C:\Users\User\Desktop\稻米分組\G2\TT_30\TT_30_981.bmp,TT_30
C:\Users\User\Desktop\稻米分組\G2\TT_30\TT_30_982.bmp,TT_30
C:\Users\User\Desktop\稻米分組\G2\TT_30\TT_30_983.bmp,TT_30
C:\Users\User\Desktop\稻米分組\G2\TT_30\TT_30_984.bmp,TT_30
C:\Users\User\Desktop\稻米分組\G2\TT_30\TT_30_985.bmp,TT_30
C:\Users\User\Desktop\稻米分組\G2\TT_30\TT_30_986.bmp,TT_30
C:\Users\User\Desktop\稻米分組\G2\TT_30\TT_30_987.bmp,TT_30
C:\Users\User\Desktop\稻米分組\G2\TT_30\TT_30_988.bmp,TT_30
C:\Users\User\Desktop\稻米分組\G2\TT_30\TT_30_989.bmp,TT_30
C:\Users\User\Desktop\稻米分組\G2\TT_30\TT_30_99.bmp,TT_33
C:\Users\User\Desktop\稻米分組\G2\TT_30\TT_30_990.bmp,TT_30
C:\Users\User\Desktop\稻米分組\G2\TT_30\TT_30_991.bmp,TT_30
C:\Users\User\Desktop\稻米分組\G2\TT_30\TT_30_992.bmp,TT_30
C:\Users\User\Desktop\稻米分組\G2\TT_30\TT_30_993.bmp,TT_30
C:\Users\User\Desktop\稻米分組\G2\TT_30\TT_30_994.bmp,TT_30
C:\Users\User\Desktop\稻米分組\G2\TT_30\TT_30_995.bmp,TT_30
C:\Users\User\Desktop\稻米分組\G2\TT_30\TT_30_996.bmp,TT_30
C:\Users\User\Desktop\稻米分組\G2\TT_30\TT_30_997.bmp,TT_30
C:\Users\User\Desktop\稻米分組\G2\TT_30\TT_30_998.bmp,TT_30
C:\Users\User\Desktop\稻米分組\G2\TT_30\TT_30_999.bmp,TT_30


TT_30,1444,Accurate: 48.82272 %
KH_139,KH_145,KH_147,TT_30,TT_33,TY_3,No
0,14,33,705,690,2,0
