C:\Users\501\Desktop\train_test\G4_109OK_test\KHS_7\109_KSH_7_1.bmp,KHS_7
C:\Users\501\Desktop\train_test\G4_109OK_test\KHS_7\109_KSH_7_10.bmp,TKN_3
C:\Users\501\Desktop\train_test\G4_109OK_test\KHS_7\109_KSH_7_100.bmp,TKN_3
C:\Users\501\Desktop\train_test\G4_109OK_test\KHS_7\109_KSH_7_101.bmp,KHS_7
C:\Users\501\Desktop\train_test\G4_109OK_test\KHS_7\109_KSH_7_102.bmp,TCS_17
C:\Users\501\Desktop\train_test\G4_109OK_test\KHS_7\109_KSH_7_103.bmp,TKN_3
C:\Users\501\Desktop\train_test\G4_109OK_test\KHS_7\109_KSH_7_104.bmp,KHS_7
C:\Users\501\Desktop\train_test\G4_109OK_test\KHS_7\109_KSH_7_105.bmp,NG
C:\Users\501\Desktop\train_test\G4_109OK_test\KHS_7\109_KSH_7_106.bmp,KHS_7
C:\Users\501\Desktop\train_test\G4_109OK_test\KHS_7\109_KSH_7_107.bmp,TKN_3
C:\Users\501\Desktop\train_test\G4_109OK_test\KHS_7\109_KSH_7_108.bmp,TCS_17
C:\Users\501\Desktop\train_test\G4_109OK_test\KHS_7\109_KSH_7_109.bmp,TCS_17
C:\Users\501\Desktop\train_test\G4_109OK_test\KHS_7\109_KSH_7_11.bmp,KHS_7
C:\Users\501\Desktop\train_test\G4_109OK_test\KHS_7\109_KSH_7_110.bmp,KHS_7
C:\Users\501\Desktop\train_test\G4_109OK_test\KHS_7\109_KSH_7_111.bmp,KHS_7
C:\Users\501\Desktop\train_test\G4_109OK_test\KHS_7\109_KSH_7_112.bmp,TCS_17
C:\Users\501\Desktop\train_test\G4_109OK_test\KHS_7\109_KSH_7_113.bmp,KHS_7
C:\Users\501\Desktop\train_test\G4_109OK_test\KHS_7\109_KSH_7_114.bmp,NG
C:\Users\501\Desktop\train_test\G4_109OK_test\KHS_7\109_KSH_7_115.bmp,NG
C:\Users\501\Desktop\train_test\G4_109OK_test\KHS_7\109_KSH_7_116.bmp,KHS_7
C:\Users\501\Desktop\train_test\G4_109OK_test\KHS_7\109_KSH_7_117.bmp,TCS_17
C:\Users\501\Desktop\train_test\G4_109OK_test\KHS_7\109_KSH_7_118.bmp,KHS_7
C:\Users\501\Desktop\train_test\G4_109OK_test\KHS_7\109_KSH_7_119.bmp,KHS_7
C:\Users\501\Desktop\train_test\G4_109OK_test\KHS_7\109_KSH_7_12.bmp,TCS_17
C:\Users\501\Desktop\train_test\G4_109OK_test\KHS_7\109_KSH_7_120.bmp,TCS_17
C:\Users\501\Desktop\train_test\G4_109OK_test\KHS_7\109_KSH_7_121.bmp,TCS_17
C:\Users\501\Desktop\train_test\G4_109OK_test\KHS_7\109_KSH_7_122.bmp,KHS_7
C:\Users\501\Desktop\train_test\G4_109OK_test\KHS_7\109_KSH_7_123.bmp,TCS_17
C:\Users\501\Desktop\train_test\G4_109OK_test\KHS_7\109_KSH_7_124.bmp,KHS_7
C:\Users\501\Desktop\train_test\G4_109OK_test\KHS_7\109_KSH_7_125.bmp,TCS_17
C:\Users\501\Desktop\train_test\G4_109OK_test\KHS_7\109_KSH_7_126.bmp,TCS_17
C:\Users\501\Desktop\train_test\G4_109OK_test\KHS_7\109_KSH_7_127.bmp,KHS_7
C:\Users\501\Desktop\train_test\G4_109OK_test\KHS_7\109_KSH_7_128.bmp,TCS_17
C:\Users\501\Desktop\train_test\G4_109OK_test\KHS_7\109_KSH_7_129.bmp,KHS_7
C:\Users\501\Desktop\train_test\G4_109OK_test\KHS_7\109_KSH_7_13.bmp,KHS_7
C:\Users\501\Desktop\train_test\G4_109OK_test\KHS_7\109_KSH_7_130.bmp,TCS_17
C:\Users\501\Desktop\train_test\G4_109OK_test\KHS_7\109_KSH_7_131.bmp,TCS_17
C:\Users\501\Desktop\train_test\G4_109OK_test\KHS_7\109_KSH_7_132.bmp,TCS_17
C:\Users\501\Desktop\train_test\G4_109OK_test\KHS_7\109_KSH_7_133.bmp,KHS_7
C:\Users\501\Desktop\train_test\G4_109OK_test\KHS_7\109_KSH_7_134.bmp,TCS_17
C:\Users\501\Desktop\train_test\G4_109OK_test\KHS_7\109_KSH_7_135.bmp,KHS_7
C:\Users\501\Desktop\train_test\G4_109OK_test\KHS_7\109_KSH_7_136.bmp,TCS_17
C:\Users\501\Desktop\train_test\G4_109OK_test\KHS_7\109_KSH_7_137.bmp,TCS_17
C:\Users\501\Desktop\train_test\G4_109OK_test\KHS_7\109_KSH_7_138.bmp,KHS_7
C:\Users\501\Desktop\train_test\G4_109OK_test\KHS_7\109_KSH_7_139.bmp,KHS_7
C:\Users\501\Desktop\train_test\G4_109OK_test\KHS_7\109_KSH_7_14.bmp,TCS_17
C:\Users\501\Desktop\train_test\G4_109OK_test\KHS_7\109_KSH_7_140.bmp,TCS_17
C:\Users\501\Desktop\train_test\G4_109OK_test\KHS_7\109_KSH_7_141.bmp,TCS_17
C:\Users\501\Desktop\train_test\G4_109OK_test\KHS_7\109_KSH_7_142.bmp,TCS_17
C:\Users\501\Desktop\train_test\G4_109OK_test\KHS_7\109_KSH_7_143.bmp,KHS_7
C:\Users\501\Desktop\train_test\G4_109OK_test\KHS_7\109_KSH_7_144.bmp,TCS_17
C:\Users\501\Desktop\train_test\G4_109OK_test\KHS_7\109_KSH_7_145.bmp,KHS_7
C:\Users\501\Desktop\train_test\G4_109OK_test\KHS_7\109_KSH_7_146.bmp,TCSN_2
C:\Users\501\Desktop\train_test\G4_109OK_test\KHS_7\109_KSH_7_147.bmp,TKN_3
C:\Users\501\Desktop\train_test\G4_109OK_test\KHS_7\109_KSH_7_148.bmp,TKN_3
C:\Users\501\Desktop\train_test\G4_109OK_test\KHS_7\109_KSH_7_149.bmp,TCS_17
C:\Users\501\Desktop\train_test\G4_109OK_test\KHS_7\109_KSH_7_15.bmp,TCS_17
C:\Users\501\Desktop\train_test\G4_109OK_test\KHS_7\109_KSH_7_150.bmp,KHS_7
C:\Users\501\Desktop\train_test\G4_109OK_test\KHS_7\109_KSH_7_151.bmp,KHS_7
C:\Users\501\Desktop\train_test\G4_109OK_test\KHS_7\109_KSH_7_152.bmp,KHS_7
C:\Users\501\Desktop\train_test\G4_109OK_test\KHS_7\109_KSH_7_153.bmp,TCS_17
C:\Users\501\Desktop\train_test\G4_109OK_test\KHS_7\109_KSH_7_154.bmp,TCS_17
C:\Users\501\Desktop\train_test\G4_109OK_test\KHS_7\109_KSH_7_155.bmp,TCS_17
C:\Users\501\Desktop\train_test\G4_109OK_test\KHS_7\109_KSH_7_156.bmp,KHS_7
C:\Users\501\Desktop\train_test\G4_109OK_test\KHS_7\109_KSH_7_157.bmp,TKN_3
C:\Users\501\Desktop\train_test\G4_109OK_test\KHS_7\109_KSH_7_158.bmp,TCS_17
C:\Users\501\Desktop\train_test\G4_109OK_test\KHS_7\109_KSH_7_159.bmp,KHS_7
C:\Users\501\Desktop\train_test\G4_109OK_test\KHS_7\109_KSH_7_16.bmp,NG
C:\Users\501\Desktop\train_test\G4_109OK_test\KHS_7\109_KSH_7_160.bmp,TCS_17
C:\Users\501\Desktop\train_test\G4_109OK_test\KHS_7\109_KSH_7_161.bmp,KHS_7
C:\Users\501\Desktop\train_test\G4_109OK_test\KHS_7\109_KSH_7_162.bmp,TCS_17
C:\Users\501\Desktop\train_test\G4_109OK_test\KHS_7\109_KSH_7_163.bmp,TCS_17
C:\Users\501\Desktop\train_test\G4_109OK_test\KHS_7\109_KSH_7_164.bmp,KHS_7
C:\Users\501\Desktop\train_test\G4_109OK_test\KHS_7\109_KSH_7_165.bmp,KHS_7
C:\Users\501\Desktop\train_test\G4_109OK_test\KHS_7\109_KSH_7_166.bmp,TCS_17
C:\Users\501\Desktop\train_test\G4_109OK_test\KHS_7\109_KSH_7_167.bmp,TCS_17
C:\Users\501\Desktop\train_test\G4_109OK_test\KHS_7\109_KSH_7_168.bmp,TCS_17
C:\Users\501\Desktop\train_test\G4_109OK_test\KHS_7\109_KSH_7_169.bmp,TCS_17
C:\Users\501\Desktop\train_test\G4_109OK_test\KHS_7\109_KSH_7_17.bmp,KHS_7
C:\Users\501\Desktop\train_test\G4_109OK_test\KHS_7\109_KSH_7_170.bmp,TKN_3
C:\Users\501\Desktop\train_test\G4_109OK_test\KHS_7\109_KSH_7_171.bmp,TCS_17
C:\Users\501\Desktop\train_test\G4_109OK_test\KHS_7\109_KSH_7_172.bmp,KHS_7
C:\Users\501\Desktop\train_test\G4_109OK_test\KHS_7\109_KSH_7_173.bmp,TCS_17
C:\Users\501\Desktop\train_test\G4_109OK_test\KHS_7\109_KSH_7_174.bmp,KHS_7
C:\Users\501\Desktop\train_test\G4_109OK_test\KHS_7\109_KSH_7_175.bmp,TCS_17
C:\Users\501\Desktop\train_test\G4_109OK_test\KHS_7\109_KSH_7_176.bmp,KHS_7
C:\Users\501\Desktop\train_test\G4_109OK_test\KHS_7\109_KSH_7_177.bmp,TCS_17
C:\Users\501\Desktop\train_test\G4_109OK_test\KHS_7\109_KSH_7_178.bmp,TCS_17
C:\Users\501\Desktop\train_test\G4_109OK_test\KHS_7\109_KSH_7_179.bmp,TCS_17
C:\Users\501\Desktop\train_test\G4_109OK_test\KHS_7\109_KSH_7_18.bmp,TCS_17
C:\Users\501\Desktop\train_test\G4_109OK_test\KHS_7\109_KSH_7_180.bmp,TCS_17
C:\Users\501\Desktop\train_test\G4_109OK_test\KHS_7\109_KSH_7_181.bmp,KHS_7
C:\Users\501\Desktop\train_test\G4_109OK_test\KHS_7\109_KSH_7_182.bmp,TKN_3
C:\Users\501\Desktop\train_test\G4_109OK_test\KHS_7\109_KSH_7_183.bmp,TKN_3
C:\Users\501\Desktop\train_test\G4_109OK_test\KHS_7\109_KSH_7_184.bmp,KHS_7
C:\Users\501\Desktop\train_test\G4_109OK_test\KHS_7\109_KSH_7_185.bmp,KHS_7
C:\Users\501\Desktop\train_test\G4_109OK_test\KHS_7\109_KSH_7_186.bmp,TCS_17
C:\Users\501\Desktop\train_test\G4_109OK_test\KHS_7\109_KSH_7_187.bmp,KHS_7
C:\Users\501\Desktop\train_test\G4_109OK_test\KHS_7\109_KSH_7_188.bmp,KHS_7
C:\Users\501\Desktop\train_test\G4_109OK_test\KHS_7\109_KSH_7_189.bmp,TCS_17
C:\Users\501\Desktop\train_test\G4_109OK_test\KHS_7\109_KSH_7_19.bmp,KHS_7
C:\Users\501\Desktop\train_test\G4_109OK_test\KHS_7\109_KSH_7_190.bmp,TCS_17
C:\Users\501\Desktop\train_test\G4_109OK_test\KHS_7\109_KSH_7_191.bmp,TCS_17
C:\Users\501\Desktop\train_test\G4_109OK_test\KHS_7\109_KSH_7_192.bmp,TKN_3
C:\Users\501\Desktop\train_test\G4_109OK_test\KHS_7\109_KSH_7_193.bmp,TKN_3
C:\Users\501\Desktop\train_test\G4_109OK_test\KHS_7\109_KSH_7_194.bmp,TCS_17
C:\Users\501\Desktop\train_test\G4_109OK_test\KHS_7\109_KSH_7_195.bmp,TCS_17
C:\Users\501\Desktop\train_test\G4_109OK_test\KHS_7\109_KSH_7_196.bmp,TCS_17
C:\Users\501\Desktop\train_test\G4_109OK_test\KHS_7\109_KSH_7_197.bmp,KHS_7
C:\Users\501\Desktop\train_test\G4_109OK_test\KHS_7\109_KSH_7_198.bmp,KHS_7
C:\Users\501\Desktop\train_test\G4_109OK_test\KHS_7\109_KSH_7_199.bmp,TCS_17
C:\Users\501\Desktop\train_test\G4_109OK_test\KHS_7\109_KSH_7_2.bmp,KHS_7
C:\Users\501\Desktop\train_test\G4_109OK_test\KHS_7\109_KSH_7_20.bmp,TCS_17
C:\Users\501\Desktop\train_test\G4_109OK_test\KHS_7\109_KSH_7_200.bmp,TCS_17
C:\Users\501\Desktop\train_test\G4_109OK_test\KHS_7\109_KSH_7_201.bmp,TCS_17
C:\Users\501\Desktop\train_test\G4_109OK_test\KHS_7\109_KSH_7_202.bmp,TCS_17
C:\Users\501\Desktop\train_test\G4_109OK_test\KHS_7\109_KSH_7_203.bmp,KHS_7
C:\Users\501\Desktop\train_test\G4_109OK_test\KHS_7\109_KSH_7_204.bmp,TCS_17
C:\Users\501\Desktop\train_test\G4_109OK_test\KHS_7\109_KSH_7_205.bmp,KHS_7
C:\Users\501\Desktop\train_test\G4_109OK_test\KHS_7\109_KSH_7_206.bmp,TCS_17
C:\Users\501\Desktop\train_test\G4_109OK_test\KHS_7\109_KSH_7_207.bmp,TCS_17
C:\Users\501\Desktop\train_test\G4_109OK_test\KHS_7\109_KSH_7_208.bmp,TCSN_2
C:\Users\501\Desktop\train_test\G4_109OK_test\KHS_7\109_KSH_7_209.bmp,TCS_17
C:\Users\501\Desktop\train_test\G4_109OK_test\KHS_7\109_KSH_7_21.bmp,TCS_17
C:\Users\501\Desktop\train_test\G4_109OK_test\KHS_7\109_KSH_7_210.bmp,KHS_7
C:\Users\501\Desktop\train_test\G4_109OK_test\KHS_7\109_KSH_7_211.bmp,KHS_7
C:\Users\501\Desktop\train_test\G4_109OK_test\KHS_7\109_KSH_7_212.bmp,TKN_3
C:\Users\501\Desktop\train_test\G4_109OK_test\KHS_7\109_KSH_7_213.bmp,KHS_7
C:\Users\501\Desktop\train_test\G4_109OK_test\KHS_7\109_KSH_7_214.bmp,KHS_7
C:\Users\501\Desktop\train_test\G4_109OK_test\KHS_7\109_KSH_7_215.bmp,KHS_7
C:\Users\501\Desktop\train_test\G4_109OK_test\KHS_7\109_KSH_7_216.bmp,KHS_7
C:\Users\501\Desktop\train_test\G4_109OK_test\KHS_7\109_KSH_7_217.bmp,KHS_7
C:\Users\501\Desktop\train_test\G4_109OK_test\KHS_7\109_KSH_7_218.bmp,TCS_17
C:\Users\501\Desktop\train_test\G4_109OK_test\KHS_7\109_KSH_7_219.bmp,TCS_17
C:\Users\501\Desktop\train_test\G4_109OK_test\KHS_7\109_KSH_7_22.bmp,TCS_17
C:\Users\501\Desktop\train_test\G4_109OK_test\KHS_7\109_KSH_7_220.bmp,TCS_17
C:\Users\501\Desktop\train_test\G4_109OK_test\KHS_7\109_KSH_7_221.bmp,TCS_17
C:\Users\501\Desktop\train_test\G4_109OK_test\KHS_7\109_KSH_7_222.bmp,KHS_7
C:\Users\501\Desktop\train_test\G4_109OK_test\KHS_7\109_KSH_7_223.bmp,TCS_17
C:\Users\501\Desktop\train_test\G4_109OK_test\KHS_7\109_KSH_7_224.bmp,TCS_17
C:\Users\501\Desktop\train_test\G4_109OK_test\KHS_7\109_KSH_7_225.bmp,TCS_17
C:\Users\501\Desktop\train_test\G4_109OK_test\KHS_7\109_KSH_7_226.bmp,TCS_17
C:\Users\501\Desktop\train_test\G4_109OK_test\KHS_7\109_KSH_7_227.bmp,KHS_7
C:\Users\501\Desktop\train_test\G4_109OK_test\KHS_7\109_KSH_7_228.bmp,TCS_17
C:\Users\501\Desktop\train_test\G4_109OK_test\KHS_7\109_KSH_7_229.bmp,TCS_17
C:\Users\501\Desktop\train_test\G4_109OK_test\KHS_7\109_KSH_7_23.bmp,TKN_3
C:\Users\501\Desktop\train_test\G4_109OK_test\KHS_7\109_KSH_7_230.bmp,KHS_7
C:\Users\501\Desktop\train_test\G4_109OK_test\KHS_7\109_KSH_7_231.bmp,TCS_17
C:\Users\501\Desktop\train_test\G4_109OK_test\KHS_7\109_KSH_7_232.bmp,TCS_17
C:\Users\501\Desktop\train_test\G4_109OK_test\KHS_7\109_KSH_7_233.bmp,TCSN_2
C:\Users\501\Desktop\train_test\G4_109OK_test\KHS_7\109_KSH_7_234.bmp,KHS_7
C:\Users\501\Desktop\train_test\G4_109OK_test\KHS_7\109_KSH_7_235.bmp,TCS_17
C:\Users\501\Desktop\train_test\G4_109OK_test\KHS_7\109_KSH_7_236.bmp,KHS_7
C:\Users\501\Desktop\train_test\G4_109OK_test\KHS_7\109_KSH_7_237.bmp,TCS_17
C:\Users\501\Desktop\train_test\G4_109OK_test\KHS_7\109_KSH_7_238.bmp,TKN_3
C:\Users\501\Desktop\train_test\G4_109OK_test\KHS_7\109_KSH_7_239.bmp,TCS_17
C:\Users\501\Desktop\train_test\G4_109OK_test\KHS_7\109_KSH_7_24.bmp,KHS_7
C:\Users\501\Desktop\train_test\G4_109OK_test\KHS_7\109_KSH_7_240.bmp,KHS_7
C:\Users\501\Desktop\train_test\G4_109OK_test\KHS_7\109_KSH_7_241.bmp,TCS_17
C:\Users\501\Desktop\train_test\G4_109OK_test\KHS_7\109_KSH_7_242.bmp,KHS_7
C:\Users\501\Desktop\train_test\G4_109OK_test\KHS_7\109_KSH_7_243.bmp,TCS_17
C:\Users\501\Desktop\train_test\G4_109OK_test\KHS_7\109_KSH_7_244.bmp,TCS_17
C:\Users\501\Desktop\train_test\G4_109OK_test\KHS_7\109_KSH_7_245.bmp,TCS_17
C:\Users\501\Desktop\train_test\G4_109OK_test\KHS_7\109_KSH_7_246.bmp,NG
C:\Users\501\Desktop\train_test\G4_109OK_test\KHS_7\109_KSH_7_247.bmp,KHS_7
C:\Users\501\Desktop\train_test\G4_109OK_test\KHS_7\109_KSH_7_248.bmp,TCSN_2
C:\Users\501\Desktop\train_test\G4_109OK_test\KHS_7\109_KSH_7_249.bmp,TCS_17
C:\Users\501\Desktop\train_test\G4_109OK_test\KHS_7\109_KSH_7_25.bmp,KHS_7
C:\Users\501\Desktop\train_test\G4_109OK_test\KHS_7\109_KSH_7_250.bmp,KHS_7
C:\Users\501\Desktop\train_test\G4_109OK_test\KHS_7\109_KSH_7_251.bmp,TCS_17
C:\Users\501\Desktop\train_test\G4_109OK_test\KHS_7\109_KSH_7_252.bmp,KHS_7
C:\Users\501\Desktop\train_test\G4_109OK_test\KHS_7\109_KSH_7_253.bmp,TCS_17
C:\Users\501\Desktop\train_test\G4_109OK_test\KHS_7\109_KSH_7_254.bmp,TKN_3
C:\Users\501\Desktop\train_test\G4_109OK_test\KHS_7\109_KSH_7_255.bmp,KHS_7
C:\Users\501\Desktop\train_test\G4_109OK_test\KHS_7\109_KSH_7_256.bmp,TCS_17
C:\Users\501\Desktop\train_test\G4_109OK_test\KHS_7\109_KSH_7_257.bmp,KHS_7
C:\Users\501\Desktop\train_test\G4_109OK_test\KHS_7\109_KSH_7_258.bmp,TCS_17
C:\Users\501\Desktop\train_test\G4_109OK_test\KHS_7\109_KSH_7_259.bmp,KHS_7
C:\Users\501\Desktop\train_test\G4_109OK_test\KHS_7\109_KSH_7_26.bmp,TCS_17
C:\Users\501\Desktop\train_test\G4_109OK_test\KHS_7\109_KSH_7_260.bmp,TCS_17
C:\Users\501\Desktop\train_test\G4_109OK_test\KHS_7\109_KSH_7_261.bmp,TCS_17
C:\Users\501\Desktop\train_test\G4_109OK_test\KHS_7\109_KSH_7_262.bmp,TCS_17
C:\Users\501\Desktop\train_test\G4_109OK_test\KHS_7\109_KSH_7_263.bmp,KHS_7
C:\Users\501\Desktop\train_test\G4_109OK_test\KHS_7\109_KSH_7_264.bmp,KHS_7
C:\Users\501\Desktop\train_test\G4_109OK_test\KHS_7\109_KSH_7_265.bmp,KHS_7
C:\Users\501\Desktop\train_test\G4_109OK_test\KHS_7\109_KSH_7_266.bmp,TCS_17
C:\Users\501\Desktop\train_test\G4_109OK_test\KHS_7\109_KSH_7_267.bmp,KHS_7
C:\Users\501\Desktop\train_test\G4_109OK_test\KHS_7\109_KSH_7_268.bmp,KHS_7
C:\Users\501\Desktop\train_test\G4_109OK_test\KHS_7\109_KSH_7_269.bmp,TCS_17
C:\Users\501\Desktop\train_test\G4_109OK_test\KHS_7\109_KSH_7_27.bmp,TKN_3
C:\Users\501\Desktop\train_test\G4_109OK_test\KHS_7\109_KSH_7_270.bmp,TCS_17
C:\Users\501\Desktop\train_test\G4_109OK_test\KHS_7\109_KSH_7_271.bmp,TCS_17
C:\Users\501\Desktop\train_test\G4_109OK_test\KHS_7\109_KSH_7_272.bmp,TCS_17
C:\Users\501\Desktop\train_test\G4_109OK_test\KHS_7\109_KSH_7_273.bmp,TKN_3
C:\Users\501\Desktop\train_test\G4_109OK_test\KHS_7\109_KSH_7_274.bmp,TCS_17
C:\Users\501\Desktop\train_test\G4_109OK_test\KHS_7\109_KSH_7_275.bmp,TCS_17
C:\Users\501\Desktop\train_test\G4_109OK_test\KHS_7\109_KSH_7_276.bmp,TKN_3
C:\Users\501\Desktop\train_test\G4_109OK_test\KHS_7\109_KSH_7_277.bmp,TKN_3
C:\Users\501\Desktop\train_test\G4_109OK_test\KHS_7\109_KSH_7_278.bmp,TCS_17
C:\Users\501\Desktop\train_test\G4_109OK_test\KHS_7\109_KSH_7_279.bmp,KHS_7
C:\Users\501\Desktop\train_test\G4_109OK_test\KHS_7\109_KSH_7_28.bmp,KHS_7
C:\Users\501\Desktop\train_test\G4_109OK_test\KHS_7\109_KSH_7_280.bmp,KHS_7
C:\Users\501\Desktop\train_test\G4_109OK_test\KHS_7\109_KSH_7_281.bmp,TCS_17
C:\Users\501\Desktop\train_test\G4_109OK_test\KHS_7\109_KSH_7_282.bmp,TCS_17
C:\Users\501\Desktop\train_test\G4_109OK_test\KHS_7\109_KSH_7_283.bmp,TCS_17
C:\Users\501\Desktop\train_test\G4_109OK_test\KHS_7\109_KSH_7_284.bmp,TCS_17
C:\Users\501\Desktop\train_test\G4_109OK_test\KHS_7\109_KSH_7_285.bmp,TCS_17
C:\Users\501\Desktop\train_test\G4_109OK_test\KHS_7\109_KSH_7_286.bmp,TCS_17
C:\Users\501\Desktop\train_test\G4_109OK_test\KHS_7\109_KSH_7_287.bmp,KHS_7
C:\Users\501\Desktop\train_test\G4_109OK_test\KHS_7\109_KSH_7_288.bmp,TKN_3
C:\Users\501\Desktop\train_test\G4_109OK_test\KHS_7\109_KSH_7_289.bmp,TCS_17
C:\Users\501\Desktop\train_test\G4_109OK_test\KHS_7\109_KSH_7_29.bmp,TCS_17
C:\Users\501\Desktop\train_test\G4_109OK_test\KHS_7\109_KSH_7_290.bmp,KHS_7
C:\Users\501\Desktop\train_test\G4_109OK_test\KHS_7\109_KSH_7_291.bmp,TCS_17
C:\Users\501\Desktop\train_test\G4_109OK_test\KHS_7\109_KSH_7_292.bmp,KHS_7
C:\Users\501\Desktop\train_test\G4_109OK_test\KHS_7\109_KSH_7_293.bmp,TCS_17
C:\Users\501\Desktop\train_test\G4_109OK_test\KHS_7\109_KSH_7_294.bmp,TCS_17
C:\Users\501\Desktop\train_test\G4_109OK_test\KHS_7\109_KSH_7_295.bmp,TCS_17
C:\Users\501\Desktop\train_test\G4_109OK_test\KHS_7\109_KSH_7_296.bmp,KHS_7
C:\Users\501\Desktop\train_test\G4_109OK_test\KHS_7\109_KSH_7_297.bmp,TKN_3
C:\Users\501\Desktop\train_test\G4_109OK_test\KHS_7\109_KSH_7_298.bmp,KHS_7
C:\Users\501\Desktop\train_test\G4_109OK_test\KHS_7\109_KSH_7_299.bmp,TCS_17
C:\Users\501\Desktop\train_test\G4_109OK_test\KHS_7\109_KSH_7_3.bmp,KHS_7
C:\Users\501\Desktop\train_test\G4_109OK_test\KHS_7\109_KSH_7_30.bmp,TCS_17
C:\Users\501\Desktop\train_test\G4_109OK_test\KHS_7\109_KSH_7_300.bmp,KHS_7
C:\Users\501\Desktop\train_test\G4_109OK_test\KHS_7\109_KSH_7_301.bmp,TCS_17
C:\Users\501\Desktop\train_test\G4_109OK_test\KHS_7\109_KSH_7_302.bmp,TCS_17
C:\Users\501\Desktop\train_test\G4_109OK_test\KHS_7\109_KSH_7_303.bmp,TCS_17
C:\Users\501\Desktop\train_test\G4_109OK_test\KHS_7\109_KSH_7_304.bmp,TCS_17
C:\Users\501\Desktop\train_test\G4_109OK_test\KHS_7\109_KSH_7_305.bmp,KHS_7
C:\Users\501\Desktop\train_test\G4_109OK_test\KHS_7\109_KSH_7_306.bmp,KHS_7
C:\Users\501\Desktop\train_test\G4_109OK_test\KHS_7\109_KSH_7_307.bmp,TCS_17
C:\Users\501\Desktop\train_test\G4_109OK_test\KHS_7\109_KSH_7_308.bmp,TCS_17
C:\Users\501\Desktop\train_test\G4_109OK_test\KHS_7\109_KSH_7_309.bmp,TKN_3
C:\Users\501\Desktop\train_test\G4_109OK_test\KHS_7\109_KSH_7_31.bmp,TKN_3
C:\Users\501\Desktop\train_test\G4_109OK_test\KHS_7\109_KSH_7_310.bmp,TCS_17
C:\Users\501\Desktop\train_test\G4_109OK_test\KHS_7\109_KSH_7_311.bmp,TCS_17
C:\Users\501\Desktop\train_test\G4_109OK_test\KHS_7\109_KSH_7_312.bmp,TCS_17
C:\Users\501\Desktop\train_test\G4_109OK_test\KHS_7\109_KSH_7_313.bmp,KHS_7
C:\Users\501\Desktop\train_test\G4_109OK_test\KHS_7\109_KSH_7_314.bmp,KHS_7
C:\Users\501\Desktop\train_test\G4_109OK_test\KHS_7\109_KSH_7_315.bmp,KHS_7
C:\Users\501\Desktop\train_test\G4_109OK_test\KHS_7\109_KSH_7_316.bmp,KHS_7
C:\Users\501\Desktop\train_test\G4_109OK_test\KHS_7\109_KSH_7_317.bmp,TCS_17
C:\Users\501\Desktop\train_test\G4_109OK_test\KHS_7\109_KSH_7_318.bmp,KHS_7
C:\Users\501\Desktop\train_test\G4_109OK_test\KHS_7\109_KSH_7_319.bmp,TCS_17
C:\Users\501\Desktop\train_test\G4_109OK_test\KHS_7\109_KSH_7_32.bmp,TCS_17
C:\Users\501\Desktop\train_test\G4_109OK_test\KHS_7\109_KSH_7_320.bmp,KHS_7
C:\Users\501\Desktop\train_test\G4_109OK_test\KHS_7\109_KSH_7_321.bmp,TCS_17
C:\Users\501\Desktop\train_test\G4_109OK_test\KHS_7\109_KSH_7_322.bmp,KHS_7
C:\Users\501\Desktop\train_test\G4_109OK_test\KHS_7\109_KSH_7_323.bmp,TCS_17
C:\Users\501\Desktop\train_test\G4_109OK_test\KHS_7\109_KSH_7_324.bmp,TCS_17
C:\Users\501\Desktop\train_test\G4_109OK_test\KHS_7\109_KSH_7_325.bmp,KHS_7
C:\Users\501\Desktop\train_test\G4_109OK_test\KHS_7\109_KSH_7_326.bmp,KHS_7
C:\Users\501\Desktop\train_test\G4_109OK_test\KHS_7\109_KSH_7_327.bmp,TCS_17
C:\Users\501\Desktop\train_test\G4_109OK_test\KHS_7\109_KSH_7_328.bmp,KHS_7
C:\Users\501\Desktop\train_test\G4_109OK_test\KHS_7\109_KSH_7_329.bmp,TKN_3
C:\Users\501\Desktop\train_test\G4_109OK_test\KHS_7\109_KSH_7_33.bmp,TCS_17
C:\Users\501\Desktop\train_test\G4_109OK_test\KHS_7\109_KSH_7_330.bmp,KHS_7
C:\Users\501\Desktop\train_test\G4_109OK_test\KHS_7\109_KSH_7_331.bmp,KHS_7
C:\Users\501\Desktop\train_test\G4_109OK_test\KHS_7\109_KSH_7_332.bmp,TCS_17
C:\Users\501\Desktop\train_test\G4_109OK_test\KHS_7\109_KSH_7_333.bmp,NG
C:\Users\501\Desktop\train_test\G4_109OK_test\KHS_7\109_KSH_7_334.bmp,TCS_17
C:\Users\501\Desktop\train_test\G4_109OK_test\KHS_7\109_KSH_7_335.bmp,KHS_7
C:\Users\501\Desktop\train_test\G4_109OK_test\KHS_7\109_KSH_7_336.bmp,TCS_17
C:\Users\501\Desktop\train_test\G4_109OK_test\KHS_7\109_KSH_7_337.bmp,TCS_17
C:\Users\501\Desktop\train_test\G4_109OK_test\KHS_7\109_KSH_7_338.bmp,TCS_17
C:\Users\501\Desktop\train_test\G4_109OK_test\KHS_7\109_KSH_7_339.bmp,TCS_17
C:\Users\501\Desktop\train_test\G4_109OK_test\KHS_7\109_KSH_7_34.bmp,KHS_7
C:\Users\501\Desktop\train_test\G4_109OK_test\KHS_7\109_KSH_7_340.bmp,TCS_17
C:\Users\501\Desktop\train_test\G4_109OK_test\KHS_7\109_KSH_7_341.bmp,TCS_17
C:\Users\501\Desktop\train_test\G4_109OK_test\KHS_7\109_KSH_7_342.bmp,TCS_17
C:\Users\501\Desktop\train_test\G4_109OK_test\KHS_7\109_KSH_7_343.bmp,KHS_7
C:\Users\501\Desktop\train_test\G4_109OK_test\KHS_7\109_KSH_7_344.bmp,KHS_7
C:\Users\501\Desktop\train_test\G4_109OK_test\KHS_7\109_KSH_7_345.bmp,TKN_3
C:\Users\501\Desktop\train_test\G4_109OK_test\KHS_7\109_KSH_7_346.bmp,TCS_17
C:\Users\501\Desktop\train_test\G4_109OK_test\KHS_7\109_KSH_7_347.bmp,TCS_17
C:\Users\501\Desktop\train_test\G4_109OK_test\KHS_7\109_KSH_7_348.bmp,KHS_7
C:\Users\501\Desktop\train_test\G4_109OK_test\KHS_7\109_KSH_7_349.bmp,KHS_7
C:\Users\501\Desktop\train_test\G4_109OK_test\KHS_7\109_KSH_7_35.bmp,TCS_17
C:\Users\501\Desktop\train_test\G4_109OK_test\KHS_7\109_KSH_7_350.bmp,TCS_17
C:\Users\501\Desktop\train_test\G4_109OK_test\KHS_7\109_KSH_7_351.bmp,TCS_17
C:\Users\501\Desktop\train_test\G4_109OK_test\KHS_7\109_KSH_7_352.bmp,KHS_7
C:\Users\501\Desktop\train_test\G4_109OK_test\KHS_7\109_KSH_7_353.bmp,TCS_17
C:\Users\501\Desktop\train_test\G4_109OK_test\KHS_7\109_KSH_7_354.bmp,TCS_17
C:\Users\501\Desktop\train_test\G4_109OK_test\KHS_7\109_KSH_7_355.bmp,TCS_17
C:\Users\501\Desktop\train_test\G4_109OK_test\KHS_7\109_KSH_7_356.bmp,KHS_7
C:\Users\501\Desktop\train_test\G4_109OK_test\KHS_7\109_KSH_7_357.bmp,KHS_7
C:\Users\501\Desktop\train_test\G4_109OK_test\KHS_7\109_KSH_7_358.bmp,TCS_17
C:\Users\501\Desktop\train_test\G4_109OK_test\KHS_7\109_KSH_7_359.bmp,TCS_17
C:\Users\501\Desktop\train_test\G4_109OK_test\KHS_7\109_KSH_7_36.bmp,TCS_17
C:\Users\501\Desktop\train_test\G4_109OK_test\KHS_7\109_KSH_7_360.bmp,TCS_17
C:\Users\501\Desktop\train_test\G4_109OK_test\KHS_7\109_KSH_7_361.bmp,KHS_7
C:\Users\501\Desktop\train_test\G4_109OK_test\KHS_7\109_KSH_7_362.bmp,TCS_17
C:\Users\501\Desktop\train_test\G4_109OK_test\KHS_7\109_KSH_7_363.bmp,TCSN_2
C:\Users\501\Desktop\train_test\G4_109OK_test\KHS_7\109_KSH_7_364.bmp,KHS_7
C:\Users\501\Desktop\train_test\G4_109OK_test\KHS_7\109_KSH_7_365.bmp,NG
C:\Users\501\Desktop\train_test\G4_109OK_test\KHS_7\109_KSH_7_366.bmp,KHS_7
C:\Users\501\Desktop\train_test\G4_109OK_test\KHS_7\109_KSH_7_367.bmp,TCS_17
C:\Users\501\Desktop\train_test\G4_109OK_test\KHS_7\109_KSH_7_368.bmp,TCS_17
C:\Users\501\Desktop\train_test\G4_109OK_test\KHS_7\109_KSH_7_369.bmp,TCS_17
C:\Users\501\Desktop\train_test\G4_109OK_test\KHS_7\109_KSH_7_37.bmp,KHS_7
C:\Users\501\Desktop\train_test\G4_109OK_test\KHS_7\109_KSH_7_370.bmp,TCS_17
C:\Users\501\Desktop\train_test\G4_109OK_test\KHS_7\109_KSH_7_371.bmp,TCSN_2
C:\Users\501\Desktop\train_test\G4_109OK_test\KHS_7\109_KSH_7_372.bmp,TCS_17
C:\Users\501\Desktop\train_test\G4_109OK_test\KHS_7\109_KSH_7_373.bmp,KHS_7
C:\Users\501\Desktop\train_test\G4_109OK_test\KHS_7\109_KSH_7_374.bmp,KHS_7
C:\Users\501\Desktop\train_test\G4_109OK_test\KHS_7\109_KSH_7_375.bmp,KHS_7
C:\Users\501\Desktop\train_test\G4_109OK_test\KHS_7\109_KSH_7_376.bmp,KHS_7
C:\Users\501\Desktop\train_test\G4_109OK_test\KHS_7\109_KSH_7_377.bmp,TCS_17
C:\Users\501\Desktop\train_test\G4_109OK_test\KHS_7\109_KSH_7_378.bmp,TKN_3
C:\Users\501\Desktop\train_test\G4_109OK_test\KHS_7\109_KSH_7_379.bmp,TCSN_2
C:\Users\501\Desktop\train_test\G4_109OK_test\KHS_7\109_KSH_7_38.bmp,TCS_17
C:\Users\501\Desktop\train_test\G4_109OK_test\KHS_7\109_KSH_7_380.bmp,KHS_7
C:\Users\501\Desktop\train_test\G4_109OK_test\KHS_7\109_KSH_7_381.bmp,KHS_7
C:\Users\501\Desktop\train_test\G4_109OK_test\KHS_7\109_KSH_7_382.bmp,TKN_3
C:\Users\501\Desktop\train_test\G4_109OK_test\KHS_7\109_KSH_7_383.bmp,TCS_17
C:\Users\501\Desktop\train_test\G4_109OK_test\KHS_7\109_KSH_7_384.bmp,KHS_7
C:\Users\501\Desktop\train_test\G4_109OK_test\KHS_7\109_KSH_7_385.bmp,TKN_3
C:\Users\501\Desktop\train_test\G4_109OK_test\KHS_7\109_KSH_7_386.bmp,KHS_7
C:\Users\501\Desktop\train_test\G4_109OK_test\KHS_7\109_KSH_7_387.bmp,TCSN_2
C:\Users\501\Desktop\train_test\G4_109OK_test\KHS_7\109_KSH_7_388.bmp,KHS_7
C:\Users\501\Desktop\train_test\G4_109OK_test\KHS_7\109_KSH_7_389.bmp,TCS_17
C:\Users\501\Desktop\train_test\G4_109OK_test\KHS_7\109_KSH_7_39.bmp,TCS_17
C:\Users\501\Desktop\train_test\G4_109OK_test\KHS_7\109_KSH_7_390.bmp,TCS_17
C:\Users\501\Desktop\train_test\G4_109OK_test\KHS_7\109_KSH_7_391.bmp,TCS_17
C:\Users\501\Desktop\train_test\G4_109OK_test\KHS_7\109_KSH_7_392.bmp,KHS_7
C:\Users\501\Desktop\train_test\G4_109OK_test\KHS_7\109_KSH_7_393.bmp,KHS_7
C:\Users\501\Desktop\train_test\G4_109OK_test\KHS_7\109_KSH_7_394.bmp,TCS_17
C:\Users\501\Desktop\train_test\G4_109OK_test\KHS_7\109_KSH_7_395.bmp,TCS_17
C:\Users\501\Desktop\train_test\G4_109OK_test\KHS_7\109_KSH_7_396.bmp,TCS_17
C:\Users\501\Desktop\train_test\G4_109OK_test\KHS_7\109_KSH_7_397.bmp,KHS_7
C:\Users\501\Desktop\train_test\G4_109OK_test\KHS_7\109_KSH_7_398.bmp,TCS_17
C:\Users\501\Desktop\train_test\G4_109OK_test\KHS_7\109_KSH_7_399.bmp,TCSN_2
C:\Users\501\Desktop\train_test\G4_109OK_test\KHS_7\109_KSH_7_4.bmp,TCS_17
C:\Users\501\Desktop\train_test\G4_109OK_test\KHS_7\109_KSH_7_40.bmp,TKN_3
C:\Users\501\Desktop\train_test\G4_109OK_test\KHS_7\109_KSH_7_400.bmp,TCS_17
C:\Users\501\Desktop\train_test\G4_109OK_test\KHS_7\109_KSH_7_401.bmp,TCS_17
C:\Users\501\Desktop\train_test\G4_109OK_test\KHS_7\109_KSH_7_402.bmp,TKN_3
C:\Users\501\Desktop\train_test\G4_109OK_test\KHS_7\109_KSH_7_403.bmp,TCS_17
C:\Users\501\Desktop\train_test\G4_109OK_test\KHS_7\109_KSH_7_404.bmp,TKN_3
C:\Users\501\Desktop\train_test\G4_109OK_test\KHS_7\109_KSH_7_405.bmp,KHS_7
C:\Users\501\Desktop\train_test\G4_109OK_test\KHS_7\109_KSH_7_406.bmp,TCS_17
C:\Users\501\Desktop\train_test\G4_109OK_test\KHS_7\109_KSH_7_407.bmp,TCSN_2
C:\Users\501\Desktop\train_test\G4_109OK_test\KHS_7\109_KSH_7_408.bmp,KHS_7
C:\Users\501\Desktop\train_test\G4_109OK_test\KHS_7\109_KSH_7_409.bmp,TKN_3
C:\Users\501\Desktop\train_test\G4_109OK_test\KHS_7\109_KSH_7_41.bmp,KHS_7
C:\Users\501\Desktop\train_test\G4_109OK_test\KHS_7\109_KSH_7_410.bmp,TCS_17
C:\Users\501\Desktop\train_test\G4_109OK_test\KHS_7\109_KSH_7_411.bmp,KHS_7
C:\Users\501\Desktop\train_test\G4_109OK_test\KHS_7\109_KSH_7_412.bmp,TKN_3
C:\Users\501\Desktop\train_test\G4_109OK_test\KHS_7\109_KSH_7_413.bmp,TCS_17
C:\Users\501\Desktop\train_test\G4_109OK_test\KHS_7\109_KSH_7_414.bmp,TCS_17
C:\Users\501\Desktop\train_test\G4_109OK_test\KHS_7\109_KSH_7_415.bmp,KHS_7
C:\Users\501\Desktop\train_test\G4_109OK_test\KHS_7\109_KSH_7_416.bmp,KHS_7
C:\Users\501\Desktop\train_test\G4_109OK_test\KHS_7\109_KSH_7_417.bmp,TKN_3
C:\Users\501\Desktop\train_test\G4_109OK_test\KHS_7\109_KSH_7_418.bmp,TKN_3
C:\Users\501\Desktop\train_test\G4_109OK_test\KHS_7\109_KSH_7_419.bmp,TCS_17
C:\Users\501\Desktop\train_test\G4_109OK_test\KHS_7\109_KSH_7_42.bmp,KHS_7
C:\Users\501\Desktop\train_test\G4_109OK_test\KHS_7\109_KSH_7_420.bmp,TCS_17
C:\Users\501\Desktop\train_test\G4_109OK_test\KHS_7\109_KSH_7_421.bmp,KHS_7
C:\Users\501\Desktop\train_test\G4_109OK_test\KHS_7\109_KSH_7_422.bmp,TCSN_2
C:\Users\501\Desktop\train_test\G4_109OK_test\KHS_7\109_KSH_7_423.bmp,KHS_7
C:\Users\501\Desktop\train_test\G4_109OK_test\KHS_7\109_KSH_7_424.bmp,TCS_17
C:\Users\501\Desktop\train_test\G4_109OK_test\KHS_7\109_KSH_7_425.bmp,TCS_17
C:\Users\501\Desktop\train_test\G4_109OK_test\KHS_7\109_KSH_7_426.bmp,TCS_17
C:\Users\501\Desktop\train_test\G4_109OK_test\KHS_7\109_KSH_7_427.bmp,TCS_17
C:\Users\501\Desktop\train_test\G4_109OK_test\KHS_7\109_KSH_7_428.bmp,TCS_17
C:\Users\501\Desktop\train_test\G4_109OK_test\KHS_7\109_KSH_7_429.bmp,TCS_17
C:\Users\501\Desktop\train_test\G4_109OK_test\KHS_7\109_KSH_7_43.bmp,TCS_17
C:\Users\501\Desktop\train_test\G4_109OK_test\KHS_7\109_KSH_7_430.bmp,KHS_7
C:\Users\501\Desktop\train_test\G4_109OK_test\KHS_7\109_KSH_7_431.bmp,TCS_17
C:\Users\501\Desktop\train_test\G4_109OK_test\KHS_7\109_KSH_7_432.bmp,TCS_17
C:\Users\501\Desktop\train_test\G4_109OK_test\KHS_7\109_KSH_7_433.bmp,TCS_17
C:\Users\501\Desktop\train_test\G4_109OK_test\KHS_7\109_KSH_7_434.bmp,KHS_7
C:\Users\501\Desktop\train_test\G4_109OK_test\KHS_7\109_KSH_7_435.bmp,KHS_7
C:\Users\501\Desktop\train_test\G4_109OK_test\KHS_7\109_KSH_7_436.bmp,TKN_3
C:\Users\501\Desktop\train_test\G4_109OK_test\KHS_7\109_KSH_7_437.bmp,KHS_7
C:\Users\501\Desktop\train_test\G4_109OK_test\KHS_7\109_KSH_7_438.bmp,KHS_7
C:\Users\501\Desktop\train_test\G4_109OK_test\KHS_7\109_KSH_7_439.bmp,KHS_7
C:\Users\501\Desktop\train_test\G4_109OK_test\KHS_7\109_KSH_7_44.bmp,TCS_17
C:\Users\501\Desktop\train_test\G4_109OK_test\KHS_7\109_KSH_7_440.bmp,TCS_17
C:\Users\501\Desktop\train_test\G4_109OK_test\KHS_7\109_KSH_7_441.bmp,TKN_3
C:\Users\501\Desktop\train_test\G4_109OK_test\KHS_7\109_KSH_7_442.bmp,TCS_17
C:\Users\501\Desktop\train_test\G4_109OK_test\KHS_7\109_KSH_7_443.bmp,TCS_17
C:\Users\501\Desktop\train_test\G4_109OK_test\KHS_7\109_KSH_7_444.bmp,TCS_17
C:\Users\501\Desktop\train_test\G4_109OK_test\KHS_7\109_KSH_7_445.bmp,TKN_3
C:\Users\501\Desktop\train_test\G4_109OK_test\KHS_7\109_KSH_7_446.bmp,TCS_17
C:\Users\501\Desktop\train_test\G4_109OK_test\KHS_7\109_KSH_7_447.bmp,TCS_17
C:\Users\501\Desktop\train_test\G4_109OK_test\KHS_7\109_KSH_7_448.bmp,TCS_17
C:\Users\501\Desktop\train_test\G4_109OK_test\KHS_7\109_KSH_7_449.bmp,KHS_7
C:\Users\501\Desktop\train_test\G4_109OK_test\KHS_7\109_KSH_7_45.bmp,KHS_7
C:\Users\501\Desktop\train_test\G4_109OK_test\KHS_7\109_KSH_7_450.bmp,TCS_17
C:\Users\501\Desktop\train_test\G4_109OK_test\KHS_7\109_KSH_7_451.bmp,KHS_7
C:\Users\501\Desktop\train_test\G4_109OK_test\KHS_7\109_KSH_7_452.bmp,TKN_3
C:\Users\501\Desktop\train_test\G4_109OK_test\KHS_7\109_KSH_7_453.bmp,TCSN_2
C:\Users\501\Desktop\train_test\G4_109OK_test\KHS_7\109_KSH_7_454.bmp,KHS_7
C:\Users\501\Desktop\train_test\G4_109OK_test\KHS_7\109_KSH_7_455.bmp,TCS_17
C:\Users\501\Desktop\train_test\G4_109OK_test\KHS_7\109_KSH_7_456.bmp,TCS_17
C:\Users\501\Desktop\train_test\G4_109OK_test\KHS_7\109_KSH_7_457.bmp,TCS_17
C:\Users\501\Desktop\train_test\G4_109OK_test\KHS_7\109_KSH_7_458.bmp,KHS_7
C:\Users\501\Desktop\train_test\G4_109OK_test\KHS_7\109_KSH_7_459.bmp,TCS_17
C:\Users\501\Desktop\train_test\G4_109OK_test\KHS_7\109_KSH_7_46.bmp,TCS_17
C:\Users\501\Desktop\train_test\G4_109OK_test\KHS_7\109_KSH_7_460.bmp,KHS_7
C:\Users\501\Desktop\train_test\G4_109OK_test\KHS_7\109_KSH_7_461.bmp,KHS_7
C:\Users\501\Desktop\train_test\G4_109OK_test\KHS_7\109_KSH_7_462.bmp,KHS_7
C:\Users\501\Desktop\train_test\G4_109OK_test\KHS_7\109_KSH_7_463.bmp,KHS_7
C:\Users\501\Desktop\train_test\G4_109OK_test\KHS_7\109_KSH_7_464.bmp,TKN_3
C:\Users\501\Desktop\train_test\G4_109OK_test\KHS_7\109_KSH_7_465.bmp,TCSN_2
C:\Users\501\Desktop\train_test\G4_109OK_test\KHS_7\109_KSH_7_466.bmp,KHS_7
C:\Users\501\Desktop\train_test\G4_109OK_test\KHS_7\109_KSH_7_467.bmp,TCSN_2
C:\Users\501\Desktop\train_test\G4_109OK_test\KHS_7\109_KSH_7_468.bmp,TCS_17
C:\Users\501\Desktop\train_test\G4_109OK_test\KHS_7\109_KSH_7_469.bmp,TCS_17
C:\Users\501\Desktop\train_test\G4_109OK_test\KHS_7\109_KSH_7_47.bmp,TCS_10
C:\Users\501\Desktop\train_test\G4_109OK_test\KHS_7\109_KSH_7_470.bmp,TCS_17
C:\Users\501\Desktop\train_test\G4_109OK_test\KHS_7\109_KSH_7_471.bmp,TCS_17
C:\Users\501\Desktop\train_test\G4_109OK_test\KHS_7\109_KSH_7_472.bmp,KHS_7
C:\Users\501\Desktop\train_test\G4_109OK_test\KHS_7\109_KSH_7_473.bmp,TCS_17
C:\Users\501\Desktop\train_test\G4_109OK_test\KHS_7\109_KSH_7_474.bmp,TCS_17
C:\Users\501\Desktop\train_test\G4_109OK_test\KHS_7\109_KSH_7_475.bmp,TCS_17
C:\Users\501\Desktop\train_test\G4_109OK_test\KHS_7\109_KSH_7_476.bmp,TCS_17
C:\Users\501\Desktop\train_test\G4_109OK_test\KHS_7\109_KSH_7_477.bmp,TCS_17
C:\Users\501\Desktop\train_test\G4_109OK_test\KHS_7\109_KSH_7_478.bmp,TCSN_2
C:\Users\501\Desktop\train_test\G4_109OK_test\KHS_7\109_KSH_7_479.bmp,TCS_17
C:\Users\501\Desktop\train_test\G4_109OK_test\KHS_7\109_KSH_7_48.bmp,TCS_17
C:\Users\501\Desktop\train_test\G4_109OK_test\KHS_7\109_KSH_7_480.bmp,KHS_7
C:\Users\501\Desktop\train_test\G4_109OK_test\KHS_7\109_KSH_7_481.bmp,No
C:\Users\501\Desktop\train_test\G4_109OK_test\KHS_7\109_KSH_7_482.bmp,KHS_7
C:\Users\501\Desktop\train_test\G4_109OK_test\KHS_7\109_KSH_7_483.bmp,KHS_7
C:\Users\501\Desktop\train_test\G4_109OK_test\KHS_7\109_KSH_7_484.bmp,TCS_17
C:\Users\501\Desktop\train_test\G4_109OK_test\KHS_7\109_KSH_7_485.bmp,TCSN_2
C:\Users\501\Desktop\train_test\G4_109OK_test\KHS_7\109_KSH_7_486.bmp,TKN_3
C:\Users\501\Desktop\train_test\G4_109OK_test\KHS_7\109_KSH_7_487.bmp,TCS_17
C:\Users\501\Desktop\train_test\G4_109OK_test\KHS_7\109_KSH_7_488.bmp,TCS_17
C:\Users\501\Desktop\train_test\G4_109OK_test\KHS_7\109_KSH_7_489.bmp,TCS_17
C:\Users\501\Desktop\train_test\G4_109OK_test\KHS_7\109_KSH_7_49.bmp,KHS_7
C:\Users\501\Desktop\train_test\G4_109OK_test\KHS_7\109_KSH_7_490.bmp,TCS_17
C:\Users\501\Desktop\train_test\G4_109OK_test\KHS_7\109_KSH_7_491.bmp,KHS_7
C:\Users\501\Desktop\train_test\G4_109OK_test\KHS_7\109_KSH_7_492.bmp,TCSN_2
C:\Users\501\Desktop\train_test\G4_109OK_test\KHS_7\109_KSH_7_493.bmp,KHS_7
C:\Users\501\Desktop\train_test\G4_109OK_test\KHS_7\109_KSH_7_494.bmp,KHS_7
C:\Users\501\Desktop\train_test\G4_109OK_test\KHS_7\109_KSH_7_495.bmp,TCSN_2
C:\Users\501\Desktop\train_test\G4_109OK_test\KHS_7\109_KSH_7_496.bmp,TCS_17
C:\Users\501\Desktop\train_test\G4_109OK_test\KHS_7\109_KSH_7_497.bmp,TCS_17
C:\Users\501\Desktop\train_test\G4_109OK_test\KHS_7\109_KSH_7_498.bmp,TKN_3
C:\Users\501\Desktop\train_test\G4_109OK_test\KHS_7\109_KSH_7_499.bmp,KHS_7
C:\Users\501\Desktop\train_test\G4_109OK_test\KHS_7\109_KSH_7_5.bmp,KHS_7
C:\Users\501\Desktop\train_test\G4_109OK_test\KHS_7\109_KSH_7_50.bmp,KHS_7
C:\Users\501\Desktop\train_test\G4_109OK_test\KHS_7\109_KSH_7_500.bmp,TCS_17
C:\Users\501\Desktop\train_test\G4_109OK_test\KHS_7\109_KSH_7_501.bmp,TCS_17
C:\Users\501\Desktop\train_test\G4_109OK_test\KHS_7\109_KSH_7_502.bmp,KHS_7
C:\Users\501\Desktop\train_test\G4_109OK_test\KHS_7\109_KSH_7_503.bmp,KHS_7
C:\Users\501\Desktop\train_test\G4_109OK_test\KHS_7\109_KSH_7_504.bmp,KHS_7
C:\Users\501\Desktop\train_test\G4_109OK_test\KHS_7\109_KSH_7_505.bmp,TCS_17
C:\Users\501\Desktop\train_test\G4_109OK_test\KHS_7\109_KSH_7_506.bmp,TCS_17
C:\Users\501\Desktop\train_test\G4_109OK_test\KHS_7\109_KSH_7_507.bmp,KHS_7
C:\Users\501\Desktop\train_test\G4_109OK_test\KHS_7\109_KSH_7_508.bmp,KHS_7
C:\Users\501\Desktop\train_test\G4_109OK_test\KHS_7\109_KSH_7_509.bmp,TCS_17
C:\Users\501\Desktop\train_test\G4_109OK_test\KHS_7\109_KSH_7_51.bmp,TKN_3
C:\Users\501\Desktop\train_test\G4_109OK_test\KHS_7\109_KSH_7_510.bmp,KHS_7
C:\Users\501\Desktop\train_test\G4_109OK_test\KHS_7\109_KSH_7_511.bmp,KHS_7
C:\Users\501\Desktop\train_test\G4_109OK_test\KHS_7\109_KSH_7_512.bmp,TCS_17
C:\Users\501\Desktop\train_test\G4_109OK_test\KHS_7\109_KSH_7_513.bmp,KHS_7
C:\Users\501\Desktop\train_test\G4_109OK_test\KHS_7\109_KSH_7_514.bmp,TCSN_2
C:\Users\501\Desktop\train_test\G4_109OK_test\KHS_7\109_KSH_7_515.bmp,KHS_7
C:\Users\501\Desktop\train_test\G4_109OK_test\KHS_7\109_KSH_7_516.bmp,TCS_17
C:\Users\501\Desktop\train_test\G4_109OK_test\KHS_7\109_KSH_7_517.bmp,TCS_17
C:\Users\501\Desktop\train_test\G4_109OK_test\KHS_7\109_KSH_7_518.bmp,TCS_17
C:\Users\501\Desktop\train_test\G4_109OK_test\KHS_7\109_KSH_7_519.bmp,TCS_17
C:\Users\501\Desktop\train_test\G4_109OK_test\KHS_7\109_KSH_7_52.bmp,TCS_17
C:\Users\501\Desktop\train_test\G4_109OK_test\KHS_7\109_KSH_7_520.bmp,TCS_17
C:\Users\501\Desktop\train_test\G4_109OK_test\KHS_7\109_KSH_7_521.bmp,KHS_7
C:\Users\501\Desktop\train_test\G4_109OK_test\KHS_7\109_KSH_7_522.bmp,KHS_7
C:\Users\501\Desktop\train_test\G4_109OK_test\KHS_7\109_KSH_7_523.bmp,TCS_17
C:\Users\501\Desktop\train_test\G4_109OK_test\KHS_7\109_KSH_7_524.bmp,KHS_7
C:\Users\501\Desktop\train_test\G4_109OK_test\KHS_7\109_KSH_7_525.bmp,KHS_7
C:\Users\501\Desktop\train_test\G4_109OK_test\KHS_7\109_KSH_7_526.bmp,KHS_7
C:\Users\501\Desktop\train_test\G4_109OK_test\KHS_7\109_KSH_7_527.bmp,TCS_17
C:\Users\501\Desktop\train_test\G4_109OK_test\KHS_7\109_KSH_7_528.bmp,KHS_7
C:\Users\501\Desktop\train_test\G4_109OK_test\KHS_7\109_KSH_7_529.bmp,TCS_17
C:\Users\501\Desktop\train_test\G4_109OK_test\KHS_7\109_KSH_7_53.bmp,TCS_17
C:\Users\501\Desktop\train_test\G4_109OK_test\KHS_7\109_KSH_7_530.bmp,TCS_17
C:\Users\501\Desktop\train_test\G4_109OK_test\KHS_7\109_KSH_7_531.bmp,TCS_17
C:\Users\501\Desktop\train_test\G4_109OK_test\KHS_7\109_KSH_7_532.bmp,TCS_17
C:\Users\501\Desktop\train_test\G4_109OK_test\KHS_7\109_KSH_7_533.bmp,TKN_3
C:\Users\501\Desktop\train_test\G4_109OK_test\KHS_7\109_KSH_7_534.bmp,KHS_7
C:\Users\501\Desktop\train_test\G4_109OK_test\KHS_7\109_KSH_7_535.bmp,TCS_17
C:\Users\501\Desktop\train_test\G4_109OK_test\KHS_7\109_KSH_7_536.bmp,TCS_17
C:\Users\501\Desktop\train_test\G4_109OK_test\KHS_7\109_KSH_7_537.bmp,KHS_7
C:\Users\501\Desktop\train_test\G4_109OK_test\KHS_7\109_KSH_7_538.bmp,TKN_3
C:\Users\501\Desktop\train_test\G4_109OK_test\KHS_7\109_KSH_7_539.bmp,KHS_7
C:\Users\501\Desktop\train_test\G4_109OK_test\KHS_7\109_KSH_7_54.bmp,KHS_7
C:\Users\501\Desktop\train_test\G4_109OK_test\KHS_7\109_KSH_7_540.bmp,TKN_3
C:\Users\501\Desktop\train_test\G4_109OK_test\KHS_7\109_KSH_7_541.bmp,NG
C:\Users\501\Desktop\train_test\G4_109OK_test\KHS_7\109_KSH_7_542.bmp,NG
C:\Users\501\Desktop\train_test\G4_109OK_test\KHS_7\109_KSH_7_543.bmp,KHS_7
C:\Users\501\Desktop\train_test\G4_109OK_test\KHS_7\109_KSH_7_544.bmp,TCS_17
C:\Users\501\Desktop\train_test\G4_109OK_test\KHS_7\109_KSH_7_545.bmp,TCS_17
C:\Users\501\Desktop\train_test\G4_109OK_test\KHS_7\109_KSH_7_546.bmp,KHS_7
C:\Users\501\Desktop\train_test\G4_109OK_test\KHS_7\109_KSH_7_547.bmp,KHS_7
C:\Users\501\Desktop\train_test\G4_109OK_test\KHS_7\109_KSH_7_548.bmp,KHS_7
C:\Users\501\Desktop\train_test\G4_109OK_test\KHS_7\109_KSH_7_549.bmp,KHS_7
C:\Users\501\Desktop\train_test\G4_109OK_test\KHS_7\109_KSH_7_55.bmp,TCS_17
C:\Users\501\Desktop\train_test\G4_109OK_test\KHS_7\109_KSH_7_550.bmp,TCS_17
C:\Users\501\Desktop\train_test\G4_109OK_test\KHS_7\109_KSH_7_551.bmp,KHS_7
C:\Users\501\Desktop\train_test\G4_109OK_test\KHS_7\109_KSH_7_552.bmp,KHS_7
C:\Users\501\Desktop\train_test\G4_109OK_test\KHS_7\109_KSH_7_553.bmp,TCS_17
C:\Users\501\Desktop\train_test\G4_109OK_test\KHS_7\109_KSH_7_554.bmp,TCS_17
C:\Users\501\Desktop\train_test\G4_109OK_test\KHS_7\109_KSH_7_555.bmp,TCS_17
C:\Users\501\Desktop\train_test\G4_109OK_test\KHS_7\109_KSH_7_556.bmp,TKN_3
C:\Users\501\Desktop\train_test\G4_109OK_test\KHS_7\109_KSH_7_557.bmp,TCS_17
C:\Users\501\Desktop\train_test\G4_109OK_test\KHS_7\109_KSH_7_558.bmp,TCS_17
C:\Users\501\Desktop\train_test\G4_109OK_test\KHS_7\109_KSH_7_559.bmp,TCS_17
C:\Users\501\Desktop\train_test\G4_109OK_test\KHS_7\109_KSH_7_56.bmp,TCSN_2
C:\Users\501\Desktop\train_test\G4_109OK_test\KHS_7\109_KSH_7_560.bmp,TCS_17
C:\Users\501\Desktop\train_test\G4_109OK_test\KHS_7\109_KSH_7_561.bmp,TCS_17
C:\Users\501\Desktop\train_test\G4_109OK_test\KHS_7\109_KSH_7_562.bmp,KHS_7
C:\Users\501\Desktop\train_test\G4_109OK_test\KHS_7\109_KSH_7_563.bmp,TCS_17
C:\Users\501\Desktop\train_test\G4_109OK_test\KHS_7\109_KSH_7_564.bmp,KHS_7
C:\Users\501\Desktop\train_test\G4_109OK_test\KHS_7\109_KSH_7_565.bmp,TCSN_2
C:\Users\501\Desktop\train_test\G4_109OK_test\KHS_7\109_KSH_7_566.bmp,KHS_7
C:\Users\501\Desktop\train_test\G4_109OK_test\KHS_7\109_KSH_7_567.bmp,NG
C:\Users\501\Desktop\train_test\G4_109OK_test\KHS_7\109_KSH_7_568.bmp,KHS_7
C:\Users\501\Desktop\train_test\G4_109OK_test\KHS_7\109_KSH_7_569.bmp,KHS_7
C:\Users\501\Desktop\train_test\G4_109OK_test\KHS_7\109_KSH_7_57.bmp,KHS_7
C:\Users\501\Desktop\train_test\G4_109OK_test\KHS_7\109_KSH_7_570.bmp,TCS_17
C:\Users\501\Desktop\train_test\G4_109OK_test\KHS_7\109_KSH_7_571.bmp,TKN_3
C:\Users\501\Desktop\train_test\G4_109OK_test\KHS_7\109_KSH_7_572.bmp,KHS_7
C:\Users\501\Desktop\train_test\G4_109OK_test\KHS_7\109_KSH_7_573.bmp,TKN_3
C:\Users\501\Desktop\train_test\G4_109OK_test\KHS_7\109_KSH_7_574.bmp,TKN_3
C:\Users\501\Desktop\train_test\G4_109OK_test\KHS_7\109_KSH_7_575.bmp,TCS_17
C:\Users\501\Desktop\train_test\G4_109OK_test\KHS_7\109_KSH_7_576.bmp,TKN_3
C:\Users\501\Desktop\train_test\G4_109OK_test\KHS_7\109_KSH_7_577.bmp,TCS_17
C:\Users\501\Desktop\train_test\G4_109OK_test\KHS_7\109_KSH_7_578.bmp,TCS_17
C:\Users\501\Desktop\train_test\G4_109OK_test\KHS_7\109_KSH_7_579.bmp,TCS_17
C:\Users\501\Desktop\train_test\G4_109OK_test\KHS_7\109_KSH_7_58.bmp,TCS_17
C:\Users\501\Desktop\train_test\G4_109OK_test\KHS_7\109_KSH_7_580.bmp,TCS_17
C:\Users\501\Desktop\train_test\G4_109OK_test\KHS_7\109_KSH_7_581.bmp,TCS_17
C:\Users\501\Desktop\train_test\G4_109OK_test\KHS_7\109_KSH_7_582.bmp,KHS_7
C:\Users\501\Desktop\train_test\G4_109OK_test\KHS_7\109_KSH_7_583.bmp,KHS_7
C:\Users\501\Desktop\train_test\G4_109OK_test\KHS_7\109_KSH_7_584.bmp,TKN_3
C:\Users\501\Desktop\train_test\G4_109OK_test\KHS_7\109_KSH_7_585.bmp,TKN_3
C:\Users\501\Desktop\train_test\G4_109OK_test\KHS_7\109_KSH_7_586.bmp,KHS_7
C:\Users\501\Desktop\train_test\G4_109OK_test\KHS_7\109_KSH_7_587.bmp,KHS_7
C:\Users\501\Desktop\train_test\G4_109OK_test\KHS_7\109_KSH_7_588.bmp,KHS_7
C:\Users\501\Desktop\train_test\G4_109OK_test\KHS_7\109_KSH_7_589.bmp,TCS_17
C:\Users\501\Desktop\train_test\G4_109OK_test\KHS_7\109_KSH_7_59.bmp,TCSN_2
C:\Users\501\Desktop\train_test\G4_109OK_test\KHS_7\109_KSH_7_590.bmp,TCS_17
C:\Users\501\Desktop\train_test\G4_109OK_test\KHS_7\109_KSH_7_591.bmp,TCS_17
C:\Users\501\Desktop\train_test\G4_109OK_test\KHS_7\109_KSH_7_592.bmp,TCS_17
C:\Users\501\Desktop\train_test\G4_109OK_test\KHS_7\109_KSH_7_593.bmp,KHS_7
C:\Users\501\Desktop\train_test\G4_109OK_test\KHS_7\109_KSH_7_594.bmp,KHS_7
C:\Users\501\Desktop\train_test\G4_109OK_test\KHS_7\109_KSH_7_595.bmp,KHS_7
C:\Users\501\Desktop\train_test\G4_109OK_test\KHS_7\109_KSH_7_596.bmp,TCS_17
C:\Users\501\Desktop\train_test\G4_109OK_test\KHS_7\109_KSH_7_597.bmp,TKN_3
C:\Users\501\Desktop\train_test\G4_109OK_test\KHS_7\109_KSH_7_598.bmp,TCS_17
C:\Users\501\Desktop\train_test\G4_109OK_test\KHS_7\109_KSH_7_599.bmp,TCS_17
C:\Users\501\Desktop\train_test\G4_109OK_test\KHS_7\109_KSH_7_6.bmp,TCS_17
C:\Users\501\Desktop\train_test\G4_109OK_test\KHS_7\109_KSH_7_60.bmp,KHS_7
C:\Users\501\Desktop\train_test\G4_109OK_test\KHS_7\109_KSH_7_600.bmp,TCS_17
C:\Users\501\Desktop\train_test\G4_109OK_test\KHS_7\109_KSH_7_601.bmp,TKN_3
C:\Users\501\Desktop\train_test\G4_109OK_test\KHS_7\109_KSH_7_602.bmp,TCS_17
C:\Users\501\Desktop\train_test\G4_109OK_test\KHS_7\109_KSH_7_603.bmp,KHS_7
C:\Users\501\Desktop\train_test\G4_109OK_test\KHS_7\109_KSH_7_604.bmp,TCS_17
C:\Users\501\Desktop\train_test\G4_109OK_test\KHS_7\109_KSH_7_605.bmp,KHS_7
C:\Users\501\Desktop\train_test\G4_109OK_test\KHS_7\109_KSH_7_606.bmp,KHS_7
C:\Users\501\Desktop\train_test\G4_109OK_test\KHS_7\109_KSH_7_607.bmp,KHS_7
C:\Users\501\Desktop\train_test\G4_109OK_test\KHS_7\109_KSH_7_608.bmp,KHS_7
C:\Users\501\Desktop\train_test\G4_109OK_test\KHS_7\109_KSH_7_609.bmp,KHS_7
C:\Users\501\Desktop\train_test\G4_109OK_test\KHS_7\109_KSH_7_61.bmp,KHS_7
C:\Users\501\Desktop\train_test\G4_109OK_test\KHS_7\109_KSH_7_610.bmp,TCS_17
C:\Users\501\Desktop\train_test\G4_109OK_test\KHS_7\109_KSH_7_611.bmp,TCS_17
C:\Users\501\Desktop\train_test\G4_109OK_test\KHS_7\109_KSH_7_612.bmp,TCS_17
C:\Users\501\Desktop\train_test\G4_109OK_test\KHS_7\109_KSH_7_613.bmp,KHS_7
C:\Users\501\Desktop\train_test\G4_109OK_test\KHS_7\109_KSH_7_614.bmp,TCS_17
C:\Users\501\Desktop\train_test\G4_109OK_test\KHS_7\109_KSH_7_615.bmp,TCS_17
C:\Users\501\Desktop\train_test\G4_109OK_test\KHS_7\109_KSH_7_616.bmp,TCS_17
C:\Users\501\Desktop\train_test\G4_109OK_test\KHS_7\109_KSH_7_617.bmp,TCS_17
C:\Users\501\Desktop\train_test\G4_109OK_test\KHS_7\109_KSH_7_618.bmp,TCS_17
C:\Users\501\Desktop\train_test\G4_109OK_test\KHS_7\109_KSH_7_619.bmp,KHS_7
C:\Users\501\Desktop\train_test\G4_109OK_test\KHS_7\109_KSH_7_62.bmp,TCS_17
C:\Users\501\Desktop\train_test\G4_109OK_test\KHS_7\109_KSH_7_620.bmp,TCS_17
C:\Users\501\Desktop\train_test\G4_109OK_test\KHS_7\109_KSH_7_621.bmp,TCS_17
C:\Users\501\Desktop\train_test\G4_109OK_test\KHS_7\109_KSH_7_622.bmp,KHS_7
C:\Users\501\Desktop\train_test\G4_109OK_test\KHS_7\109_KSH_7_623.bmp,KHS_7
C:\Users\501\Desktop\train_test\G4_109OK_test\KHS_7\109_KSH_7_624.bmp,TCS_17
C:\Users\501\Desktop\train_test\G4_109OK_test\KHS_7\109_KSH_7_625.bmp,TCS_17
C:\Users\501\Desktop\train_test\G4_109OK_test\KHS_7\109_KSH_7_626.bmp,TCS_17
C:\Users\501\Desktop\train_test\G4_109OK_test\KHS_7\109_KSH_7_627.bmp,TCS_17
C:\Users\501\Desktop\train_test\G4_109OK_test\KHS_7\109_KSH_7_628.bmp,TCS_17
C:\Users\501\Desktop\train_test\G4_109OK_test\KHS_7\109_KSH_7_629.bmp,KHS_7
C:\Users\501\Desktop\train_test\G4_109OK_test\KHS_7\109_KSH_7_63.bmp,TCS_17
C:\Users\501\Desktop\train_test\G4_109OK_test\KHS_7\109_KSH_7_630.bmp,TCS_17
C:\Users\501\Desktop\train_test\G4_109OK_test\KHS_7\109_KSH_7_631.bmp,TCS_17
C:\Users\501\Desktop\train_test\G4_109OK_test\KHS_7\109_KSH_7_632.bmp,TCS_17
C:\Users\501\Desktop\train_test\G4_109OK_test\KHS_7\109_KSH_7_633.bmp,TCS_17
C:\Users\501\Desktop\train_test\G4_109OK_test\KHS_7\109_KSH_7_634.bmp,KHS_7
C:\Users\501\Desktop\train_test\G4_109OK_test\KHS_7\109_KSH_7_635.bmp,TCS_17
C:\Users\501\Desktop\train_test\G4_109OK_test\KHS_7\109_KSH_7_636.bmp,TCS_17
C:\Users\501\Desktop\train_test\G4_109OK_test\KHS_7\109_KSH_7_637.bmp,KHS_7
C:\Users\501\Desktop\train_test\G4_109OK_test\KHS_7\109_KSH_7_638.bmp,TKN_3
C:\Users\501\Desktop\train_test\G4_109OK_test\KHS_7\109_KSH_7_639.bmp,TCS_17
C:\Users\501\Desktop\train_test\G4_109OK_test\KHS_7\109_KSH_7_64.bmp,TCSN_2
C:\Users\501\Desktop\train_test\G4_109OK_test\KHS_7\109_KSH_7_640.bmp,TCS_17
C:\Users\501\Desktop\train_test\G4_109OK_test\KHS_7\109_KSH_7_641.bmp,KHS_7
C:\Users\501\Desktop\train_test\G4_109OK_test\KHS_7\109_KSH_7_642.bmp,TCS_17
C:\Users\501\Desktop\train_test\G4_109OK_test\KHS_7\109_KSH_7_643.bmp,TCS_17
C:\Users\501\Desktop\train_test\G4_109OK_test\KHS_7\109_KSH_7_644.bmp,KHS_7
C:\Users\501\Desktop\train_test\G4_109OK_test\KHS_7\109_KSH_7_645.bmp,KHS_7
C:\Users\501\Desktop\train_test\G4_109OK_test\KHS_7\109_KSH_7_646.bmp,TCS_17
C:\Users\501\Desktop\train_test\G4_109OK_test\KHS_7\109_KSH_7_647.bmp,NG
C:\Users\501\Desktop\train_test\G4_109OK_test\KHS_7\109_KSH_7_648.bmp,TCS_17
C:\Users\501\Desktop\train_test\G4_109OK_test\KHS_7\109_KSH_7_649.bmp,KHS_7
C:\Users\501\Desktop\train_test\G4_109OK_test\KHS_7\109_KSH_7_65.bmp,TCS_17
C:\Users\501\Desktop\train_test\G4_109OK_test\KHS_7\109_KSH_7_650.bmp,TCS_17
C:\Users\501\Desktop\train_test\G4_109OK_test\KHS_7\109_KSH_7_651.bmp,KHS_7
C:\Users\501\Desktop\train_test\G4_109OK_test\KHS_7\109_KSH_7_652.bmp,No
C:\Users\501\Desktop\train_test\G4_109OK_test\KHS_7\109_KSH_7_653.bmp,TCS_17
C:\Users\501\Desktop\train_test\G4_109OK_test\KHS_7\109_KSH_7_654.bmp,TCS_17
C:\Users\501\Desktop\train_test\G4_109OK_test\KHS_7\109_KSH_7_655.bmp,KHS_7
C:\Users\501\Desktop\train_test\G4_109OK_test\KHS_7\109_KSH_7_656.bmp,TCS_17
C:\Users\501\Desktop\train_test\G4_109OK_test\KHS_7\109_KSH_7_657.bmp,TCS_17
C:\Users\501\Desktop\train_test\G4_109OK_test\KHS_7\109_KSH_7_658.bmp,TCS_17
C:\Users\501\Desktop\train_test\G4_109OK_test\KHS_7\109_KSH_7_659.bmp,KHS_7
C:\Users\501\Desktop\train_test\G4_109OK_test\KHS_7\109_KSH_7_66.bmp,TKN_3
C:\Users\501\Desktop\train_test\G4_109OK_test\KHS_7\109_KSH_7_660.bmp,TKN_3
C:\Users\501\Desktop\train_test\G4_109OK_test\KHS_7\109_KSH_7_661.bmp,KHS_7
C:\Users\501\Desktop\train_test\G4_109OK_test\KHS_7\109_KSH_7_662.bmp,KHS_7
C:\Users\501\Desktop\train_test\G4_109OK_test\KHS_7\109_KSH_7_663.bmp,TCS_17
C:\Users\501\Desktop\train_test\G4_109OK_test\KHS_7\109_KSH_7_664.bmp,KHS_7
C:\Users\501\Desktop\train_test\G4_109OK_test\KHS_7\109_KSH_7_665.bmp,TCS_17
C:\Users\501\Desktop\train_test\G4_109OK_test\KHS_7\109_KSH_7_666.bmp,TKN_3
C:\Users\501\Desktop\train_test\G4_109OK_test\KHS_7\109_KSH_7_667.bmp,TCS_17
C:\Users\501\Desktop\train_test\G4_109OK_test\KHS_7\109_KSH_7_668.bmp,TCS_17
C:\Users\501\Desktop\train_test\G4_109OK_test\KHS_7\109_KSH_7_669.bmp,KHS_7
C:\Users\501\Desktop\train_test\G4_109OK_test\KHS_7\109_KSH_7_67.bmp,TCS_17
C:\Users\501\Desktop\train_test\G4_109OK_test\KHS_7\109_KSH_7_670.bmp,TCS_17
C:\Users\501\Desktop\train_test\G4_109OK_test\KHS_7\109_KSH_7_671.bmp,KHS_7
C:\Users\501\Desktop\train_test\G4_109OK_test\KHS_7\109_KSH_7_672.bmp,KHS_7
C:\Users\501\Desktop\train_test\G4_109OK_test\KHS_7\109_KSH_7_673.bmp,KHS_7
C:\Users\501\Desktop\train_test\G4_109OK_test\KHS_7\109_KSH_7_674.bmp,KHS_7
C:\Users\501\Desktop\train_test\G4_109OK_test\KHS_7\109_KSH_7_675.bmp,KHS_7
C:\Users\501\Desktop\train_test\G4_109OK_test\KHS_7\109_KSH_7_676.bmp,KHS_7
C:\Users\501\Desktop\train_test\G4_109OK_test\KHS_7\109_KSH_7_677.bmp,KHS_7
C:\Users\501\Desktop\train_test\G4_109OK_test\KHS_7\109_KSH_7_678.bmp,TCSN_2
C:\Users\501\Desktop\train_test\G4_109OK_test\KHS_7\109_KSH_7_679.bmp,KHS_7
C:\Users\501\Desktop\train_test\G4_109OK_test\KHS_7\109_KSH_7_68.bmp,TCS_17
C:\Users\501\Desktop\train_test\G4_109OK_test\KHS_7\109_KSH_7_680.bmp,TCS_17
C:\Users\501\Desktop\train_test\G4_109OK_test\KHS_7\109_KSH_7_681.bmp,No
C:\Users\501\Desktop\train_test\G4_109OK_test\KHS_7\109_KSH_7_682.bmp,TKN_3
C:\Users\501\Desktop\train_test\G4_109OK_test\KHS_7\109_KSH_7_683.bmp,KHS_7
C:\Users\501\Desktop\train_test\G4_109OK_test\KHS_7\109_KSH_7_684.bmp,KHS_7
C:\Users\501\Desktop\train_test\G4_109OK_test\KHS_7\109_KSH_7_685.bmp,KHS_7
C:\Users\501\Desktop\train_test\G4_109OK_test\KHS_7\109_KSH_7_686.bmp,TCS_17
C:\Users\501\Desktop\train_test\G4_109OK_test\KHS_7\109_KSH_7_687.bmp,KHS_7
C:\Users\501\Desktop\train_test\G4_109OK_test\KHS_7\109_KSH_7_688.bmp,KHS_7
C:\Users\501\Desktop\train_test\G4_109OK_test\KHS_7\109_KSH_7_689.bmp,TCS_17
C:\Users\501\Desktop\train_test\G4_109OK_test\KHS_7\109_KSH_7_69.bmp,NG
C:\Users\501\Desktop\train_test\G4_109OK_test\KHS_7\109_KSH_7_690.bmp,TCS_17
C:\Users\501\Desktop\train_test\G4_109OK_test\KHS_7\109_KSH_7_691.bmp,KHS_7
C:\Users\501\Desktop\train_test\G4_109OK_test\KHS_7\109_KSH_7_692.bmp,TCS_17
C:\Users\501\Desktop\train_test\G4_109OK_test\KHS_7\109_KSH_7_693.bmp,TCS_17
C:\Users\501\Desktop\train_test\G4_109OK_test\KHS_7\109_KSH_7_694.bmp,TCS_17
C:\Users\501\Desktop\train_test\G4_109OK_test\KHS_7\109_KSH_7_695.bmp,KHS_7
C:\Users\501\Desktop\train_test\G4_109OK_test\KHS_7\109_KSH_7_696.bmp,NG
C:\Users\501\Desktop\train_test\G4_109OK_test\KHS_7\109_KSH_7_697.bmp,TCS_17
C:\Users\501\Desktop\train_test\G4_109OK_test\KHS_7\109_KSH_7_698.bmp,TCS_17
C:\Users\501\Desktop\train_test\G4_109OK_test\KHS_7\109_KSH_7_699.bmp,KHS_7
C:\Users\501\Desktop\train_test\G4_109OK_test\KHS_7\109_KSH_7_7.bmp,TCS_17
C:\Users\501\Desktop\train_test\G4_109OK_test\KHS_7\109_KSH_7_70.bmp,TCS_17
C:\Users\501\Desktop\train_test\G4_109OK_test\KHS_7\109_KSH_7_700.bmp,KHS_7
C:\Users\501\Desktop\train_test\G4_109OK_test\KHS_7\109_KSH_7_701.bmp,KHS_7
C:\Users\501\Desktop\train_test\G4_109OK_test\KHS_7\109_KSH_7_702.bmp,TCS_17
C:\Users\501\Desktop\train_test\G4_109OK_test\KHS_7\109_KSH_7_703.bmp,TCS_17
C:\Users\501\Desktop\train_test\G4_109OK_test\KHS_7\109_KSH_7_704.bmp,KHS_7
C:\Users\501\Desktop\train_test\G4_109OK_test\KHS_7\109_KSH_7_705.bmp,KHS_7
C:\Users\501\Desktop\train_test\G4_109OK_test\KHS_7\109_KSH_7_706.bmp,KHS_7
C:\Users\501\Desktop\train_test\G4_109OK_test\KHS_7\109_KSH_7_707.bmp,No
C:\Users\501\Desktop\train_test\G4_109OK_test\KHS_7\109_KSH_7_708.bmp,TCS_17
C:\Users\501\Desktop\train_test\G4_109OK_test\KHS_7\109_KSH_7_709.bmp,KHS_7
C:\Users\501\Desktop\train_test\G4_109OK_test\KHS_7\109_KSH_7_71.bmp,TKN_3
C:\Users\501\Desktop\train_test\G4_109OK_test\KHS_7\109_KSH_7_710.bmp,TCS_17
C:\Users\501\Desktop\train_test\G4_109OK_test\KHS_7\109_KSH_7_711.bmp,TCS_17
C:\Users\501\Desktop\train_test\G4_109OK_test\KHS_7\109_KSH_7_712.bmp,TCS_17
C:\Users\501\Desktop\train_test\G4_109OK_test\KHS_7\109_KSH_7_713.bmp,TCS_17
C:\Users\501\Desktop\train_test\G4_109OK_test\KHS_7\109_KSH_7_714.bmp,TCS_17
C:\Users\501\Desktop\train_test\G4_109OK_test\KHS_7\109_KSH_7_715.bmp,TCSN_2
C:\Users\501\Desktop\train_test\G4_109OK_test\KHS_7\109_KSH_7_716.bmp,NG
C:\Users\501\Desktop\train_test\G4_109OK_test\KHS_7\109_KSH_7_717.bmp,TCS_17
C:\Users\501\Desktop\train_test\G4_109OK_test\KHS_7\109_KSH_7_718.bmp,TCS_17
C:\Users\501\Desktop\train_test\G4_109OK_test\KHS_7\109_KSH_7_719.bmp,KHS_7
C:\Users\501\Desktop\train_test\G4_109OK_test\KHS_7\109_KSH_7_72.bmp,TCS_17
C:\Users\501\Desktop\train_test\G4_109OK_test\KHS_7\109_KSH_7_720.bmp,TCSN_2
C:\Users\501\Desktop\train_test\G4_109OK_test\KHS_7\109_KSH_7_721.bmp,TCSN_2
C:\Users\501\Desktop\train_test\G4_109OK_test\KHS_7\109_KSH_7_722.bmp,TCS_17
C:\Users\501\Desktop\train_test\G4_109OK_test\KHS_7\109_KSH_7_723.bmp,KHS_7
C:\Users\501\Desktop\train_test\G4_109OK_test\KHS_7\109_KSH_7_724.bmp,KHS_7
C:\Users\501\Desktop\train_test\G4_109OK_test\KHS_7\109_KSH_7_725.bmp,KHS_7
C:\Users\501\Desktop\train_test\G4_109OK_test\KHS_7\109_KSH_7_726.bmp,TCS_17
C:\Users\501\Desktop\train_test\G4_109OK_test\KHS_7\109_KSH_7_727.bmp,TCS_17
C:\Users\501\Desktop\train_test\G4_109OK_test\KHS_7\109_KSH_7_728.bmp,TCS_17
C:\Users\501\Desktop\train_test\G4_109OK_test\KHS_7\109_KSH_7_729.bmp,TCS_17
C:\Users\501\Desktop\train_test\G4_109OK_test\KHS_7\109_KSH_7_73.bmp,KHS_7
C:\Users\501\Desktop\train_test\G4_109OK_test\KHS_7\109_KSH_7_730.bmp,KHS_7
C:\Users\501\Desktop\train_test\G4_109OK_test\KHS_7\109_KSH_7_731.bmp,TCSN_2
C:\Users\501\Desktop\train_test\G4_109OK_test\KHS_7\109_KSH_7_732.bmp,TCSN_2
C:\Users\501\Desktop\train_test\G4_109OK_test\KHS_7\109_KSH_7_733.bmp,TCS_17
C:\Users\501\Desktop\train_test\G4_109OK_test\KHS_7\109_KSH_7_734.bmp,TCS_17
C:\Users\501\Desktop\train_test\G4_109OK_test\KHS_7\109_KSH_7_735.bmp,TCS_17
C:\Users\501\Desktop\train_test\G4_109OK_test\KHS_7\109_KSH_7_736.bmp,TCS_17
C:\Users\501\Desktop\train_test\G4_109OK_test\KHS_7\109_KSH_7_737.bmp,TCSN_2
C:\Users\501\Desktop\train_test\G4_109OK_test\KHS_7\109_KSH_7_738.bmp,TKN_3
C:\Users\501\Desktop\train_test\G4_109OK_test\KHS_7\109_KSH_7_739.bmp,KHS_7
C:\Users\501\Desktop\train_test\G4_109OK_test\KHS_7\109_KSH_7_74.bmp,KHS_7
C:\Users\501\Desktop\train_test\G4_109OK_test\KHS_7\109_KSH_7_740.bmp,TCS_17
C:\Users\501\Desktop\train_test\G4_109OK_test\KHS_7\109_KSH_7_741.bmp,NG
C:\Users\501\Desktop\train_test\G4_109OK_test\KHS_7\109_KSH_7_742.bmp,TKN_3
C:\Users\501\Desktop\train_test\G4_109OK_test\KHS_7\109_KSH_7_743.bmp,TCS_17
C:\Users\501\Desktop\train_test\G4_109OK_test\KHS_7\109_KSH_7_744.bmp,TCS_17
C:\Users\501\Desktop\train_test\G4_109OK_test\KHS_7\109_KSH_7_745.bmp,TCSN_2
C:\Users\501\Desktop\train_test\G4_109OK_test\KHS_7\109_KSH_7_746.bmp,TCS_17
C:\Users\501\Desktop\train_test\G4_109OK_test\KHS_7\109_KSH_7_747.bmp,TCSN_2
C:\Users\501\Desktop\train_test\G4_109OK_test\KHS_7\109_KSH_7_748.bmp,TCS_17
C:\Users\501\Desktop\train_test\G4_109OK_test\KHS_7\109_KSH_7_749.bmp,KHS_7
C:\Users\501\Desktop\train_test\G4_109OK_test\KHS_7\109_KSH_7_75.bmp,KHS_7
C:\Users\501\Desktop\train_test\G4_109OK_test\KHS_7\109_KSH_7_750.bmp,TCS_17
C:\Users\501\Desktop\train_test\G4_109OK_test\KHS_7\109_KSH_7_751.bmp,TCS_17
C:\Users\501\Desktop\train_test\G4_109OK_test\KHS_7\109_KSH_7_752.bmp,TKN_3
C:\Users\501\Desktop\train_test\G4_109OK_test\KHS_7\109_KSH_7_753.bmp,TKN_3
C:\Users\501\Desktop\train_test\G4_109OK_test\KHS_7\109_KSH_7_754.bmp,KHS_7
C:\Users\501\Desktop\train_test\G4_109OK_test\KHS_7\109_KSH_7_755.bmp,KHS_7
C:\Users\501\Desktop\train_test\G4_109OK_test\KHS_7\109_KSH_7_756.bmp,TCS_17
C:\Users\501\Desktop\train_test\G4_109OK_test\KHS_7\109_KSH_7_757.bmp,KHS_7
C:\Users\501\Desktop\train_test\G4_109OK_test\KHS_7\109_KSH_7_758.bmp,KHS_7
C:\Users\501\Desktop\train_test\G4_109OK_test\KHS_7\109_KSH_7_759.bmp,TCSN_2
C:\Users\501\Desktop\train_test\G4_109OK_test\KHS_7\109_KSH_7_76.bmp,NG
C:\Users\501\Desktop\train_test\G4_109OK_test\KHS_7\109_KSH_7_760.bmp,TCS_17
C:\Users\501\Desktop\train_test\G4_109OK_test\KHS_7\109_KSH_7_761.bmp,TCS_17
C:\Users\501\Desktop\train_test\G4_109OK_test\KHS_7\109_KSH_7_762.bmp,KHS_7
C:\Users\501\Desktop\train_test\G4_109OK_test\KHS_7\109_KSH_7_763.bmp,TCS_17
C:\Users\501\Desktop\train_test\G4_109OK_test\KHS_7\109_KSH_7_764.bmp,KHS_7
C:\Users\501\Desktop\train_test\G4_109OK_test\KHS_7\109_KSH_7_765.bmp,KHS_7
C:\Users\501\Desktop\train_test\G4_109OK_test\KHS_7\109_KSH_7_766.bmp,TCS_17
C:\Users\501\Desktop\train_test\G4_109OK_test\KHS_7\109_KSH_7_767.bmp,TCS_17
C:\Users\501\Desktop\train_test\G4_109OK_test\KHS_7\109_KSH_7_768.bmp,KHS_7
C:\Users\501\Desktop\train_test\G4_109OK_test\KHS_7\109_KSH_7_769.bmp,KHS_7
C:\Users\501\Desktop\train_test\G4_109OK_test\KHS_7\109_KSH_7_77.bmp,KHS_7
C:\Users\501\Desktop\train_test\G4_109OK_test\KHS_7\109_KSH_7_770.bmp,TCS_17
C:\Users\501\Desktop\train_test\G4_109OK_test\KHS_7\109_KSH_7_771.bmp,TKN_3
C:\Users\501\Desktop\train_test\G4_109OK_test\KHS_7\109_KSH_7_772.bmp,TCSN_2
C:\Users\501\Desktop\train_test\G4_109OK_test\KHS_7\109_KSH_7_773.bmp,TCS_17
C:\Users\501\Desktop\train_test\G4_109OK_test\KHS_7\109_KSH_7_774.bmp,TCSN_2
C:\Users\501\Desktop\train_test\G4_109OK_test\KHS_7\109_KSH_7_775.bmp,TCS_17
C:\Users\501\Desktop\train_test\G4_109OK_test\KHS_7\109_KSH_7_776.bmp,TCS_17
C:\Users\501\Desktop\train_test\G4_109OK_test\KHS_7\109_KSH_7_777.bmp,KHS_7
C:\Users\501\Desktop\train_test\G4_109OK_test\KHS_7\109_KSH_7_778.bmp,TCS_17
C:\Users\501\Desktop\train_test\G4_109OK_test\KHS_7\109_KSH_7_779.bmp,TKN_3
C:\Users\501\Desktop\train_test\G4_109OK_test\KHS_7\109_KSH_7_78.bmp,TCS_17
C:\Users\501\Desktop\train_test\G4_109OK_test\KHS_7\109_KSH_7_780.bmp,TCS_17
C:\Users\501\Desktop\train_test\G4_109OK_test\KHS_7\109_KSH_7_781.bmp,KHS_7
C:\Users\501\Desktop\train_test\G4_109OK_test\KHS_7\109_KSH_7_79.bmp,KHS_7
C:\Users\501\Desktop\train_test\G4_109OK_test\KHS_7\109_KSH_7_8.bmp,TCS_17
C:\Users\501\Desktop\train_test\G4_109OK_test\KHS_7\109_KSH_7_80.bmp,TCS_17
C:\Users\501\Desktop\train_test\G4_109OK_test\KHS_7\109_KSH_7_81.bmp,KHS_7
C:\Users\501\Desktop\train_test\G4_109OK_test\KHS_7\109_KSH_7_82.bmp,TCS_17
C:\Users\501\Desktop\train_test\G4_109OK_test\KHS_7\109_KSH_7_83.bmp,TKN_3
C:\Users\501\Desktop\train_test\G4_109OK_test\KHS_7\109_KSH_7_84.bmp,KHS_7
C:\Users\501\Desktop\train_test\G4_109OK_test\KHS_7\109_KSH_7_85.bmp,KHS_7
C:\Users\501\Desktop\train_test\G4_109OK_test\KHS_7\109_KSH_7_86.bmp,TCS_17
C:\Users\501\Desktop\train_test\G4_109OK_test\KHS_7\109_KSH_7_87.bmp,TCS_17
C:\Users\501\Desktop\train_test\G4_109OK_test\KHS_7\109_KSH_7_88.bmp,KHS_7
C:\Users\501\Desktop\train_test\G4_109OK_test\KHS_7\109_KSH_7_89.bmp,KHS_7
C:\Users\501\Desktop\train_test\G4_109OK_test\KHS_7\109_KSH_7_9.bmp,TCS_17
C:\Users\501\Desktop\train_test\G4_109OK_test\KHS_7\109_KSH_7_90.bmp,TCS_17
C:\Users\501\Desktop\train_test\G4_109OK_test\KHS_7\109_KSH_7_91.bmp,KHS_7
C:\Users\501\Desktop\train_test\G4_109OK_test\KHS_7\109_KSH_7_92.bmp,KHS_7
C:\Users\501\Desktop\train_test\G4_109OK_test\KHS_7\109_KSH_7_93.bmp,KHS_7
C:\Users\501\Desktop\train_test\G4_109OK_test\KHS_7\109_KSH_7_94.bmp,KHS_7
C:\Users\501\Desktop\train_test\G4_109OK_test\KHS_7\109_KSH_7_95.bmp,TCS_17
C:\Users\501\Desktop\train_test\G4_109OK_test\KHS_7\109_KSH_7_96.bmp,KHS_7
C:\Users\501\Desktop\train_test\G4_109OK_test\KHS_7\109_KSH_7_97.bmp,TKN_3
C:\Users\501\Desktop\train_test\G4_109OK_test\KHS_7\109_KSH_7_98.bmp,TCS_17
C:\Users\501\Desktop\train_test\G4_109OK_test\KHS_7\109_KSH_7_99.bmp,TCS_17


KHS_7,781,Accurate: 35.72343 %
KHS_7,TCSN_2,TCS_10,TCS_17,TKN_3,No
279,35,1,376,70,4
