C:\Users\501\Desktop\train_test\G4_teain_test\G4\NG\NG_1.bmp,NG
C:\Users\501\Desktop\train_test\G4_teain_test\G4\NG\NG_10.bmp,NG
C:\Users\501\Desktop\train_test\G4_teain_test\G4\NG\NG_100.bmp,NG
C:\Users\501\Desktop\train_test\G4_teain_test\G4\NG\NG_101.bmp,NG
C:\Users\501\Desktop\train_test\G4_teain_test\G4\NG\NG_102.bmp,NG
C:\Users\501\Desktop\train_test\G4_teain_test\G4\NG\NG_103.bmp,NG
C:\Users\501\Desktop\train_test\G4_teain_test\G4\NG\NG_104.bmp,NG
C:\Users\501\Desktop\train_test\G4_teain_test\G4\NG\NG_105.bmp,NG
C:\Users\501\Desktop\train_test\G4_teain_test\G4\NG\NG_106.bmp,NG
C:\Users\501\Desktop\train_test\G4_teain_test\G4\NG\NG_107.bmp,NG
C:\Users\501\Desktop\train_test\G4_teain_test\G4\NG\NG_108.bmp,NG
C:\Users\501\Desktop\train_test\G4_teain_test\G4\NG\NG_109.bmp,NG
C:\Users\501\Desktop\train_test\G4_teain_test\G4\NG\NG_11.bmp,KHS_7
C:\Users\501\Desktop\train_test\G4_teain_test\G4\NG\NG_110.bmp,NG
C:\Users\501\Desktop\train_test\G4_teain_test\G4\NG\NG_111.bmp,NG
C:\Users\501\Desktop\train_test\G4_teain_test\G4\NG\NG_112.bmp,NG
C:\Users\501\Desktop\train_test\G4_teain_test\G4\NG\NG_113.bmp,NG
C:\Users\501\Desktop\train_test\G4_teain_test\G4\NG\NG_114.bmp,NG
C:\Users\501\Desktop\train_test\G4_teain_test\G4\NG\NG_115.bmp,NG
C:\Users\501\Desktop\train_test\G4_teain_test\G4\NG\NG_116.bmp,NG
C:\Users\501\Desktop\train_test\G4_teain_test\G4\NG\NG_117.bmp,NG
C:\Users\501\Desktop\train_test\G4_teain_test\G4\NG\NG_118.bmp,NG
C:\Users\501\Desktop\train_test\G4_teain_test\G4\NG\NG_119.bmp,NG
C:\Users\501\Desktop\train_test\G4_teain_test\G4\NG\NG_12.bmp,NG
C:\Users\501\Desktop\train_test\G4_teain_test\G4\NG\NG_120.bmp,NG
C:\Users\501\Desktop\train_test\G4_teain_test\G4\NG\NG_121.bmp,NG
C:\Users\501\Desktop\train_test\G4_teain_test\G4\NG\NG_122.bmp,NG
C:\Users\501\Desktop\train_test\G4_teain_test\G4\NG\NG_123.bmp,NG
C:\Users\501\Desktop\train_test\G4_teain_test\G4\NG\NG_124.bmp,NG
C:\Users\501\Desktop\train_test\G4_teain_test\G4\NG\NG_125.bmp,NG
C:\Users\501\Desktop\train_test\G4_teain_test\G4\NG\NG_126.bmp,NG
C:\Users\501\Desktop\train_test\G4_teain_test\G4\NG\NG_127.bmp,NG
C:\Users\501\Desktop\train_test\G4_teain_test\G4\NG\NG_128.bmp,NG
C:\Users\501\Desktop\train_test\G4_teain_test\G4\NG\NG_129.bmp,NG
C:\Users\501\Desktop\train_test\G4_teain_test\G4\NG\NG_13.bmp,NG
C:\Users\501\Desktop\train_test\G4_teain_test\G4\NG\NG_130.bmp,NG
C:\Users\501\Desktop\train_test\G4_teain_test\G4\NG\NG_131.bmp,NG
C:\Users\501\Desktop\train_test\G4_teain_test\G4\NG\NG_132.bmp,NG
C:\Users\501\Desktop\train_test\G4_teain_test\G4\NG\NG_133.bmp,NG
C:\Users\501\Desktop\train_test\G4_teain_test\G4\NG\NG_134.bmp,NG
C:\Users\501\Desktop\train_test\G4_teain_test\G4\NG\NG_135.bmp,NG
C:\Users\501\Desktop\train_test\G4_teain_test\G4\NG\NG_136.bmp,NG
C:\Users\501\Desktop\train_test\G4_teain_test\G4\NG\NG_137.bmp,NG
C:\Users\501\Desktop\train_test\G4_teain_test\G4\NG\NG_138.bmp,NG
C:\Users\501\Desktop\train_test\G4_teain_test\G4\NG\NG_139.bmp,NG
C:\Users\501\Desktop\train_test\G4_teain_test\G4\NG\NG_14.bmp,NG
C:\Users\501\Desktop\train_test\G4_teain_test\G4\NG\NG_140.bmp,NG
C:\Users\501\Desktop\train_test\G4_teain_test\G4\NG\NG_141.bmp,NG
C:\Users\501\Desktop\train_test\G4_teain_test\G4\NG\NG_142.bmp,NG
C:\Users\501\Desktop\train_test\G4_teain_test\G4\NG\NG_143.bmp,TCS_10
C:\Users\501\Desktop\train_test\G4_teain_test\G4\NG\NG_144.bmp,NG
C:\Users\501\Desktop\train_test\G4_teain_test\G4\NG\NG_145.bmp,NG
C:\Users\501\Desktop\train_test\G4_teain_test\G4\NG\NG_146.bmp,NG
C:\Users\501\Desktop\train_test\G4_teain_test\G4\NG\NG_147.bmp,NG
C:\Users\501\Desktop\train_test\G4_teain_test\G4\NG\NG_148.bmp,NG
C:\Users\501\Desktop\train_test\G4_teain_test\G4\NG\NG_149.bmp,NG
C:\Users\501\Desktop\train_test\G4_teain_test\G4\NG\NG_15.bmp,NG
C:\Users\501\Desktop\train_test\G4_teain_test\G4\NG\NG_150.bmp,TCS_10
C:\Users\501\Desktop\train_test\G4_teain_test\G4\NG\NG_151.bmp,NG
C:\Users\501\Desktop\train_test\G4_teain_test\G4\NG\NG_152.bmp,NG
C:\Users\501\Desktop\train_test\G4_teain_test\G4\NG\NG_153.bmp,NG
C:\Users\501\Desktop\train_test\G4_teain_test\G4\NG\NG_154.bmp,NG
C:\Users\501\Desktop\train_test\G4_teain_test\G4\NG\NG_155.bmp,NG
C:\Users\501\Desktop\train_test\G4_teain_test\G4\NG\NG_156.bmp,NG
C:\Users\501\Desktop\train_test\G4_teain_test\G4\NG\NG_157.bmp,NG
C:\Users\501\Desktop\train_test\G4_teain_test\G4\NG\NG_158.bmp,NG
C:\Users\501\Desktop\train_test\G4_teain_test\G4\NG\NG_159.bmp,NG
C:\Users\501\Desktop\train_test\G4_teain_test\G4\NG\NG_16.bmp,NG
C:\Users\501\Desktop\train_test\G4_teain_test\G4\NG\NG_160.bmp,NG
C:\Users\501\Desktop\train_test\G4_teain_test\G4\NG\NG_161.bmp,NG
C:\Users\501\Desktop\train_test\G4_teain_test\G4\NG\NG_162.bmp,NG
C:\Users\501\Desktop\train_test\G4_teain_test\G4\NG\NG_163.bmp,NG
C:\Users\501\Desktop\train_test\G4_teain_test\G4\NG\NG_164.bmp,NG
C:\Users\501\Desktop\train_test\G4_teain_test\G4\NG\NG_165.bmp,NG
C:\Users\501\Desktop\train_test\G4_teain_test\G4\NG\NG_166.bmp,NG
C:\Users\501\Desktop\train_test\G4_teain_test\G4\NG\NG_167.bmp,NG
C:\Users\501\Desktop\train_test\G4_teain_test\G4\NG\NG_168.bmp,NG
C:\Users\501\Desktop\train_test\G4_teain_test\G4\NG\NG_169.bmp,NG
C:\Users\501\Desktop\train_test\G4_teain_test\G4\NG\NG_17.bmp,NG
C:\Users\501\Desktop\train_test\G4_teain_test\G4\NG\NG_170.bmp,NG
C:\Users\501\Desktop\train_test\G4_teain_test\G4\NG\NG_171.bmp,NG
C:\Users\501\Desktop\train_test\G4_teain_test\G4\NG\NG_172.bmp,NG
C:\Users\501\Desktop\train_test\G4_teain_test\G4\NG\NG_173.bmp,NG
C:\Users\501\Desktop\train_test\G4_teain_test\G4\NG\NG_174.bmp,NG
C:\Users\501\Desktop\train_test\G4_teain_test\G4\NG\NG_175.bmp,TKN_3
C:\Users\501\Desktop\train_test\G4_teain_test\G4\NG\NG_176.bmp,NG
C:\Users\501\Desktop\train_test\G4_teain_test\G4\NG\NG_177.bmp,NG
C:\Users\501\Desktop\train_test\G4_teain_test\G4\NG\NG_178.bmp,NG
C:\Users\501\Desktop\train_test\G4_teain_test\G4\NG\NG_179.bmp,KHS_7
C:\Users\501\Desktop\train_test\G4_teain_test\G4\NG\NG_18.bmp,NG
C:\Users\501\Desktop\train_test\G4_teain_test\G4\NG\NG_180.bmp,NG
C:\Users\501\Desktop\train_test\G4_teain_test\G4\NG\NG_181.bmp,NG
C:\Users\501\Desktop\train_test\G4_teain_test\G4\NG\NG_182.bmp,NG
C:\Users\501\Desktop\train_test\G4_teain_test\G4\NG\NG_183.bmp,NG
C:\Users\501\Desktop\train_test\G4_teain_test\G4\NG\NG_184.bmp,NG
C:\Users\501\Desktop\train_test\G4_teain_test\G4\NG\NG_185.bmp,NG
C:\Users\501\Desktop\train_test\G4_teain_test\G4\NG\NG_186.bmp,NG
C:\Users\501\Desktop\train_test\G4_teain_test\G4\NG\NG_187.bmp,TKN_3
C:\Users\501\Desktop\train_test\G4_teain_test\G4\NG\NG_188.bmp,NG
C:\Users\501\Desktop\train_test\G4_teain_test\G4\NG\NG_189.bmp,NG
C:\Users\501\Desktop\train_test\G4_teain_test\G4\NG\NG_19.bmp,NG
C:\Users\501\Desktop\train_test\G4_teain_test\G4\NG\NG_190.bmp,NG
C:\Users\501\Desktop\train_test\G4_teain_test\G4\NG\NG_191.bmp,NG
C:\Users\501\Desktop\train_test\G4_teain_test\G4\NG\NG_192.bmp,NG
C:\Users\501\Desktop\train_test\G4_teain_test\G4\NG\NG_193.bmp,TCSN_2
C:\Users\501\Desktop\train_test\G4_teain_test\G4\NG\NG_194.bmp,NG
C:\Users\501\Desktop\train_test\G4_teain_test\G4\NG\NG_195.bmp,NG
C:\Users\501\Desktop\train_test\G4_teain_test\G4\NG\NG_196.bmp,NG
C:\Users\501\Desktop\train_test\G4_teain_test\G4\NG\NG_197.bmp,NG
C:\Users\501\Desktop\train_test\G4_teain_test\G4\NG\NG_198.bmp,NG
C:\Users\501\Desktop\train_test\G4_teain_test\G4\NG\NG_199.bmp,NG
C:\Users\501\Desktop\train_test\G4_teain_test\G4\NG\NG_2.bmp,NG
C:\Users\501\Desktop\train_test\G4_teain_test\G4\NG\NG_20.bmp,NG
C:\Users\501\Desktop\train_test\G4_teain_test\G4\NG\NG_200.bmp,NG
C:\Users\501\Desktop\train_test\G4_teain_test\G4\NG\NG_201.bmp,NG
C:\Users\501\Desktop\train_test\G4_teain_test\G4\NG\NG_202.bmp,NG
C:\Users\501\Desktop\train_test\G4_teain_test\G4\NG\NG_203.bmp,NG
C:\Users\501\Desktop\train_test\G4_teain_test\G4\NG\NG_204.bmp,NG
C:\Users\501\Desktop\train_test\G4_teain_test\G4\NG\NG_205.bmp,NG
C:\Users\501\Desktop\train_test\G4_teain_test\G4\NG\NG_206.bmp,NG
C:\Users\501\Desktop\train_test\G4_teain_test\G4\NG\NG_207.bmp,NG
C:\Users\501\Desktop\train_test\G4_teain_test\G4\NG\NG_208.bmp,NG
C:\Users\501\Desktop\train_test\G4_teain_test\G4\NG\NG_209.bmp,NG
C:\Users\501\Desktop\train_test\G4_teain_test\G4\NG\NG_21.bmp,NG
C:\Users\501\Desktop\train_test\G4_teain_test\G4\NG\NG_210.bmp,NG
C:\Users\501\Desktop\train_test\G4_teain_test\G4\NG\NG_211.bmp,NG
C:\Users\501\Desktop\train_test\G4_teain_test\G4\NG\NG_212.bmp,NG
C:\Users\501\Desktop\train_test\G4_teain_test\G4\NG\NG_213.bmp,TCSN_2
C:\Users\501\Desktop\train_test\G4_teain_test\G4\NG\NG_214.bmp,NG
C:\Users\501\Desktop\train_test\G4_teain_test\G4\NG\NG_215.bmp,NG
C:\Users\501\Desktop\train_test\G4_teain_test\G4\NG\NG_216.bmp,TCS_17
C:\Users\501\Desktop\train_test\G4_teain_test\G4\NG\NG_217.bmp,NG
C:\Users\501\Desktop\train_test\G4_teain_test\G4\NG\NG_218.bmp,NG
C:\Users\501\Desktop\train_test\G4_teain_test\G4\NG\NG_219.bmp,TCS_10
C:\Users\501\Desktop\train_test\G4_teain_test\G4\NG\NG_22.bmp,NG
C:\Users\501\Desktop\train_test\G4_teain_test\G4\NG\NG_220.bmp,NG
C:\Users\501\Desktop\train_test\G4_teain_test\G4\NG\NG_221.bmp,NG
C:\Users\501\Desktop\train_test\G4_teain_test\G4\NG\NG_222.bmp,TCSN_2
C:\Users\501\Desktop\train_test\G4_teain_test\G4\NG\NG_223.bmp,NG
C:\Users\501\Desktop\train_test\G4_teain_test\G4\NG\NG_224.bmp,NG
C:\Users\501\Desktop\train_test\G4_teain_test\G4\NG\NG_225.bmp,TCS_10
C:\Users\501\Desktop\train_test\G4_teain_test\G4\NG\NG_226.bmp,NG
C:\Users\501\Desktop\train_test\G4_teain_test\G4\NG\NG_227.bmp,TCS_10
C:\Users\501\Desktop\train_test\G4_teain_test\G4\NG\NG_228.bmp,TCS_17
C:\Users\501\Desktop\train_test\G4_teain_test\G4\NG\NG_229.bmp,NG
C:\Users\501\Desktop\train_test\G4_teain_test\G4\NG\NG_23.bmp,NG
C:\Users\501\Desktop\train_test\G4_teain_test\G4\NG\NG_230.bmp,NG
C:\Users\501\Desktop\train_test\G4_teain_test\G4\NG\NG_231.bmp,NG
C:\Users\501\Desktop\train_test\G4_teain_test\G4\NG\NG_232.bmp,NG
C:\Users\501\Desktop\train_test\G4_teain_test\G4\NG\NG_233.bmp,KHS_7
C:\Users\501\Desktop\train_test\G4_teain_test\G4\NG\NG_234.bmp,NG
C:\Users\501\Desktop\train_test\G4_teain_test\G4\NG\NG_235.bmp,NG
C:\Users\501\Desktop\train_test\G4_teain_test\G4\NG\NG_236.bmp,NG
C:\Users\501\Desktop\train_test\G4_teain_test\G4\NG\NG_237.bmp,NG
C:\Users\501\Desktop\train_test\G4_teain_test\G4\NG\NG_238.bmp,NG
C:\Users\501\Desktop\train_test\G4_teain_test\G4\NG\NG_239.bmp,NG
C:\Users\501\Desktop\train_test\G4_teain_test\G4\NG\NG_24.bmp,NG
C:\Users\501\Desktop\train_test\G4_teain_test\G4\NG\NG_240.bmp,NG
C:\Users\501\Desktop\train_test\G4_teain_test\G4\NG\NG_241.bmp,NG
C:\Users\501\Desktop\train_test\G4_teain_test\G4\NG\NG_242.bmp,NG
C:\Users\501\Desktop\train_test\G4_teain_test\G4\NG\NG_243.bmp,NG
C:\Users\501\Desktop\train_test\G4_teain_test\G4\NG\NG_244.bmp,NG
C:\Users\501\Desktop\train_test\G4_teain_test\G4\NG\NG_245.bmp,TCS_10
C:\Users\501\Desktop\train_test\G4_teain_test\G4\NG\NG_246.bmp,NG
C:\Users\501\Desktop\train_test\G4_teain_test\G4\NG\NG_247.bmp,NG
C:\Users\501\Desktop\train_test\G4_teain_test\G4\NG\NG_248.bmp,TCSN_2
C:\Users\501\Desktop\train_test\G4_teain_test\G4\NG\NG_249.bmp,NG
C:\Users\501\Desktop\train_test\G4_teain_test\G4\NG\NG_25.bmp,NG
C:\Users\501\Desktop\train_test\G4_teain_test\G4\NG\NG_250.bmp,NG
C:\Users\501\Desktop\train_test\G4_teain_test\G4\NG\NG_251.bmp,NG
C:\Users\501\Desktop\train_test\G4_teain_test\G4\NG\NG_252.bmp,NG
C:\Users\501\Desktop\train_test\G4_teain_test\G4\NG\NG_253.bmp,NG
C:\Users\501\Desktop\train_test\G4_teain_test\G4\NG\NG_254.bmp,NG
C:\Users\501\Desktop\train_test\G4_teain_test\G4\NG\NG_255.bmp,NG
C:\Users\501\Desktop\train_test\G4_teain_test\G4\NG\NG_256.bmp,NG
C:\Users\501\Desktop\train_test\G4_teain_test\G4\NG\NG_257.bmp,NG
C:\Users\501\Desktop\train_test\G4_teain_test\G4\NG\NG_258.bmp,NG
C:\Users\501\Desktop\train_test\G4_teain_test\G4\NG\NG_259.bmp,NG
C:\Users\501\Desktop\train_test\G4_teain_test\G4\NG\NG_26.bmp,NG
C:\Users\501\Desktop\train_test\G4_teain_test\G4\NG\NG_260.bmp,NG
C:\Users\501\Desktop\train_test\G4_teain_test\G4\NG\NG_261.bmp,NG
C:\Users\501\Desktop\train_test\G4_teain_test\G4\NG\NG_262.bmp,NG
C:\Users\501\Desktop\train_test\G4_teain_test\G4\NG\NG_263.bmp,NG
C:\Users\501\Desktop\train_test\G4_teain_test\G4\NG\NG_264.bmp,NG
C:\Users\501\Desktop\train_test\G4_teain_test\G4\NG\NG_265.bmp,NG
C:\Users\501\Desktop\train_test\G4_teain_test\G4\NG\NG_266.bmp,NG
C:\Users\501\Desktop\train_test\G4_teain_test\G4\NG\NG_267.bmp,NG
C:\Users\501\Desktop\train_test\G4_teain_test\G4\NG\NG_268.bmp,NG
C:\Users\501\Desktop\train_test\G4_teain_test\G4\NG\NG_269.bmp,NG
C:\Users\501\Desktop\train_test\G4_teain_test\G4\NG\NG_27.bmp,NG
C:\Users\501\Desktop\train_test\G4_teain_test\G4\NG\NG_270.bmp,NG
C:\Users\501\Desktop\train_test\G4_teain_test\G4\NG\NG_271.bmp,NG
C:\Users\501\Desktop\train_test\G4_teain_test\G4\NG\NG_272.bmp,NG
C:\Users\501\Desktop\train_test\G4_teain_test\G4\NG\NG_273.bmp,NG
C:\Users\501\Desktop\train_test\G4_teain_test\G4\NG\NG_274.bmp,NG
C:\Users\501\Desktop\train_test\G4_teain_test\G4\NG\NG_275.bmp,NG
C:\Users\501\Desktop\train_test\G4_teain_test\G4\NG\NG_276.bmp,TCSN_2
C:\Users\501\Desktop\train_test\G4_teain_test\G4\NG\NG_277.bmp,NG
C:\Users\501\Desktop\train_test\G4_teain_test\G4\NG\NG_278.bmp,NG
C:\Users\501\Desktop\train_test\G4_teain_test\G4\NG\NG_279.bmp,NG
C:\Users\501\Desktop\train_test\G4_teain_test\G4\NG\NG_28.bmp,NG
C:\Users\501\Desktop\train_test\G4_teain_test\G4\NG\NG_280.bmp,NG
C:\Users\501\Desktop\train_test\G4_teain_test\G4\NG\NG_281.bmp,NG
C:\Users\501\Desktop\train_test\G4_teain_test\G4\NG\NG_282.bmp,NG
C:\Users\501\Desktop\train_test\G4_teain_test\G4\NG\NG_283.bmp,NG
C:\Users\501\Desktop\train_test\G4_teain_test\G4\NG\NG_284.bmp,TCSN_2
C:\Users\501\Desktop\train_test\G4_teain_test\G4\NG\NG_285.bmp,TCS_10
C:\Users\501\Desktop\train_test\G4_teain_test\G4\NG\NG_286.bmp,NG
C:\Users\501\Desktop\train_test\G4_teain_test\G4\NG\NG_287.bmp,NG
C:\Users\501\Desktop\train_test\G4_teain_test\G4\NG\NG_288.bmp,NG
C:\Users\501\Desktop\train_test\G4_teain_test\G4\NG\NG_289.bmp,NG
C:\Users\501\Desktop\train_test\G4_teain_test\G4\NG\NG_29.bmp,NG
C:\Users\501\Desktop\train_test\G4_teain_test\G4\NG\NG_290.bmp,NG
C:\Users\501\Desktop\train_test\G4_teain_test\G4\NG\NG_291.bmp,NG
C:\Users\501\Desktop\train_test\G4_teain_test\G4\NG\NG_292.bmp,NG
C:\Users\501\Desktop\train_test\G4_teain_test\G4\NG\NG_293.bmp,NG
C:\Users\501\Desktop\train_test\G4_teain_test\G4\NG\NG_294.bmp,NG
C:\Users\501\Desktop\train_test\G4_teain_test\G4\NG\NG_295.bmp,NG
C:\Users\501\Desktop\train_test\G4_teain_test\G4\NG\NG_296.bmp,NG
C:\Users\501\Desktop\train_test\G4_teain_test\G4\NG\NG_297.bmp,TCS_17
C:\Users\501\Desktop\train_test\G4_teain_test\G4\NG\NG_298.bmp,NG
C:\Users\501\Desktop\train_test\G4_teain_test\G4\NG\NG_299.bmp,NG
C:\Users\501\Desktop\train_test\G4_teain_test\G4\NG\NG_3.bmp,NG
C:\Users\501\Desktop\train_test\G4_teain_test\G4\NG\NG_30.bmp,NG
C:\Users\501\Desktop\train_test\G4_teain_test\G4\NG\NG_300.bmp,NG
C:\Users\501\Desktop\train_test\G4_teain_test\G4\NG\NG_301.bmp,NG
C:\Users\501\Desktop\train_test\G4_teain_test\G4\NG\NG_302.bmp,NG
C:\Users\501\Desktop\train_test\G4_teain_test\G4\NG\NG_303.bmp,NG
C:\Users\501\Desktop\train_test\G4_teain_test\G4\NG\NG_304.bmp,NG
C:\Users\501\Desktop\train_test\G4_teain_test\G4\NG\NG_305.bmp,NG
C:\Users\501\Desktop\train_test\G4_teain_test\G4\NG\NG_306.bmp,NG
C:\Users\501\Desktop\train_test\G4_teain_test\G4\NG\NG_307.bmp,NG
C:\Users\501\Desktop\train_test\G4_teain_test\G4\NG\NG_308.bmp,NG
C:\Users\501\Desktop\train_test\G4_teain_test\G4\NG\NG_309.bmp,NG
C:\Users\501\Desktop\train_test\G4_teain_test\G4\NG\NG_31.bmp,NG
C:\Users\501\Desktop\train_test\G4_teain_test\G4\NG\NG_310.bmp,NG
C:\Users\501\Desktop\train_test\G4_teain_test\G4\NG\NG_311.bmp,TCS_17
C:\Users\501\Desktop\train_test\G4_teain_test\G4\NG\NG_312.bmp,NG
C:\Users\501\Desktop\train_test\G4_teain_test\G4\NG\NG_313.bmp,NG
C:\Users\501\Desktop\train_test\G4_teain_test\G4\NG\NG_314.bmp,NG
C:\Users\501\Desktop\train_test\G4_teain_test\G4\NG\NG_315.bmp,NG
C:\Users\501\Desktop\train_test\G4_teain_test\G4\NG\NG_316.bmp,NG
C:\Users\501\Desktop\train_test\G4_teain_test\G4\NG\NG_317.bmp,NG
C:\Users\501\Desktop\train_test\G4_teain_test\G4\NG\NG_318.bmp,TCSN_2
C:\Users\501\Desktop\train_test\G4_teain_test\G4\NG\NG_319.bmp,NG
C:\Users\501\Desktop\train_test\G4_teain_test\G4\NG\NG_32.bmp,NG
C:\Users\501\Desktop\train_test\G4_teain_test\G4\NG\NG_320.bmp,TCS_10
C:\Users\501\Desktop\train_test\G4_teain_test\G4\NG\NG_321.bmp,NG
C:\Users\501\Desktop\train_test\G4_teain_test\G4\NG\NG_322.bmp,NG
C:\Users\501\Desktop\train_test\G4_teain_test\G4\NG\NG_323.bmp,NG
C:\Users\501\Desktop\train_test\G4_teain_test\G4\NG\NG_324.bmp,NG
C:\Users\501\Desktop\train_test\G4_teain_test\G4\NG\NG_325.bmp,NG
C:\Users\501\Desktop\train_test\G4_teain_test\G4\NG\NG_326.bmp,NG
C:\Users\501\Desktop\train_test\G4_teain_test\G4\NG\NG_327.bmp,NG
C:\Users\501\Desktop\train_test\G4_teain_test\G4\NG\NG_328.bmp,NG
C:\Users\501\Desktop\train_test\G4_teain_test\G4\NG\NG_329.bmp,TCS_10
C:\Users\501\Desktop\train_test\G4_teain_test\G4\NG\NG_33.bmp,NG
C:\Users\501\Desktop\train_test\G4_teain_test\G4\NG\NG_330.bmp,NG
C:\Users\501\Desktop\train_test\G4_teain_test\G4\NG\NG_331.bmp,TCS_10
C:\Users\501\Desktop\train_test\G4_teain_test\G4\NG\NG_332.bmp,NG
C:\Users\501\Desktop\train_test\G4_teain_test\G4\NG\NG_333.bmp,NG
C:\Users\501\Desktop\train_test\G4_teain_test\G4\NG\NG_334.bmp,TCSN_2
C:\Users\501\Desktop\train_test\G4_teain_test\G4\NG\NG_335.bmp,TCS_10
C:\Users\501\Desktop\train_test\G4_teain_test\G4\NG\NG_336.bmp,NG
C:\Users\501\Desktop\train_test\G4_teain_test\G4\NG\NG_337.bmp,NG
C:\Users\501\Desktop\train_test\G4_teain_test\G4\NG\NG_338.bmp,NG
C:\Users\501\Desktop\train_test\G4_teain_test\G4\NG\NG_339.bmp,NG
C:\Users\501\Desktop\train_test\G4_teain_test\G4\NG\NG_34.bmp,NG
C:\Users\501\Desktop\train_test\G4_teain_test\G4\NG\NG_340.bmp,NG
C:\Users\501\Desktop\train_test\G4_teain_test\G4\NG\NG_341.bmp,NG
C:\Users\501\Desktop\train_test\G4_teain_test\G4\NG\NG_342.bmp,TCS_10
C:\Users\501\Desktop\train_test\G4_teain_test\G4\NG\NG_343.bmp,NG
C:\Users\501\Desktop\train_test\G4_teain_test\G4\NG\NG_344.bmp,NG
C:\Users\501\Desktop\train_test\G4_teain_test\G4\NG\NG_345.bmp,NG
C:\Users\501\Desktop\train_test\G4_teain_test\G4\NG\NG_346.bmp,NG
C:\Users\501\Desktop\train_test\G4_teain_test\G4\NG\NG_347.bmp,NG
C:\Users\501\Desktop\train_test\G4_teain_test\G4\NG\NG_348.bmp,NG
C:\Users\501\Desktop\train_test\G4_teain_test\G4\NG\NG_349.bmp,NG
C:\Users\501\Desktop\train_test\G4_teain_test\G4\NG\NG_35.bmp,TCS_17
C:\Users\501\Desktop\train_test\G4_teain_test\G4\NG\NG_350.bmp,TCS_10
C:\Users\501\Desktop\train_test\G4_teain_test\G4\NG\NG_351.bmp,TCS_10
C:\Users\501\Desktop\train_test\G4_teain_test\G4\NG\NG_352.bmp,NG
C:\Users\501\Desktop\train_test\G4_teain_test\G4\NG\NG_353.bmp,NG
C:\Users\501\Desktop\train_test\G4_teain_test\G4\NG\NG_354.bmp,NG
C:\Users\501\Desktop\train_test\G4_teain_test\G4\NG\NG_355.bmp,TCSN_2
C:\Users\501\Desktop\train_test\G4_teain_test\G4\NG\NG_356.bmp,NG
C:\Users\501\Desktop\train_test\G4_teain_test\G4\NG\NG_357.bmp,NG
C:\Users\501\Desktop\train_test\G4_teain_test\G4\NG\NG_358.bmp,NG
C:\Users\501\Desktop\train_test\G4_teain_test\G4\NG\NG_359.bmp,TCSN_2
C:\Users\501\Desktop\train_test\G4_teain_test\G4\NG\NG_36.bmp,NG
C:\Users\501\Desktop\train_test\G4_teain_test\G4\NG\NG_360.bmp,NG
C:\Users\501\Desktop\train_test\G4_teain_test\G4\NG\NG_361.bmp,NG
C:\Users\501\Desktop\train_test\G4_teain_test\G4\NG\NG_362.bmp,NG
C:\Users\501\Desktop\train_test\G4_teain_test\G4\NG\NG_363.bmp,TCS_17
C:\Users\501\Desktop\train_test\G4_teain_test\G4\NG\NG_364.bmp,TCSN_2
C:\Users\501\Desktop\train_test\G4_teain_test\G4\NG\NG_365.bmp,NG
C:\Users\501\Desktop\train_test\G4_teain_test\G4\NG\NG_366.bmp,NG
C:\Users\501\Desktop\train_test\G4_teain_test\G4\NG\NG_367.bmp,NG
C:\Users\501\Desktop\train_test\G4_teain_test\G4\NG\NG_368.bmp,TCS_10
C:\Users\501\Desktop\train_test\G4_teain_test\G4\NG\NG_369.bmp,NG
C:\Users\501\Desktop\train_test\G4_teain_test\G4\NG\NG_37.bmp,NG
C:\Users\501\Desktop\train_test\G4_teain_test\G4\NG\NG_370.bmp,TCS_10
C:\Users\501\Desktop\train_test\G4_teain_test\G4\NG\NG_371.bmp,NG
C:\Users\501\Desktop\train_test\G4_teain_test\G4\NG\NG_372.bmp,TCS_10
C:\Users\501\Desktop\train_test\G4_teain_test\G4\NG\NG_373.bmp,NG
C:\Users\501\Desktop\train_test\G4_teain_test\G4\NG\NG_374.bmp,NG
C:\Users\501\Desktop\train_test\G4_teain_test\G4\NG\NG_375.bmp,NG
C:\Users\501\Desktop\train_test\G4_teain_test\G4\NG\NG_376.bmp,NG
C:\Users\501\Desktop\train_test\G4_teain_test\G4\NG\NG_377.bmp,NG
C:\Users\501\Desktop\train_test\G4_teain_test\G4\NG\NG_378.bmp,TCS_10
C:\Users\501\Desktop\train_test\G4_teain_test\G4\NG\NG_379.bmp,NG
C:\Users\501\Desktop\train_test\G4_teain_test\G4\NG\NG_38.bmp,NG
C:\Users\501\Desktop\train_test\G4_teain_test\G4\NG\NG_380.bmp,TCSN_2
C:\Users\501\Desktop\train_test\G4_teain_test\G4\NG\NG_381.bmp,KHS_7
C:\Users\501\Desktop\train_test\G4_teain_test\G4\NG\NG_382.bmp,TCS_17
C:\Users\501\Desktop\train_test\G4_teain_test\G4\NG\NG_383.bmp,NG
C:\Users\501\Desktop\train_test\G4_teain_test\G4\NG\NG_384.bmp,NG
C:\Users\501\Desktop\train_test\G4_teain_test\G4\NG\NG_385.bmp,NG
C:\Users\501\Desktop\train_test\G4_teain_test\G4\NG\NG_386.bmp,NG
C:\Users\501\Desktop\train_test\G4_teain_test\G4\NG\NG_387.bmp,NG
C:\Users\501\Desktop\train_test\G4_teain_test\G4\NG\NG_388.bmp,NG
C:\Users\501\Desktop\train_test\G4_teain_test\G4\NG\NG_389.bmp,TCS_17
C:\Users\501\Desktop\train_test\G4_teain_test\G4\NG\NG_39.bmp,NG
C:\Users\501\Desktop\train_test\G4_teain_test\G4\NG\NG_390.bmp,NG
C:\Users\501\Desktop\train_test\G4_teain_test\G4\NG\NG_391.bmp,NG
C:\Users\501\Desktop\train_test\G4_teain_test\G4\NG\NG_392.bmp,NG
C:\Users\501\Desktop\train_test\G4_teain_test\G4\NG\NG_393.bmp,NG
C:\Users\501\Desktop\train_test\G4_teain_test\G4\NG\NG_394.bmp,NG
C:\Users\501\Desktop\train_test\G4_teain_test\G4\NG\NG_395.bmp,TCS_17
C:\Users\501\Desktop\train_test\G4_teain_test\G4\NG\NG_396.bmp,TCS_17
C:\Users\501\Desktop\train_test\G4_teain_test\G4\NG\NG_397.bmp,NG
C:\Users\501\Desktop\train_test\G4_teain_test\G4\NG\NG_398.bmp,NG
C:\Users\501\Desktop\train_test\G4_teain_test\G4\NG\NG_399.bmp,NG
C:\Users\501\Desktop\train_test\G4_teain_test\G4\NG\NG_4.bmp,NG
C:\Users\501\Desktop\train_test\G4_teain_test\G4\NG\NG_40.bmp,TKN_3
C:\Users\501\Desktop\train_test\G4_teain_test\G4\NG\NG_400.bmp,NG
C:\Users\501\Desktop\train_test\G4_teain_test\G4\NG\NG_401.bmp,NG
C:\Users\501\Desktop\train_test\G4_teain_test\G4\NG\NG_402.bmp,TKN_3
C:\Users\501\Desktop\train_test\G4_teain_test\G4\NG\NG_403.bmp,NG
C:\Users\501\Desktop\train_test\G4_teain_test\G4\NG\NG_404.bmp,NG
C:\Users\501\Desktop\train_test\G4_teain_test\G4\NG\NG_405.bmp,NG
C:\Users\501\Desktop\train_test\G4_teain_test\G4\NG\NG_406.bmp,KHS_7
C:\Users\501\Desktop\train_test\G4_teain_test\G4\NG\NG_407.bmp,No
C:\Users\501\Desktop\train_test\G4_teain_test\G4\NG\NG_408.bmp,NG
C:\Users\501\Desktop\train_test\G4_teain_test\G4\NG\NG_409.bmp,NG
C:\Users\501\Desktop\train_test\G4_teain_test\G4\NG\NG_41.bmp,NG
C:\Users\501\Desktop\train_test\G4_teain_test\G4\NG\NG_410.bmp,NG
C:\Users\501\Desktop\train_test\G4_teain_test\G4\NG\NG_411.bmp,NG
C:\Users\501\Desktop\train_test\G4_teain_test\G4\NG\NG_412.bmp,NG
C:\Users\501\Desktop\train_test\G4_teain_test\G4\NG\NG_413.bmp,KHS_7
C:\Users\501\Desktop\train_test\G4_teain_test\G4\NG\NG_414.bmp,TKN_3
C:\Users\501\Desktop\train_test\G4_teain_test\G4\NG\NG_415.bmp,TCS_17
C:\Users\501\Desktop\train_test\G4_teain_test\G4\NG\NG_416.bmp,NG
C:\Users\501\Desktop\train_test\G4_teain_test\G4\NG\NG_417.bmp,TCS_17
C:\Users\501\Desktop\train_test\G4_teain_test\G4\NG\NG_418.bmp,NG
C:\Users\501\Desktop\train_test\G4_teain_test\G4\NG\NG_419.bmp,TKN_3
C:\Users\501\Desktop\train_test\G4_teain_test\G4\NG\NG_42.bmp,NG
C:\Users\501\Desktop\train_test\G4_teain_test\G4\NG\NG_420.bmp,NG
C:\Users\501\Desktop\train_test\G4_teain_test\G4\NG\NG_421.bmp,NG
C:\Users\501\Desktop\train_test\G4_teain_test\G4\NG\NG_422.bmp,NG
C:\Users\501\Desktop\train_test\G4_teain_test\G4\NG\NG_423.bmp,NG
C:\Users\501\Desktop\train_test\G4_teain_test\G4\NG\NG_424.bmp,NG
C:\Users\501\Desktop\train_test\G4_teain_test\G4\NG\NG_425.bmp,NG
C:\Users\501\Desktop\train_test\G4_teain_test\G4\NG\NG_426.bmp,NG
C:\Users\501\Desktop\train_test\G4_teain_test\G4\NG\NG_427.bmp,NG
C:\Users\501\Desktop\train_test\G4_teain_test\G4\NG\NG_428.bmp,NG
C:\Users\501\Desktop\train_test\G4_teain_test\G4\NG\NG_429.bmp,NG
C:\Users\501\Desktop\train_test\G4_teain_test\G4\NG\NG_43.bmp,TCS_17
C:\Users\501\Desktop\train_test\G4_teain_test\G4\NG\NG_430.bmp,NG
C:\Users\501\Desktop\train_test\G4_teain_test\G4\NG\NG_431.bmp,NG
C:\Users\501\Desktop\train_test\G4_teain_test\G4\NG\NG_432.bmp,NG
C:\Users\501\Desktop\train_test\G4_teain_test\G4\NG\NG_433.bmp,NG
C:\Users\501\Desktop\train_test\G4_teain_test\G4\NG\NG_434.bmp,NG
C:\Users\501\Desktop\train_test\G4_teain_test\G4\NG\NG_435.bmp,NG
C:\Users\501\Desktop\train_test\G4_teain_test\G4\NG\NG_436.bmp,NG
C:\Users\501\Desktop\train_test\G4_teain_test\G4\NG\NG_437.bmp,NG
C:\Users\501\Desktop\train_test\G4_teain_test\G4\NG\NG_438.bmp,TCSN_2
C:\Users\501\Desktop\train_test\G4_teain_test\G4\NG\NG_439.bmp,NG
C:\Users\501\Desktop\train_test\G4_teain_test\G4\NG\NG_44.bmp,NG
C:\Users\501\Desktop\train_test\G4_teain_test\G4\NG\NG_440.bmp,NG
C:\Users\501\Desktop\train_test\G4_teain_test\G4\NG\NG_441.bmp,NG
C:\Users\501\Desktop\train_test\G4_teain_test\G4\NG\NG_442.bmp,NG
C:\Users\501\Desktop\train_test\G4_teain_test\G4\NG\NG_443.bmp,NG
C:\Users\501\Desktop\train_test\G4_teain_test\G4\NG\NG_444.bmp,NG
C:\Users\501\Desktop\train_test\G4_teain_test\G4\NG\NG_445.bmp,NG
C:\Users\501\Desktop\train_test\G4_teain_test\G4\NG\NG_446.bmp,TCSN_2
C:\Users\501\Desktop\train_test\G4_teain_test\G4\NG\NG_447.bmp,NG
C:\Users\501\Desktop\train_test\G4_teain_test\G4\NG\NG_448.bmp,NG
C:\Users\501\Desktop\train_test\G4_teain_test\G4\NG\NG_449.bmp,NG
C:\Users\501\Desktop\train_test\G4_teain_test\G4\NG\NG_45.bmp,NG
C:\Users\501\Desktop\train_test\G4_teain_test\G4\NG\NG_450.bmp,NG
C:\Users\501\Desktop\train_test\G4_teain_test\G4\NG\NG_451.bmp,NG
C:\Users\501\Desktop\train_test\G4_teain_test\G4\NG\NG_452.bmp,NG
C:\Users\501\Desktop\train_test\G4_teain_test\G4\NG\NG_453.bmp,TKN_3
C:\Users\501\Desktop\train_test\G4_teain_test\G4\NG\NG_454.bmp,NG
C:\Users\501\Desktop\train_test\G4_teain_test\G4\NG\NG_455.bmp,NG
C:\Users\501\Desktop\train_test\G4_teain_test\G4\NG\NG_456.bmp,NG
C:\Users\501\Desktop\train_test\G4_teain_test\G4\NG\NG_457.bmp,NG
C:\Users\501\Desktop\train_test\G4_teain_test\G4\NG\NG_458.bmp,TCS_17
C:\Users\501\Desktop\train_test\G4_teain_test\G4\NG\NG_459.bmp,NG
C:\Users\501\Desktop\train_test\G4_teain_test\G4\NG\NG_46.bmp,NG
C:\Users\501\Desktop\train_test\G4_teain_test\G4\NG\NG_460.bmp,NG
C:\Users\501\Desktop\train_test\G4_teain_test\G4\NG\NG_461.bmp,TKN_3
C:\Users\501\Desktop\train_test\G4_teain_test\G4\NG\NG_462.bmp,KHS_7
C:\Users\501\Desktop\train_test\G4_teain_test\G4\NG\NG_463.bmp,TCS_10
C:\Users\501\Desktop\train_test\G4_teain_test\G4\NG\NG_464.bmp,NG
C:\Users\501\Desktop\train_test\G4_teain_test\G4\NG\NG_465.bmp,NG
C:\Users\501\Desktop\train_test\G4_teain_test\G4\NG\NG_466.bmp,NG
C:\Users\501\Desktop\train_test\G4_teain_test\G4\NG\NG_467.bmp,NG
C:\Users\501\Desktop\train_test\G4_teain_test\G4\NG\NG_468.bmp,NG
C:\Users\501\Desktop\train_test\G4_teain_test\G4\NG\NG_469.bmp,TCS_10
C:\Users\501\Desktop\train_test\G4_teain_test\G4\NG\NG_47.bmp,NG
C:\Users\501\Desktop\train_test\G4_teain_test\G4\NG\NG_470.bmp,NG
C:\Users\501\Desktop\train_test\G4_teain_test\G4\NG\NG_471.bmp,NG
C:\Users\501\Desktop\train_test\G4_teain_test\G4\NG\NG_472.bmp,NG
C:\Users\501\Desktop\train_test\G4_teain_test\G4\NG\NG_473.bmp,TCSN_2
C:\Users\501\Desktop\train_test\G4_teain_test\G4\NG\NG_474.bmp,TCS_10
C:\Users\501\Desktop\train_test\G4_teain_test\G4\NG\NG_475.bmp,NG
C:\Users\501\Desktop\train_test\G4_teain_test\G4\NG\NG_476.bmp,NG
C:\Users\501\Desktop\train_test\G4_teain_test\G4\NG\NG_477.bmp,NG
C:\Users\501\Desktop\train_test\G4_teain_test\G4\NG\NG_478.bmp,TCSN_2
C:\Users\501\Desktop\train_test\G4_teain_test\G4\NG\NG_479.bmp,NG
C:\Users\501\Desktop\train_test\G4_teain_test\G4\NG\NG_48.bmp,NG
C:\Users\501\Desktop\train_test\G4_teain_test\G4\NG\NG_480.bmp,NG
C:\Users\501\Desktop\train_test\G4_teain_test\G4\NG\NG_481.bmp,NG
C:\Users\501\Desktop\train_test\G4_teain_test\G4\NG\NG_482.bmp,NG
C:\Users\501\Desktop\train_test\G4_teain_test\G4\NG\NG_483.bmp,NG
C:\Users\501\Desktop\train_test\G4_teain_test\G4\NG\NG_484.bmp,NG
C:\Users\501\Desktop\train_test\G4_teain_test\G4\NG\NG_485.bmp,NG
C:\Users\501\Desktop\train_test\G4_teain_test\G4\NG\NG_486.bmp,NG
C:\Users\501\Desktop\train_test\G4_teain_test\G4\NG\NG_487.bmp,NG
C:\Users\501\Desktop\train_test\G4_teain_test\G4\NG\NG_488.bmp,NG
C:\Users\501\Desktop\train_test\G4_teain_test\G4\NG\NG_489.bmp,NG
C:\Users\501\Desktop\train_test\G4_teain_test\G4\NG\NG_49.bmp,NG
C:\Users\501\Desktop\train_test\G4_teain_test\G4\NG\NG_490.bmp,NG
C:\Users\501\Desktop\train_test\G4_teain_test\G4\NG\NG_491.bmp,NG
C:\Users\501\Desktop\train_test\G4_teain_test\G4\NG\NG_492.bmp,NG
C:\Users\501\Desktop\train_test\G4_teain_test\G4\NG\NG_493.bmp,TCSN_2
C:\Users\501\Desktop\train_test\G4_teain_test\G4\NG\NG_494.bmp,NG
C:\Users\501\Desktop\train_test\G4_teain_test\G4\NG\NG_495.bmp,NG
C:\Users\501\Desktop\train_test\G4_teain_test\G4\NG\NG_496.bmp,NG
C:\Users\501\Desktop\train_test\G4_teain_test\G4\NG\NG_497.bmp,NG
C:\Users\501\Desktop\train_test\G4_teain_test\G4\NG\NG_498.bmp,NG
C:\Users\501\Desktop\train_test\G4_teain_test\G4\NG\NG_499.bmp,TCSN_2
C:\Users\501\Desktop\train_test\G4_teain_test\G4\NG\NG_5.bmp,NG
C:\Users\501\Desktop\train_test\G4_teain_test\G4\NG\NG_50.bmp,NG
C:\Users\501\Desktop\train_test\G4_teain_test\G4\NG\NG_500.bmp,NG
C:\Users\501\Desktop\train_test\G4_teain_test\G4\NG\NG_501.bmp,NG
C:\Users\501\Desktop\train_test\G4_teain_test\G4\NG\NG_502.bmp,NG
C:\Users\501\Desktop\train_test\G4_teain_test\G4\NG\NG_503.bmp,NG
C:\Users\501\Desktop\train_test\G4_teain_test\G4\NG\NG_504.bmp,NG
C:\Users\501\Desktop\train_test\G4_teain_test\G4\NG\NG_505.bmp,NG
C:\Users\501\Desktop\train_test\G4_teain_test\G4\NG\NG_506.bmp,NG
C:\Users\501\Desktop\train_test\G4_teain_test\G4\NG\NG_507.bmp,NG
C:\Users\501\Desktop\train_test\G4_teain_test\G4\NG\NG_508.bmp,NG
C:\Users\501\Desktop\train_test\G4_teain_test\G4\NG\NG_509.bmp,NG
C:\Users\501\Desktop\train_test\G4_teain_test\G4\NG\NG_51.bmp,NG
C:\Users\501\Desktop\train_test\G4_teain_test\G4\NG\NG_510.bmp,NG
C:\Users\501\Desktop\train_test\G4_teain_test\G4\NG\NG_511.bmp,NG
C:\Users\501\Desktop\train_test\G4_teain_test\G4\NG\NG_512.bmp,NG
C:\Users\501\Desktop\train_test\G4_teain_test\G4\NG\NG_513.bmp,NG
C:\Users\501\Desktop\train_test\G4_teain_test\G4\NG\NG_514.bmp,NG
C:\Users\501\Desktop\train_test\G4_teain_test\G4\NG\NG_515.bmp,NG
C:\Users\501\Desktop\train_test\G4_teain_test\G4\NG\NG_516.bmp,NG
C:\Users\501\Desktop\train_test\G4_teain_test\G4\NG\NG_517.bmp,NG
C:\Users\501\Desktop\train_test\G4_teain_test\G4\NG\NG_518.bmp,NG
C:\Users\501\Desktop\train_test\G4_teain_test\G4\NG\NG_519.bmp,NG
C:\Users\501\Desktop\train_test\G4_teain_test\G4\NG\NG_52.bmp,NG
C:\Users\501\Desktop\train_test\G4_teain_test\G4\NG\NG_520.bmp,NG
C:\Users\501\Desktop\train_test\G4_teain_test\G4\NG\NG_521.bmp,NG
C:\Users\501\Desktop\train_test\G4_teain_test\G4\NG\NG_522.bmp,NG
C:\Users\501\Desktop\train_test\G4_teain_test\G4\NG\NG_523.bmp,TCS_10
C:\Users\501\Desktop\train_test\G4_teain_test\G4\NG\NG_524.bmp,NG
C:\Users\501\Desktop\train_test\G4_teain_test\G4\NG\NG_525.bmp,NG
C:\Users\501\Desktop\train_test\G4_teain_test\G4\NG\NG_526.bmp,NG
C:\Users\501\Desktop\train_test\G4_teain_test\G4\NG\NG_527.bmp,TCS_10
C:\Users\501\Desktop\train_test\G4_teain_test\G4\NG\NG_528.bmp,NG
C:\Users\501\Desktop\train_test\G4_teain_test\G4\NG\NG_529.bmp,NG
C:\Users\501\Desktop\train_test\G4_teain_test\G4\NG\NG_53.bmp,NG
C:\Users\501\Desktop\train_test\G4_teain_test\G4\NG\NG_530.bmp,NG
C:\Users\501\Desktop\train_test\G4_teain_test\G4\NG\NG_531.bmp,NG
C:\Users\501\Desktop\train_test\G4_teain_test\G4\NG\NG_532.bmp,NG
C:\Users\501\Desktop\train_test\G4_teain_test\G4\NG\NG_533.bmp,NG
C:\Users\501\Desktop\train_test\G4_teain_test\G4\NG\NG_534.bmp,NG
C:\Users\501\Desktop\train_test\G4_teain_test\G4\NG\NG_535.bmp,NG
C:\Users\501\Desktop\train_test\G4_teain_test\G4\NG\NG_536.bmp,NG
C:\Users\501\Desktop\train_test\G4_teain_test\G4\NG\NG_537.bmp,NG
C:\Users\501\Desktop\train_test\G4_teain_test\G4\NG\NG_538.bmp,NG
C:\Users\501\Desktop\train_test\G4_teain_test\G4\NG\NG_539.bmp,NG
C:\Users\501\Desktop\train_test\G4_teain_test\G4\NG\NG_54.bmp,NG
C:\Users\501\Desktop\train_test\G4_teain_test\G4\NG\NG_540.bmp,NG
C:\Users\501\Desktop\train_test\G4_teain_test\G4\NG\NG_541.bmp,NG
C:\Users\501\Desktop\train_test\G4_teain_test\G4\NG\NG_542.bmp,NG
C:\Users\501\Desktop\train_test\G4_teain_test\G4\NG\NG_543.bmp,NG
C:\Users\501\Desktop\train_test\G4_teain_test\G4\NG\NG_544.bmp,NG
C:\Users\501\Desktop\train_test\G4_teain_test\G4\NG\NG_545.bmp,NG
C:\Users\501\Desktop\train_test\G4_teain_test\G4\NG\NG_546.bmp,NG
C:\Users\501\Desktop\train_test\G4_teain_test\G4\NG\NG_547.bmp,NG
C:\Users\501\Desktop\train_test\G4_teain_test\G4\NG\NG_548.bmp,NG
C:\Users\501\Desktop\train_test\G4_teain_test\G4\NG\NG_549.bmp,NG
C:\Users\501\Desktop\train_test\G4_teain_test\G4\NG\NG_55.bmp,NG
C:\Users\501\Desktop\train_test\G4_teain_test\G4\NG\NG_550.bmp,NG
C:\Users\501\Desktop\train_test\G4_teain_test\G4\NG\NG_551.bmp,NG
C:\Users\501\Desktop\train_test\G4_teain_test\G4\NG\NG_552.bmp,NG
C:\Users\501\Desktop\train_test\G4_teain_test\G4\NG\NG_553.bmp,NG
C:\Users\501\Desktop\train_test\G4_teain_test\G4\NG\NG_554.bmp,NG
C:\Users\501\Desktop\train_test\G4_teain_test\G4\NG\NG_555.bmp,NG
C:\Users\501\Desktop\train_test\G4_teain_test\G4\NG\NG_556.bmp,NG
C:\Users\501\Desktop\train_test\G4_teain_test\G4\NG\NG_557.bmp,TCS_10
C:\Users\501\Desktop\train_test\G4_teain_test\G4\NG\NG_558.bmp,TCS_10
C:\Users\501\Desktop\train_test\G4_teain_test\G4\NG\NG_559.bmp,NG
C:\Users\501\Desktop\train_test\G4_teain_test\G4\NG\NG_56.bmp,NG
C:\Users\501\Desktop\train_test\G4_teain_test\G4\NG\NG_560.bmp,NG
C:\Users\501\Desktop\train_test\G4_teain_test\G4\NG\NG_561.bmp,NG
C:\Users\501\Desktop\train_test\G4_teain_test\G4\NG\NG_562.bmp,NG
C:\Users\501\Desktop\train_test\G4_teain_test\G4\NG\NG_563.bmp,NG
C:\Users\501\Desktop\train_test\G4_teain_test\G4\NG\NG_564.bmp,NG
C:\Users\501\Desktop\train_test\G4_teain_test\G4\NG\NG_565.bmp,NG
C:\Users\501\Desktop\train_test\G4_teain_test\G4\NG\NG_566.bmp,NG
C:\Users\501\Desktop\train_test\G4_teain_test\G4\NG\NG_567.bmp,NG
C:\Users\501\Desktop\train_test\G4_teain_test\G4\NG\NG_568.bmp,NG
C:\Users\501\Desktop\train_test\G4_teain_test\G4\NG\NG_569.bmp,NG
C:\Users\501\Desktop\train_test\G4_teain_test\G4\NG\NG_57.bmp,NG
C:\Users\501\Desktop\train_test\G4_teain_test\G4\NG\NG_570.bmp,NG
C:\Users\501\Desktop\train_test\G4_teain_test\G4\NG\NG_571.bmp,NG
C:\Users\501\Desktop\train_test\G4_teain_test\G4\NG\NG_572.bmp,NG
C:\Users\501\Desktop\train_test\G4_teain_test\G4\NG\NG_573.bmp,NG
C:\Users\501\Desktop\train_test\G4_teain_test\G4\NG\NG_574.bmp,NG
C:\Users\501\Desktop\train_test\G4_teain_test\G4\NG\NG_575.bmp,NG
C:\Users\501\Desktop\train_test\G4_teain_test\G4\NG\NG_576.bmp,NG
C:\Users\501\Desktop\train_test\G4_teain_test\G4\NG\NG_577.bmp,NG
C:\Users\501\Desktop\train_test\G4_teain_test\G4\NG\NG_578.bmp,NG
C:\Users\501\Desktop\train_test\G4_teain_test\G4\NG\NG_579.bmp,TCS_10
C:\Users\501\Desktop\train_test\G4_teain_test\G4\NG\NG_58.bmp,NG
C:\Users\501\Desktop\train_test\G4_teain_test\G4\NG\NG_580.bmp,NG
C:\Users\501\Desktop\train_test\G4_teain_test\G4\NG\NG_581.bmp,NG
C:\Users\501\Desktop\train_test\G4_teain_test\G4\NG\NG_582.bmp,NG
C:\Users\501\Desktop\train_test\G4_teain_test\G4\NG\NG_583.bmp,NG
C:\Users\501\Desktop\train_test\G4_teain_test\G4\NG\NG_584.bmp,NG
C:\Users\501\Desktop\train_test\G4_teain_test\G4\NG\NG_585.bmp,NG
C:\Users\501\Desktop\train_test\G4_teain_test\G4\NG\NG_586.bmp,NG
C:\Users\501\Desktop\train_test\G4_teain_test\G4\NG\NG_587.bmp,NG
C:\Users\501\Desktop\train_test\G4_teain_test\G4\NG\NG_588.bmp,NG
C:\Users\501\Desktop\train_test\G4_teain_test\G4\NG\NG_589.bmp,NG
C:\Users\501\Desktop\train_test\G4_teain_test\G4\NG\NG_59.bmp,NG
C:\Users\501\Desktop\train_test\G4_teain_test\G4\NG\NG_590.bmp,NG
C:\Users\501\Desktop\train_test\G4_teain_test\G4\NG\NG_591.bmp,NG
C:\Users\501\Desktop\train_test\G4_teain_test\G4\NG\NG_592.bmp,NG
C:\Users\501\Desktop\train_test\G4_teain_test\G4\NG\NG_593.bmp,NG
C:\Users\501\Desktop\train_test\G4_teain_test\G4\NG\NG_594.bmp,NG
C:\Users\501\Desktop\train_test\G4_teain_test\G4\NG\NG_595.bmp,NG
C:\Users\501\Desktop\train_test\G4_teain_test\G4\NG\NG_596.bmp,NG
C:\Users\501\Desktop\train_test\G4_teain_test\G4\NG\NG_597.bmp,NG
C:\Users\501\Desktop\train_test\G4_teain_test\G4\NG\NG_598.bmp,NG
C:\Users\501\Desktop\train_test\G4_teain_test\G4\NG\NG_599.bmp,NG
C:\Users\501\Desktop\train_test\G4_teain_test\G4\NG\NG_6.bmp,NG
C:\Users\501\Desktop\train_test\G4_teain_test\G4\NG\NG_60.bmp,NG
C:\Users\501\Desktop\train_test\G4_teain_test\G4\NG\NG_600.bmp,NG
C:\Users\501\Desktop\train_test\G4_teain_test\G4\NG\NG_601.bmp,NG
C:\Users\501\Desktop\train_test\G4_teain_test\G4\NG\NG_602.bmp,NG
C:\Users\501\Desktop\train_test\G4_teain_test\G4\NG\NG_603.bmp,TCS_10
C:\Users\501\Desktop\train_test\G4_teain_test\G4\NG\NG_604.bmp,NG
C:\Users\501\Desktop\train_test\G4_teain_test\G4\NG\NG_605.bmp,NG
C:\Users\501\Desktop\train_test\G4_teain_test\G4\NG\NG_606.bmp,TCS_10
C:\Users\501\Desktop\train_test\G4_teain_test\G4\NG\NG_607.bmp,NG
C:\Users\501\Desktop\train_test\G4_teain_test\G4\NG\NG_608.bmp,NG
C:\Users\501\Desktop\train_test\G4_teain_test\G4\NG\NG_609.bmp,TCSN_2
C:\Users\501\Desktop\train_test\G4_teain_test\G4\NG\NG_61.bmp,NG
C:\Users\501\Desktop\train_test\G4_teain_test\G4\NG\NG_610.bmp,NG
C:\Users\501\Desktop\train_test\G4_teain_test\G4\NG\NG_611.bmp,NG
C:\Users\501\Desktop\train_test\G4_teain_test\G4\NG\NG_612.bmp,NG
C:\Users\501\Desktop\train_test\G4_teain_test\G4\NG\NG_613.bmp,NG
C:\Users\501\Desktop\train_test\G4_teain_test\G4\NG\NG_614.bmp,NG
C:\Users\501\Desktop\train_test\G4_teain_test\G4\NG\NG_615.bmp,NG
C:\Users\501\Desktop\train_test\G4_teain_test\G4\NG\NG_616.bmp,TCS_10
C:\Users\501\Desktop\train_test\G4_teain_test\G4\NG\NG_617.bmp,TCS_17
C:\Users\501\Desktop\train_test\G4_teain_test\G4\NG\NG_618.bmp,NG
C:\Users\501\Desktop\train_test\G4_teain_test\G4\NG\NG_619.bmp,NG
C:\Users\501\Desktop\train_test\G4_teain_test\G4\NG\NG_62.bmp,NG
C:\Users\501\Desktop\train_test\G4_teain_test\G4\NG\NG_620.bmp,NG
C:\Users\501\Desktop\train_test\G4_teain_test\G4\NG\NG_621.bmp,NG
C:\Users\501\Desktop\train_test\G4_teain_test\G4\NG\NG_622.bmp,NG
C:\Users\501\Desktop\train_test\G4_teain_test\G4\NG\NG_623.bmp,NG
C:\Users\501\Desktop\train_test\G4_teain_test\G4\NG\NG_624.bmp,NG
C:\Users\501\Desktop\train_test\G4_teain_test\G4\NG\NG_625.bmp,NG
C:\Users\501\Desktop\train_test\G4_teain_test\G4\NG\NG_626.bmp,NG
C:\Users\501\Desktop\train_test\G4_teain_test\G4\NG\NG_627.bmp,NG
C:\Users\501\Desktop\train_test\G4_teain_test\G4\NG\NG_628.bmp,NG
C:\Users\501\Desktop\train_test\G4_teain_test\G4\NG\NG_629.bmp,TCSN_2
C:\Users\501\Desktop\train_test\G4_teain_test\G4\NG\NG_63.bmp,NG
C:\Users\501\Desktop\train_test\G4_teain_test\G4\NG\NG_630.bmp,NG
C:\Users\501\Desktop\train_test\G4_teain_test\G4\NG\NG_631.bmp,NG
C:\Users\501\Desktop\train_test\G4_teain_test\G4\NG\NG_632.bmp,TCSN_2
C:\Users\501\Desktop\train_test\G4_teain_test\G4\NG\NG_633.bmp,NG
C:\Users\501\Desktop\train_test\G4_teain_test\G4\NG\NG_634.bmp,NG
C:\Users\501\Desktop\train_test\G4_teain_test\G4\NG\NG_635.bmp,NG
C:\Users\501\Desktop\train_test\G4_teain_test\G4\NG\NG_636.bmp,TCSN_2
C:\Users\501\Desktop\train_test\G4_teain_test\G4\NG\NG_637.bmp,NG
C:\Users\501\Desktop\train_test\G4_teain_test\G4\NG\NG_638.bmp,NG
C:\Users\501\Desktop\train_test\G4_teain_test\G4\NG\NG_639.bmp,NG
C:\Users\501\Desktop\train_test\G4_teain_test\G4\NG\NG_64.bmp,NG
C:\Users\501\Desktop\train_test\G4_teain_test\G4\NG\NG_640.bmp,NG
C:\Users\501\Desktop\train_test\G4_teain_test\G4\NG\NG_641.bmp,NG
C:\Users\501\Desktop\train_test\G4_teain_test\G4\NG\NG_642.bmp,NG
C:\Users\501\Desktop\train_test\G4_teain_test\G4\NG\NG_643.bmp,NG
C:\Users\501\Desktop\train_test\G4_teain_test\G4\NG\NG_644.bmp,NG
C:\Users\501\Desktop\train_test\G4_teain_test\G4\NG\NG_645.bmp,NG
C:\Users\501\Desktop\train_test\G4_teain_test\G4\NG\NG_646.bmp,NG
C:\Users\501\Desktop\train_test\G4_teain_test\G4\NG\NG_647.bmp,NG
C:\Users\501\Desktop\train_test\G4_teain_test\G4\NG\NG_648.bmp,NG
C:\Users\501\Desktop\train_test\G4_teain_test\G4\NG\NG_649.bmp,NG
C:\Users\501\Desktop\train_test\G4_teain_test\G4\NG\NG_65.bmp,NG
C:\Users\501\Desktop\train_test\G4_teain_test\G4\NG\NG_650.bmp,NG
C:\Users\501\Desktop\train_test\G4_teain_test\G4\NG\NG_651.bmp,TKN_3
C:\Users\501\Desktop\train_test\G4_teain_test\G4\NG\NG_652.bmp,NG
C:\Users\501\Desktop\train_test\G4_teain_test\G4\NG\NG_653.bmp,TKN_3
C:\Users\501\Desktop\train_test\G4_teain_test\G4\NG\NG_654.bmp,NG
C:\Users\501\Desktop\train_test\G4_teain_test\G4\NG\NG_655.bmp,NG
C:\Users\501\Desktop\train_test\G4_teain_test\G4\NG\NG_656.bmp,NG
C:\Users\501\Desktop\train_test\G4_teain_test\G4\NG\NG_657.bmp,TKN_3
C:\Users\501\Desktop\train_test\G4_teain_test\G4\NG\NG_658.bmp,NG
C:\Users\501\Desktop\train_test\G4_teain_test\G4\NG\NG_659.bmp,NG
C:\Users\501\Desktop\train_test\G4_teain_test\G4\NG\NG_66.bmp,NG
C:\Users\501\Desktop\train_test\G4_teain_test\G4\NG\NG_660.bmp,TKN_3
C:\Users\501\Desktop\train_test\G4_teain_test\G4\NG\NG_661.bmp,NG
C:\Users\501\Desktop\train_test\G4_teain_test\G4\NG\NG_662.bmp,NG
C:\Users\501\Desktop\train_test\G4_teain_test\G4\NG\NG_663.bmp,NG
C:\Users\501\Desktop\train_test\G4_teain_test\G4\NG\NG_664.bmp,NG
C:\Users\501\Desktop\train_test\G4_teain_test\G4\NG\NG_665.bmp,NG
C:\Users\501\Desktop\train_test\G4_teain_test\G4\NG\NG_666.bmp,TKN_3
C:\Users\501\Desktop\train_test\G4_teain_test\G4\NG\NG_667.bmp,KHS_7
C:\Users\501\Desktop\train_test\G4_teain_test\G4\NG\NG_668.bmp,NG
C:\Users\501\Desktop\train_test\G4_teain_test\G4\NG\NG_669.bmp,NG
C:\Users\501\Desktop\train_test\G4_teain_test\G4\NG\NG_67.bmp,NG
C:\Users\501\Desktop\train_test\G4_teain_test\G4\NG\NG_670.bmp,NG
C:\Users\501\Desktop\train_test\G4_teain_test\G4\NG\NG_671.bmp,NG
C:\Users\501\Desktop\train_test\G4_teain_test\G4\NG\NG_672.bmp,NG
C:\Users\501\Desktop\train_test\G4_teain_test\G4\NG\NG_673.bmp,NG
C:\Users\501\Desktop\train_test\G4_teain_test\G4\NG\NG_674.bmp,TKN_3
C:\Users\501\Desktop\train_test\G4_teain_test\G4\NG\NG_675.bmp,NG
C:\Users\501\Desktop\train_test\G4_teain_test\G4\NG\NG_676.bmp,KHS_7
C:\Users\501\Desktop\train_test\G4_teain_test\G4\NG\NG_677.bmp,TKN_3
C:\Users\501\Desktop\train_test\G4_teain_test\G4\NG\NG_678.bmp,TKN_3
C:\Users\501\Desktop\train_test\G4_teain_test\G4\NG\NG_679.bmp,NG
C:\Users\501\Desktop\train_test\G4_teain_test\G4\NG\NG_68.bmp,NG
C:\Users\501\Desktop\train_test\G4_teain_test\G4\NG\NG_680.bmp,NG
C:\Users\501\Desktop\train_test\G4_teain_test\G4\NG\NG_681.bmp,NG
C:\Users\501\Desktop\train_test\G4_teain_test\G4\NG\NG_682.bmp,NG
C:\Users\501\Desktop\train_test\G4_teain_test\G4\NG\NG_683.bmp,NG
C:\Users\501\Desktop\train_test\G4_teain_test\G4\NG\NG_684.bmp,TKN_3
C:\Users\501\Desktop\train_test\G4_teain_test\G4\NG\NG_685.bmp,KHS_7
C:\Users\501\Desktop\train_test\G4_teain_test\G4\NG\NG_686.bmp,NG
C:\Users\501\Desktop\train_test\G4_teain_test\G4\NG\NG_687.bmp,NG
C:\Users\501\Desktop\train_test\G4_teain_test\G4\NG\NG_688.bmp,TKN_3
C:\Users\501\Desktop\train_test\G4_teain_test\G4\NG\NG_689.bmp,NG
C:\Users\501\Desktop\train_test\G4_teain_test\G4\NG\NG_69.bmp,NG
C:\Users\501\Desktop\train_test\G4_teain_test\G4\NG\NG_690.bmp,NG
C:\Users\501\Desktop\train_test\G4_teain_test\G4\NG\NG_691.bmp,NG
C:\Users\501\Desktop\train_test\G4_teain_test\G4\NG\NG_692.bmp,TKN_3
C:\Users\501\Desktop\train_test\G4_teain_test\G4\NG\NG_693.bmp,NG
C:\Users\501\Desktop\train_test\G4_teain_test\G4\NG\NG_694.bmp,NG
C:\Users\501\Desktop\train_test\G4_teain_test\G4\NG\NG_695.bmp,NG
C:\Users\501\Desktop\train_test\G4_teain_test\G4\NG\NG_696.bmp,NG
C:\Users\501\Desktop\train_test\G4_teain_test\G4\NG\NG_697.bmp,NG
C:\Users\501\Desktop\train_test\G4_teain_test\G4\NG\NG_698.bmp,NG
C:\Users\501\Desktop\train_test\G4_teain_test\G4\NG\NG_699.bmp,NG
C:\Users\501\Desktop\train_test\G4_teain_test\G4\NG\NG_7.bmp,NG
C:\Users\501\Desktop\train_test\G4_teain_test\G4\NG\NG_70.bmp,NG
C:\Users\501\Desktop\train_test\G4_teain_test\G4\NG\NG_700.bmp,No
C:\Users\501\Desktop\train_test\G4_teain_test\G4\NG\NG_701.bmp,NG
C:\Users\501\Desktop\train_test\G4_teain_test\G4\NG\NG_702.bmp,TKN_3
C:\Users\501\Desktop\train_test\G4_teain_test\G4\NG\NG_703.bmp,NG
C:\Users\501\Desktop\train_test\G4_teain_test\G4\NG\NG_704.bmp,NG
C:\Users\501\Desktop\train_test\G4_teain_test\G4\NG\NG_705.bmp,NG
C:\Users\501\Desktop\train_test\G4_teain_test\G4\NG\NG_706.bmp,NG
C:\Users\501\Desktop\train_test\G4_teain_test\G4\NG\NG_707.bmp,NG
C:\Users\501\Desktop\train_test\G4_teain_test\G4\NG\NG_708.bmp,NG
C:\Users\501\Desktop\train_test\G4_teain_test\G4\NG\NG_709.bmp,NG
C:\Users\501\Desktop\train_test\G4_teain_test\G4\NG\NG_71.bmp,NG
C:\Users\501\Desktop\train_test\G4_teain_test\G4\NG\NG_710.bmp,NG
C:\Users\501\Desktop\train_test\G4_teain_test\G4\NG\NG_711.bmp,NG
C:\Users\501\Desktop\train_test\G4_teain_test\G4\NG\NG_712.bmp,No
C:\Users\501\Desktop\train_test\G4_teain_test\G4\NG\NG_713.bmp,NG
C:\Users\501\Desktop\train_test\G4_teain_test\G4\NG\NG_714.bmp,NG
C:\Users\501\Desktop\train_test\G4_teain_test\G4\NG\NG_715.bmp,NG
C:\Users\501\Desktop\train_test\G4_teain_test\G4\NG\NG_716.bmp,TKN_3
C:\Users\501\Desktop\train_test\G4_teain_test\G4\NG\NG_717.bmp,NG
C:\Users\501\Desktop\train_test\G4_teain_test\G4\NG\NG_718.bmp,NG
C:\Users\501\Desktop\train_test\G4_teain_test\G4\NG\NG_719.bmp,TKN_3
C:\Users\501\Desktop\train_test\G4_teain_test\G4\NG\NG_72.bmp,NG
C:\Users\501\Desktop\train_test\G4_teain_test\G4\NG\NG_720.bmp,NG
C:\Users\501\Desktop\train_test\G4_teain_test\G4\NG\NG_721.bmp,TKN_3
C:\Users\501\Desktop\train_test\G4_teain_test\G4\NG\NG_722.bmp,TKN_3
C:\Users\501\Desktop\train_test\G4_teain_test\G4\NG\NG_723.bmp,NG
C:\Users\501\Desktop\train_test\G4_teain_test\G4\NG\NG_724.bmp,KHS_7
C:\Users\501\Desktop\train_test\G4_teain_test\G4\NG\NG_725.bmp,NG
C:\Users\501\Desktop\train_test\G4_teain_test\G4\NG\NG_726.bmp,NG
C:\Users\501\Desktop\train_test\G4_teain_test\G4\NG\NG_727.bmp,NG
C:\Users\501\Desktop\train_test\G4_teain_test\G4\NG\NG_728.bmp,NG
C:\Users\501\Desktop\train_test\G4_teain_test\G4\NG\NG_729.bmp,NG
C:\Users\501\Desktop\train_test\G4_teain_test\G4\NG\NG_73.bmp,NG
C:\Users\501\Desktop\train_test\G4_teain_test\G4\NG\NG_730.bmp,NG
C:\Users\501\Desktop\train_test\G4_teain_test\G4\NG\NG_731.bmp,TKN_3
C:\Users\501\Desktop\train_test\G4_teain_test\G4\NG\NG_732.bmp,NG
C:\Users\501\Desktop\train_test\G4_teain_test\G4\NG\NG_733.bmp,NG
C:\Users\501\Desktop\train_test\G4_teain_test\G4\NG\NG_734.bmp,NG
C:\Users\501\Desktop\train_test\G4_teain_test\G4\NG\NG_735.bmp,NG
C:\Users\501\Desktop\train_test\G4_teain_test\G4\NG\NG_736.bmp,NG
C:\Users\501\Desktop\train_test\G4_teain_test\G4\NG\NG_737.bmp,NG
C:\Users\501\Desktop\train_test\G4_teain_test\G4\NG\NG_738.bmp,NG
C:\Users\501\Desktop\train_test\G4_teain_test\G4\NG\NG_739.bmp,NG
C:\Users\501\Desktop\train_test\G4_teain_test\G4\NG\NG_74.bmp,NG
C:\Users\501\Desktop\train_test\G4_teain_test\G4\NG\NG_740.bmp,NG
C:\Users\501\Desktop\train_test\G4_teain_test\G4\NG\NG_741.bmp,NG
C:\Users\501\Desktop\train_test\G4_teain_test\G4\NG\NG_742.bmp,NG
C:\Users\501\Desktop\train_test\G4_teain_test\G4\NG\NG_743.bmp,TKN_3
C:\Users\501\Desktop\train_test\G4_teain_test\G4\NG\NG_744.bmp,TKN_3
C:\Users\501\Desktop\train_test\G4_teain_test\G4\NG\NG_745.bmp,TKN_3
C:\Users\501\Desktop\train_test\G4_teain_test\G4\NG\NG_746.bmp,NG
C:\Users\501\Desktop\train_test\G4_teain_test\G4\NG\NG_747.bmp,NG
C:\Users\501\Desktop\train_test\G4_teain_test\G4\NG\NG_748.bmp,TKN_3
C:\Users\501\Desktop\train_test\G4_teain_test\G4\NG\NG_749.bmp,NG
C:\Users\501\Desktop\train_test\G4_teain_test\G4\NG\NG_75.bmp,NG
C:\Users\501\Desktop\train_test\G4_teain_test\G4\NG\NG_750.bmp,NG
C:\Users\501\Desktop\train_test\G4_teain_test\G4\NG\NG_751.bmp,NG
C:\Users\501\Desktop\train_test\G4_teain_test\G4\NG\NG_752.bmp,TKN_3
C:\Users\501\Desktop\train_test\G4_teain_test\G4\NG\NG_753.bmp,NG
C:\Users\501\Desktop\train_test\G4_teain_test\G4\NG\NG_754.bmp,NG
C:\Users\501\Desktop\train_test\G4_teain_test\G4\NG\NG_755.bmp,NG
C:\Users\501\Desktop\train_test\G4_teain_test\G4\NG\NG_756.bmp,No
C:\Users\501\Desktop\train_test\G4_teain_test\G4\NG\NG_757.bmp,NG
C:\Users\501\Desktop\train_test\G4_teain_test\G4\NG\NG_758.bmp,NG
C:\Users\501\Desktop\train_test\G4_teain_test\G4\NG\NG_759.bmp,NG
C:\Users\501\Desktop\train_test\G4_teain_test\G4\NG\NG_76.bmp,NG
C:\Users\501\Desktop\train_test\G4_teain_test\G4\NG\NG_760.bmp,NG
C:\Users\501\Desktop\train_test\G4_teain_test\G4\NG\NG_761.bmp,NG
C:\Users\501\Desktop\train_test\G4_teain_test\G4\NG\NG_762.bmp,NG
C:\Users\501\Desktop\train_test\G4_teain_test\G4\NG\NG_763.bmp,NG
C:\Users\501\Desktop\train_test\G4_teain_test\G4\NG\NG_764.bmp,NG
C:\Users\501\Desktop\train_test\G4_teain_test\G4\NG\NG_765.bmp,TKN_3
C:\Users\501\Desktop\train_test\G4_teain_test\G4\NG\NG_766.bmp,NG
C:\Users\501\Desktop\train_test\G4_teain_test\G4\NG\NG_767.bmp,NG
C:\Users\501\Desktop\train_test\G4_teain_test\G4\NG\NG_768.bmp,TKN_3
C:\Users\501\Desktop\train_test\G4_teain_test\G4\NG\NG_769.bmp,NG
C:\Users\501\Desktop\train_test\G4_teain_test\G4\NG\NG_77.bmp,NG
C:\Users\501\Desktop\train_test\G4_teain_test\G4\NG\NG_770.bmp,NG
C:\Users\501\Desktop\train_test\G4_teain_test\G4\NG\NG_771.bmp,NG
C:\Users\501\Desktop\train_test\G4_teain_test\G4\NG\NG_772.bmp,TKN_3
C:\Users\501\Desktop\train_test\G4_teain_test\G4\NG\NG_773.bmp,NG
C:\Users\501\Desktop\train_test\G4_teain_test\G4\NG\NG_774.bmp,NG
C:\Users\501\Desktop\train_test\G4_teain_test\G4\NG\NG_775.bmp,NG
C:\Users\501\Desktop\train_test\G4_teain_test\G4\NG\NG_776.bmp,KHS_7
C:\Users\501\Desktop\train_test\G4_teain_test\G4\NG\NG_777.bmp,NG
C:\Users\501\Desktop\train_test\G4_teain_test\G4\NG\NG_78.bmp,NG
C:\Users\501\Desktop\train_test\G4_teain_test\G4\NG\NG_79.bmp,NG
C:\Users\501\Desktop\train_test\G4_teain_test\G4\NG\NG_8.bmp,TCS_17
C:\Users\501\Desktop\train_test\G4_teain_test\G4\NG\NG_80.bmp,NG
C:\Users\501\Desktop\train_test\G4_teain_test\G4\NG\NG_81.bmp,NG
C:\Users\501\Desktop\train_test\G4_teain_test\G4\NG\NG_82.bmp,NG
C:\Users\501\Desktop\train_test\G4_teain_test\G4\NG\NG_83.bmp,NG
C:\Users\501\Desktop\train_test\G4_teain_test\G4\NG\NG_84.bmp,NG
C:\Users\501\Desktop\train_test\G4_teain_test\G4\NG\NG_85.bmp,NG
C:\Users\501\Desktop\train_test\G4_teain_test\G4\NG\NG_86.bmp,NG
C:\Users\501\Desktop\train_test\G4_teain_test\G4\NG\NG_87.bmp,NG
C:\Users\501\Desktop\train_test\G4_teain_test\G4\NG\NG_88.bmp,NG
C:\Users\501\Desktop\train_test\G4_teain_test\G4\NG\NG_89.bmp,NG
C:\Users\501\Desktop\train_test\G4_teain_test\G4\NG\NG_9.bmp,NG
C:\Users\501\Desktop\train_test\G4_teain_test\G4\NG\NG_90.bmp,NG
C:\Users\501\Desktop\train_test\G4_teain_test\G4\NG\NG_91.bmp,NG
C:\Users\501\Desktop\train_test\G4_teain_test\G4\NG\NG_92.bmp,TCSN_2
C:\Users\501\Desktop\train_test\G4_teain_test\G4\NG\NG_93.bmp,NG
C:\Users\501\Desktop\train_test\G4_teain_test\G4\NG\NG_94.bmp,TCSN_2
C:\Users\501\Desktop\train_test\G4_teain_test\G4\NG\NG_95.bmp,NG
C:\Users\501\Desktop\train_test\G4_teain_test\G4\NG\NG_96.bmp,NG
C:\Users\501\Desktop\train_test\G4_teain_test\G4\NG\NG_97.bmp,NG
C:\Users\501\Desktop\train_test\G4_teain_test\G4\NG\NG_98.bmp,NG
C:\Users\501\Desktop\train_test\G4_teain_test\G4\NG\NG_99.bmp,TKN_3


NG,777,Accurate: 84.68468 %
KHS_7,NG,TCSN_2,TCS_10,TCS_17,TKN_3,No
12,658,24,29,16,34,4
