C:\Users\501\Desktop\train_test\G4_109OK_test\TCSN_2\109_TCSN_2_1.bmp,TCSN_2
C:\Users\501\Desktop\train_test\G4_109OK_test\TCSN_2\109_TCSN_2_10.bmp,TCS_10
C:\Users\501\Desktop\train_test\G4_109OK_test\TCSN_2\109_TCSN_2_100.bmp,TCSN_2
C:\Users\501\Desktop\train_test\G4_109OK_test\TCSN_2\109_TCSN_2_101.bmp,NG
C:\Users\501\Desktop\train_test\G4_109OK_test\TCSN_2\109_TCSN_2_102.bmp,TCS_10
C:\Users\501\Desktop\train_test\G4_109OK_test\TCSN_2\109_TCSN_2_103.bmp,KHS_7
C:\Users\501\Desktop\train_test\G4_109OK_test\TCSN_2\109_TCSN_2_104.bmp,TCSN_2
C:\Users\501\Desktop\train_test\G4_109OK_test\TCSN_2\109_TCSN_2_105.bmp,TCSN_2
C:\Users\501\Desktop\train_test\G4_109OK_test\TCSN_2\109_TCSN_2_106.bmp,NG
C:\Users\501\Desktop\train_test\G4_109OK_test\TCSN_2\109_TCSN_2_107.bmp,TCSN_2
C:\Users\501\Desktop\train_test\G4_109OK_test\TCSN_2\109_TCSN_2_108.bmp,TCSN_2
C:\Users\501\Desktop\train_test\G4_109OK_test\TCSN_2\109_TCSN_2_109.bmp,TCS_10
C:\Users\501\Desktop\train_test\G4_109OK_test\TCSN_2\109_TCSN_2_11.bmp,TCSN_2
C:\Users\501\Desktop\train_test\G4_109OK_test\TCSN_2\109_TCSN_2_110.bmp,TCS_10
C:\Users\501\Desktop\train_test\G4_109OK_test\TCSN_2\109_TCSN_2_111.bmp,TCSN_2
C:\Users\501\Desktop\train_test\G4_109OK_test\TCSN_2\109_TCSN_2_112.bmp,TCS_10
C:\Users\501\Desktop\train_test\G4_109OK_test\TCSN_2\109_TCSN_2_113.bmp,NG
C:\Users\501\Desktop\train_test\G4_109OK_test\TCSN_2\109_TCSN_2_114.bmp,TCS_10
C:\Users\501\Desktop\train_test\G4_109OK_test\TCSN_2\109_TCSN_2_115.bmp,TCS_17
C:\Users\501\Desktop\train_test\G4_109OK_test\TCSN_2\109_TCSN_2_116.bmp,TCS_10
C:\Users\501\Desktop\train_test\G4_109OK_test\TCSN_2\109_TCSN_2_117.bmp,TCS_10
C:\Users\501\Desktop\train_test\G4_109OK_test\TCSN_2\109_TCSN_2_118.bmp,TCS_17
C:\Users\501\Desktop\train_test\G4_109OK_test\TCSN_2\109_TCSN_2_119.bmp,TCS_10
C:\Users\501\Desktop\train_test\G4_109OK_test\TCSN_2\109_TCSN_2_12.bmp,TCSN_2
C:\Users\501\Desktop\train_test\G4_109OK_test\TCSN_2\109_TCSN_2_120.bmp,TCSN_2
C:\Users\501\Desktop\train_test\G4_109OK_test\TCSN_2\109_TCSN_2_121.bmp,TCS_10
C:\Users\501\Desktop\train_test\G4_109OK_test\TCSN_2\109_TCSN_2_122.bmp,TCS_10
C:\Users\501\Desktop\train_test\G4_109OK_test\TCSN_2\109_TCSN_2_123.bmp,TCS_10
C:\Users\501\Desktop\train_test\G4_109OK_test\TCSN_2\109_TCSN_2_124.bmp,TCS_10
C:\Users\501\Desktop\train_test\G4_109OK_test\TCSN_2\109_TCSN_2_125.bmp,TCS_10
C:\Users\501\Desktop\train_test\G4_109OK_test\TCSN_2\109_TCSN_2_126.bmp,TCSN_2
C:\Users\501\Desktop\train_test\G4_109OK_test\TCSN_2\109_TCSN_2_127.bmp,KHS_7
C:\Users\501\Desktop\train_test\G4_109OK_test\TCSN_2\109_TCSN_2_128.bmp,TCS_10
C:\Users\501\Desktop\train_test\G4_109OK_test\TCSN_2\109_TCSN_2_129.bmp,NG
C:\Users\501\Desktop\train_test\G4_109OK_test\TCSN_2\109_TCSN_2_13.bmp,TCSN_2
C:\Users\501\Desktop\train_test\G4_109OK_test\TCSN_2\109_TCSN_2_130.bmp,TCS_10
C:\Users\501\Desktop\train_test\G4_109OK_test\TCSN_2\109_TCSN_2_131.bmp,TCSN_2
C:\Users\501\Desktop\train_test\G4_109OK_test\TCSN_2\109_TCSN_2_132.bmp,TCSN_2
C:\Users\501\Desktop\train_test\G4_109OK_test\TCSN_2\109_TCSN_2_133.bmp,TCS_17
C:\Users\501\Desktop\train_test\G4_109OK_test\TCSN_2\109_TCSN_2_134.bmp,NG
C:\Users\501\Desktop\train_test\G4_109OK_test\TCSN_2\109_TCSN_2_135.bmp,TCS_10
C:\Users\501\Desktop\train_test\G4_109OK_test\TCSN_2\109_TCSN_2_136.bmp,TCSN_2
C:\Users\501\Desktop\train_test\G4_109OK_test\TCSN_2\109_TCSN_2_137.bmp,TCSN_2
C:\Users\501\Desktop\train_test\G4_109OK_test\TCSN_2\109_TCSN_2_138.bmp,TCS_10
C:\Users\501\Desktop\train_test\G4_109OK_test\TCSN_2\109_TCSN_2_139.bmp,TCSN_2
C:\Users\501\Desktop\train_test\G4_109OK_test\TCSN_2\109_TCSN_2_14.bmp,TCSN_2
C:\Users\501\Desktop\train_test\G4_109OK_test\TCSN_2\109_TCSN_2_140.bmp,TCS_10
C:\Users\501\Desktop\train_test\G4_109OK_test\TCSN_2\109_TCSN_2_141.bmp,TCSN_2
C:\Users\501\Desktop\train_test\G4_109OK_test\TCSN_2\109_TCSN_2_142.bmp,TCSN_2
C:\Users\501\Desktop\train_test\G4_109OK_test\TCSN_2\109_TCSN_2_143.bmp,TCS_10
C:\Users\501\Desktop\train_test\G4_109OK_test\TCSN_2\109_TCSN_2_144.bmp,TCS_10
C:\Users\501\Desktop\train_test\G4_109OK_test\TCSN_2\109_TCSN_2_145.bmp,TCSN_2
C:\Users\501\Desktop\train_test\G4_109OK_test\TCSN_2\109_TCSN_2_146.bmp,TCS_10
C:\Users\501\Desktop\train_test\G4_109OK_test\TCSN_2\109_TCSN_2_147.bmp,TCS_10
C:\Users\501\Desktop\train_test\G4_109OK_test\TCSN_2\109_TCSN_2_148.bmp,TCS_17
C:\Users\501\Desktop\train_test\G4_109OK_test\TCSN_2\109_TCSN_2_149.bmp,TCS_10
C:\Users\501\Desktop\train_test\G4_109OK_test\TCSN_2\109_TCSN_2_15.bmp,TCSN_2
C:\Users\501\Desktop\train_test\G4_109OK_test\TCSN_2\109_TCSN_2_150.bmp,TCS_10
C:\Users\501\Desktop\train_test\G4_109OK_test\TCSN_2\109_TCSN_2_151.bmp,NG
C:\Users\501\Desktop\train_test\G4_109OK_test\TCSN_2\109_TCSN_2_152.bmp,NG
C:\Users\501\Desktop\train_test\G4_109OK_test\TCSN_2\109_TCSN_2_153.bmp,TCS_10
C:\Users\501\Desktop\train_test\G4_109OK_test\TCSN_2\109_TCSN_2_154.bmp,TCSN_2
C:\Users\501\Desktop\train_test\G4_109OK_test\TCSN_2\109_TCSN_2_155.bmp,TCS_10
C:\Users\501\Desktop\train_test\G4_109OK_test\TCSN_2\109_TCSN_2_156.bmp,TCS_10
C:\Users\501\Desktop\train_test\G4_109OK_test\TCSN_2\109_TCSN_2_157.bmp,NG
C:\Users\501\Desktop\train_test\G4_109OK_test\TCSN_2\109_TCSN_2_158.bmp,TCS_10
C:\Users\501\Desktop\train_test\G4_109OK_test\TCSN_2\109_TCSN_2_159.bmp,TCS_10
C:\Users\501\Desktop\train_test\G4_109OK_test\TCSN_2\109_TCSN_2_16.bmp,TCS_10
C:\Users\501\Desktop\train_test\G4_109OK_test\TCSN_2\109_TCSN_2_160.bmp,TCSN_2
C:\Users\501\Desktop\train_test\G4_109OK_test\TCSN_2\109_TCSN_2_161.bmp,TCS_10
C:\Users\501\Desktop\train_test\G4_109OK_test\TCSN_2\109_TCSN_2_162.bmp,TCS_10
C:\Users\501\Desktop\train_test\G4_109OK_test\TCSN_2\109_TCSN_2_163.bmp,TCSN_2
C:\Users\501\Desktop\train_test\G4_109OK_test\TCSN_2\109_TCSN_2_164.bmp,TCSN_2
C:\Users\501\Desktop\train_test\G4_109OK_test\TCSN_2\109_TCSN_2_165.bmp,TCS_10
C:\Users\501\Desktop\train_test\G4_109OK_test\TCSN_2\109_TCSN_2_166.bmp,TCSN_2
C:\Users\501\Desktop\train_test\G4_109OK_test\TCSN_2\109_TCSN_2_167.bmp,TCS_10
C:\Users\501\Desktop\train_test\G4_109OK_test\TCSN_2\109_TCSN_2_168.bmp,TCSN_2
C:\Users\501\Desktop\train_test\G4_109OK_test\TCSN_2\109_TCSN_2_169.bmp,TCSN_2
C:\Users\501\Desktop\train_test\G4_109OK_test\TCSN_2\109_TCSN_2_17.bmp,TCSN_2
C:\Users\501\Desktop\train_test\G4_109OK_test\TCSN_2\109_TCSN_2_170.bmp,TCSN_2
C:\Users\501\Desktop\train_test\G4_109OK_test\TCSN_2\109_TCSN_2_171.bmp,NG
C:\Users\501\Desktop\train_test\G4_109OK_test\TCSN_2\109_TCSN_2_172.bmp,TCS_10
C:\Users\501\Desktop\train_test\G4_109OK_test\TCSN_2\109_TCSN_2_173.bmp,TCS_10
C:\Users\501\Desktop\train_test\G4_109OK_test\TCSN_2\109_TCSN_2_174.bmp,NG
C:\Users\501\Desktop\train_test\G4_109OK_test\TCSN_2\109_TCSN_2_175.bmp,TCSN_2
C:\Users\501\Desktop\train_test\G4_109OK_test\TCSN_2\109_TCSN_2_176.bmp,TCS_10
C:\Users\501\Desktop\train_test\G4_109OK_test\TCSN_2\109_TCSN_2_177.bmp,TCS_10
C:\Users\501\Desktop\train_test\G4_109OK_test\TCSN_2\109_TCSN_2_178.bmp,NG
C:\Users\501\Desktop\train_test\G4_109OK_test\TCSN_2\109_TCSN_2_179.bmp,TCS_10
C:\Users\501\Desktop\train_test\G4_109OK_test\TCSN_2\109_TCSN_2_18.bmp,NG
C:\Users\501\Desktop\train_test\G4_109OK_test\TCSN_2\109_TCSN_2_180.bmp,NG
C:\Users\501\Desktop\train_test\G4_109OK_test\TCSN_2\109_TCSN_2_181.bmp,TCS_10
C:\Users\501\Desktop\train_test\G4_109OK_test\TCSN_2\109_TCSN_2_182.bmp,TCS_10
C:\Users\501\Desktop\train_test\G4_109OK_test\TCSN_2\109_TCSN_2_183.bmp,TCSN_2
C:\Users\501\Desktop\train_test\G4_109OK_test\TCSN_2\109_TCSN_2_184.bmp,TCS_10
C:\Users\501\Desktop\train_test\G4_109OK_test\TCSN_2\109_TCSN_2_185.bmp,TCSN_2
C:\Users\501\Desktop\train_test\G4_109OK_test\TCSN_2\109_TCSN_2_186.bmp,TCSN_2
C:\Users\501\Desktop\train_test\G4_109OK_test\TCSN_2\109_TCSN_2_187.bmp,TCS_10
C:\Users\501\Desktop\train_test\G4_109OK_test\TCSN_2\109_TCSN_2_188.bmp,TCS_10
C:\Users\501\Desktop\train_test\G4_109OK_test\TCSN_2\109_TCSN_2_189.bmp,TCSN_2
C:\Users\501\Desktop\train_test\G4_109OK_test\TCSN_2\109_TCSN_2_19.bmp,TCSN_2
C:\Users\501\Desktop\train_test\G4_109OK_test\TCSN_2\109_TCSN_2_190.bmp,TCS_17
C:\Users\501\Desktop\train_test\G4_109OK_test\TCSN_2\109_TCSN_2_191.bmp,TCSN_2
C:\Users\501\Desktop\train_test\G4_109OK_test\TCSN_2\109_TCSN_2_192.bmp,TCSN_2
C:\Users\501\Desktop\train_test\G4_109OK_test\TCSN_2\109_TCSN_2_193.bmp,TCSN_2
C:\Users\501\Desktop\train_test\G4_109OK_test\TCSN_2\109_TCSN_2_194.bmp,TCS_10
C:\Users\501\Desktop\train_test\G4_109OK_test\TCSN_2\109_TCSN_2_195.bmp,TCS_10
C:\Users\501\Desktop\train_test\G4_109OK_test\TCSN_2\109_TCSN_2_196.bmp,TCS_17
C:\Users\501\Desktop\train_test\G4_109OK_test\TCSN_2\109_TCSN_2_197.bmp,TCSN_2
C:\Users\501\Desktop\train_test\G4_109OK_test\TCSN_2\109_TCSN_2_198.bmp,TCS_10
C:\Users\501\Desktop\train_test\G4_109OK_test\TCSN_2\109_TCSN_2_199.bmp,TCS_10
C:\Users\501\Desktop\train_test\G4_109OK_test\TCSN_2\109_TCSN_2_2.bmp,NG
C:\Users\501\Desktop\train_test\G4_109OK_test\TCSN_2\109_TCSN_2_20.bmp,TCSN_2
C:\Users\501\Desktop\train_test\G4_109OK_test\TCSN_2\109_TCSN_2_200.bmp,TCS_10
C:\Users\501\Desktop\train_test\G4_109OK_test\TCSN_2\109_TCSN_2_201.bmp,TCSN_2
C:\Users\501\Desktop\train_test\G4_109OK_test\TCSN_2\109_TCSN_2_202.bmp,TCS_10
C:\Users\501\Desktop\train_test\G4_109OK_test\TCSN_2\109_TCSN_2_203.bmp,TCSN_2
C:\Users\501\Desktop\train_test\G4_109OK_test\TCSN_2\109_TCSN_2_204.bmp,TCS_10
C:\Users\501\Desktop\train_test\G4_109OK_test\TCSN_2\109_TCSN_2_205.bmp,TCS_10
C:\Users\501\Desktop\train_test\G4_109OK_test\TCSN_2\109_TCSN_2_206.bmp,TCS_10
C:\Users\501\Desktop\train_test\G4_109OK_test\TCSN_2\109_TCSN_2_207.bmp,NG
C:\Users\501\Desktop\train_test\G4_109OK_test\TCSN_2\109_TCSN_2_208.bmp,NG
C:\Users\501\Desktop\train_test\G4_109OK_test\TCSN_2\109_TCSN_2_209.bmp,TCS_10
C:\Users\501\Desktop\train_test\G4_109OK_test\TCSN_2\109_TCSN_2_21.bmp,TCS_10
C:\Users\501\Desktop\train_test\G4_109OK_test\TCSN_2\109_TCSN_2_210.bmp,TCSN_2
C:\Users\501\Desktop\train_test\G4_109OK_test\TCSN_2\109_TCSN_2_211.bmp,TCS_10
C:\Users\501\Desktop\train_test\G4_109OK_test\TCSN_2\109_TCSN_2_212.bmp,NG
C:\Users\501\Desktop\train_test\G4_109OK_test\TCSN_2\109_TCSN_2_213.bmp,TCSN_2
C:\Users\501\Desktop\train_test\G4_109OK_test\TCSN_2\109_TCSN_2_214.bmp,TCSN_2
C:\Users\501\Desktop\train_test\G4_109OK_test\TCSN_2\109_TCSN_2_215.bmp,TCSN_2
C:\Users\501\Desktop\train_test\G4_109OK_test\TCSN_2\109_TCSN_2_216.bmp,TCSN_2
C:\Users\501\Desktop\train_test\G4_109OK_test\TCSN_2\109_TCSN_2_217.bmp,TCSN_2
C:\Users\501\Desktop\train_test\G4_109OK_test\TCSN_2\109_TCSN_2_218.bmp,TCSN_2
C:\Users\501\Desktop\train_test\G4_109OK_test\TCSN_2\109_TCSN_2_219.bmp,TCSN_2
C:\Users\501\Desktop\train_test\G4_109OK_test\TCSN_2\109_TCSN_2_22.bmp,TCS_10
C:\Users\501\Desktop\train_test\G4_109OK_test\TCSN_2\109_TCSN_2_220.bmp,TCS_10
C:\Users\501\Desktop\train_test\G4_109OK_test\TCSN_2\109_TCSN_2_221.bmp,TCSN_2
C:\Users\501\Desktop\train_test\G4_109OK_test\TCSN_2\109_TCSN_2_222.bmp,TCS_10
C:\Users\501\Desktop\train_test\G4_109OK_test\TCSN_2\109_TCSN_2_223.bmp,TCS_10
C:\Users\501\Desktop\train_test\G4_109OK_test\TCSN_2\109_TCSN_2_224.bmp,TCS_10
C:\Users\501\Desktop\train_test\G4_109OK_test\TCSN_2\109_TCSN_2_225.bmp,TCS_10
C:\Users\501\Desktop\train_test\G4_109OK_test\TCSN_2\109_TCSN_2_226.bmp,TCS_10
C:\Users\501\Desktop\train_test\G4_109OK_test\TCSN_2\109_TCSN_2_227.bmp,TCS_10
C:\Users\501\Desktop\train_test\G4_109OK_test\TCSN_2\109_TCSN_2_228.bmp,TCS_10
C:\Users\501\Desktop\train_test\G4_109OK_test\TCSN_2\109_TCSN_2_229.bmp,TCS_10
C:\Users\501\Desktop\train_test\G4_109OK_test\TCSN_2\109_TCSN_2_23.bmp,TCSN_2
C:\Users\501\Desktop\train_test\G4_109OK_test\TCSN_2\109_TCSN_2_230.bmp,TCSN_2
C:\Users\501\Desktop\train_test\G4_109OK_test\TCSN_2\109_TCSN_2_231.bmp,TCS_10
C:\Users\501\Desktop\train_test\G4_109OK_test\TCSN_2\109_TCSN_2_232.bmp,TCS_10
C:\Users\501\Desktop\train_test\G4_109OK_test\TCSN_2\109_TCSN_2_233.bmp,TCSN_2
C:\Users\501\Desktop\train_test\G4_109OK_test\TCSN_2\109_TCSN_2_234.bmp,TCS_10
C:\Users\501\Desktop\train_test\G4_109OK_test\TCSN_2\109_TCSN_2_235.bmp,TCSN_2
C:\Users\501\Desktop\train_test\G4_109OK_test\TCSN_2\109_TCSN_2_236.bmp,TCS_10
C:\Users\501\Desktop\train_test\G4_109OK_test\TCSN_2\109_TCSN_2_237.bmp,TCS_10
C:\Users\501\Desktop\train_test\G4_109OK_test\TCSN_2\109_TCSN_2_238.bmp,TCSN_2
C:\Users\501\Desktop\train_test\G4_109OK_test\TCSN_2\109_TCSN_2_239.bmp,TCS_10
C:\Users\501\Desktop\train_test\G4_109OK_test\TCSN_2\109_TCSN_2_24.bmp,TCS_10
C:\Users\501\Desktop\train_test\G4_109OK_test\TCSN_2\109_TCSN_2_240.bmp,TCS_10
C:\Users\501\Desktop\train_test\G4_109OK_test\TCSN_2\109_TCSN_2_241.bmp,TCS_10
C:\Users\501\Desktop\train_test\G4_109OK_test\TCSN_2\109_TCSN_2_242.bmp,TCS_10
C:\Users\501\Desktop\train_test\G4_109OK_test\TCSN_2\109_TCSN_2_243.bmp,TCSN_2
C:\Users\501\Desktop\train_test\G4_109OK_test\TCSN_2\109_TCSN_2_244.bmp,TCS_10
C:\Users\501\Desktop\train_test\G4_109OK_test\TCSN_2\109_TCSN_2_245.bmp,NG
C:\Users\501\Desktop\train_test\G4_109OK_test\TCSN_2\109_TCSN_2_246.bmp,TCSN_2
C:\Users\501\Desktop\train_test\G4_109OK_test\TCSN_2\109_TCSN_2_247.bmp,TCSN_2
C:\Users\501\Desktop\train_test\G4_109OK_test\TCSN_2\109_TCSN_2_248.bmp,TCSN_2
C:\Users\501\Desktop\train_test\G4_109OK_test\TCSN_2\109_TCSN_2_249.bmp,TCSN_2
C:\Users\501\Desktop\train_test\G4_109OK_test\TCSN_2\109_TCSN_2_25.bmp,TCSN_2
C:\Users\501\Desktop\train_test\G4_109OK_test\TCSN_2\109_TCSN_2_250.bmp,TCS_17
C:\Users\501\Desktop\train_test\G4_109OK_test\TCSN_2\109_TCSN_2_251.bmp,TCSN_2
C:\Users\501\Desktop\train_test\G4_109OK_test\TCSN_2\109_TCSN_2_252.bmp,TCSN_2
C:\Users\501\Desktop\train_test\G4_109OK_test\TCSN_2\109_TCSN_2_253.bmp,KHS_7
C:\Users\501\Desktop\train_test\G4_109OK_test\TCSN_2\109_TCSN_2_254.bmp,TCSN_2
C:\Users\501\Desktop\train_test\G4_109OK_test\TCSN_2\109_TCSN_2_255.bmp,TCSN_2
C:\Users\501\Desktop\train_test\G4_109OK_test\TCSN_2\109_TCSN_2_256.bmp,TCS_10
C:\Users\501\Desktop\train_test\G4_109OK_test\TCSN_2\109_TCSN_2_257.bmp,TCSN_2
C:\Users\501\Desktop\train_test\G4_109OK_test\TCSN_2\109_TCSN_2_258.bmp,TCS_17
C:\Users\501\Desktop\train_test\G4_109OK_test\TCSN_2\109_TCSN_2_259.bmp,KHS_7
C:\Users\501\Desktop\train_test\G4_109OK_test\TCSN_2\109_TCSN_2_26.bmp,TCSN_2
C:\Users\501\Desktop\train_test\G4_109OK_test\TCSN_2\109_TCSN_2_260.bmp,TCS_10
C:\Users\501\Desktop\train_test\G4_109OK_test\TCSN_2\109_TCSN_2_261.bmp,TCSN_2
C:\Users\501\Desktop\train_test\G4_109OK_test\TCSN_2\109_TCSN_2_262.bmp,TCS_10
C:\Users\501\Desktop\train_test\G4_109OK_test\TCSN_2\109_TCSN_2_263.bmp,TCS_10
C:\Users\501\Desktop\train_test\G4_109OK_test\TCSN_2\109_TCSN_2_264.bmp,NG
C:\Users\501\Desktop\train_test\G4_109OK_test\TCSN_2\109_TCSN_2_265.bmp,TCS_10
C:\Users\501\Desktop\train_test\G4_109OK_test\TCSN_2\109_TCSN_2_266.bmp,TCSN_2
C:\Users\501\Desktop\train_test\G4_109OK_test\TCSN_2\109_TCSN_2_267.bmp,TCS_10
C:\Users\501\Desktop\train_test\G4_109OK_test\TCSN_2\109_TCSN_2_268.bmp,TCSN_2
C:\Users\501\Desktop\train_test\G4_109OK_test\TCSN_2\109_TCSN_2_269.bmp,TCS_10
C:\Users\501\Desktop\train_test\G4_109OK_test\TCSN_2\109_TCSN_2_27.bmp,TCS_10
C:\Users\501\Desktop\train_test\G4_109OK_test\TCSN_2\109_TCSN_2_270.bmp,TCSN_2
C:\Users\501\Desktop\train_test\G4_109OK_test\TCSN_2\109_TCSN_2_271.bmp,TCS_17
C:\Users\501\Desktop\train_test\G4_109OK_test\TCSN_2\109_TCSN_2_272.bmp,TCSN_2
C:\Users\501\Desktop\train_test\G4_109OK_test\TCSN_2\109_TCSN_2_273.bmp,TCSN_2
C:\Users\501\Desktop\train_test\G4_109OK_test\TCSN_2\109_TCSN_2_274.bmp,TCS_10
C:\Users\501\Desktop\train_test\G4_109OK_test\TCSN_2\109_TCSN_2_275.bmp,TCSN_2
C:\Users\501\Desktop\train_test\G4_109OK_test\TCSN_2\109_TCSN_2_276.bmp,TCS_10
C:\Users\501\Desktop\train_test\G4_109OK_test\TCSN_2\109_TCSN_2_277.bmp,TCSN_2
C:\Users\501\Desktop\train_test\G4_109OK_test\TCSN_2\109_TCSN_2_278.bmp,NG
C:\Users\501\Desktop\train_test\G4_109OK_test\TCSN_2\109_TCSN_2_279.bmp,NG
C:\Users\501\Desktop\train_test\G4_109OK_test\TCSN_2\109_TCSN_2_28.bmp,TCS_10
C:\Users\501\Desktop\train_test\G4_109OK_test\TCSN_2\109_TCSN_2_280.bmp,TCS_10
C:\Users\501\Desktop\train_test\G4_109OK_test\TCSN_2\109_TCSN_2_281.bmp,TCS_10
C:\Users\501\Desktop\train_test\G4_109OK_test\TCSN_2\109_TCSN_2_282.bmp,TCS_10
C:\Users\501\Desktop\train_test\G4_109OK_test\TCSN_2\109_TCSN_2_283.bmp,TCS_10
C:\Users\501\Desktop\train_test\G4_109OK_test\TCSN_2\109_TCSN_2_284.bmp,TCSN_2
C:\Users\501\Desktop\train_test\G4_109OK_test\TCSN_2\109_TCSN_2_285.bmp,TCSN_2
C:\Users\501\Desktop\train_test\G4_109OK_test\TCSN_2\109_TCSN_2_286.bmp,TCS_10
C:\Users\501\Desktop\train_test\G4_109OK_test\TCSN_2\109_TCSN_2_287.bmp,TCS_10
C:\Users\501\Desktop\train_test\G4_109OK_test\TCSN_2\109_TCSN_2_288.bmp,TCSN_2
C:\Users\501\Desktop\train_test\G4_109OK_test\TCSN_2\109_TCSN_2_289.bmp,TCSN_2
C:\Users\501\Desktop\train_test\G4_109OK_test\TCSN_2\109_TCSN_2_29.bmp,TCSN_2
C:\Users\501\Desktop\train_test\G4_109OK_test\TCSN_2\109_TCSN_2_290.bmp,TCS_10
C:\Users\501\Desktop\train_test\G4_109OK_test\TCSN_2\109_TCSN_2_291.bmp,TCSN_2
C:\Users\501\Desktop\train_test\G4_109OK_test\TCSN_2\109_TCSN_2_292.bmp,TCSN_2
C:\Users\501\Desktop\train_test\G4_109OK_test\TCSN_2\109_TCSN_2_293.bmp,TCSN_2
C:\Users\501\Desktop\train_test\G4_109OK_test\TCSN_2\109_TCSN_2_294.bmp,NG
C:\Users\501\Desktop\train_test\G4_109OK_test\TCSN_2\109_TCSN_2_295.bmp,NG
C:\Users\501\Desktop\train_test\G4_109OK_test\TCSN_2\109_TCSN_2_296.bmp,TCSN_2
C:\Users\501\Desktop\train_test\G4_109OK_test\TCSN_2\109_TCSN_2_297.bmp,TCS_10
C:\Users\501\Desktop\train_test\G4_109OK_test\TCSN_2\109_TCSN_2_298.bmp,TCSN_2
C:\Users\501\Desktop\train_test\G4_109OK_test\TCSN_2\109_TCSN_2_299.bmp,TCSN_2
C:\Users\501\Desktop\train_test\G4_109OK_test\TCSN_2\109_TCSN_2_3.bmp,TCS_10
C:\Users\501\Desktop\train_test\G4_109OK_test\TCSN_2\109_TCSN_2_30.bmp,TCS_10
C:\Users\501\Desktop\train_test\G4_109OK_test\TCSN_2\109_TCSN_2_300.bmp,TCSN_2
C:\Users\501\Desktop\train_test\G4_109OK_test\TCSN_2\109_TCSN_2_301.bmp,TCS_10
C:\Users\501\Desktop\train_test\G4_109OK_test\TCSN_2\109_TCSN_2_302.bmp,TCS_10
C:\Users\501\Desktop\train_test\G4_109OK_test\TCSN_2\109_TCSN_2_303.bmp,TCS_10
C:\Users\501\Desktop\train_test\G4_109OK_test\TCSN_2\109_TCSN_2_304.bmp,TCS_10
C:\Users\501\Desktop\train_test\G4_109OK_test\TCSN_2\109_TCSN_2_305.bmp,TCS_10
C:\Users\501\Desktop\train_test\G4_109OK_test\TCSN_2\109_TCSN_2_306.bmp,TCS_10
C:\Users\501\Desktop\train_test\G4_109OK_test\TCSN_2\109_TCSN_2_307.bmp,NG
C:\Users\501\Desktop\train_test\G4_109OK_test\TCSN_2\109_TCSN_2_308.bmp,NG
C:\Users\501\Desktop\train_test\G4_109OK_test\TCSN_2\109_TCSN_2_309.bmp,TCS_10
C:\Users\501\Desktop\train_test\G4_109OK_test\TCSN_2\109_TCSN_2_31.bmp,TCSN_2
C:\Users\501\Desktop\train_test\G4_109OK_test\TCSN_2\109_TCSN_2_310.bmp,TCS_10
C:\Users\501\Desktop\train_test\G4_109OK_test\TCSN_2\109_TCSN_2_311.bmp,TCS_10
C:\Users\501\Desktop\train_test\G4_109OK_test\TCSN_2\109_TCSN_2_312.bmp,TCS_10
C:\Users\501\Desktop\train_test\G4_109OK_test\TCSN_2\109_TCSN_2_313.bmp,TCSN_2
C:\Users\501\Desktop\train_test\G4_109OK_test\TCSN_2\109_TCSN_2_314.bmp,TCSN_2
C:\Users\501\Desktop\train_test\G4_109OK_test\TCSN_2\109_TCSN_2_315.bmp,TCSN_2
C:\Users\501\Desktop\train_test\G4_109OK_test\TCSN_2\109_TCSN_2_316.bmp,TCS_10
C:\Users\501\Desktop\train_test\G4_109OK_test\TCSN_2\109_TCSN_2_317.bmp,TCSN_2
C:\Users\501\Desktop\train_test\G4_109OK_test\TCSN_2\109_TCSN_2_318.bmp,TCSN_2
C:\Users\501\Desktop\train_test\G4_109OK_test\TCSN_2\109_TCSN_2_319.bmp,NG
C:\Users\501\Desktop\train_test\G4_109OK_test\TCSN_2\109_TCSN_2_32.bmp,TCS_10
C:\Users\501\Desktop\train_test\G4_109OK_test\TCSN_2\109_TCSN_2_320.bmp,KHS_7
C:\Users\501\Desktop\train_test\G4_109OK_test\TCSN_2\109_TCSN_2_321.bmp,TCS_10
C:\Users\501\Desktop\train_test\G4_109OK_test\TCSN_2\109_TCSN_2_322.bmp,TCSN_2
C:\Users\501\Desktop\train_test\G4_109OK_test\TCSN_2\109_TCSN_2_323.bmp,TCSN_2
C:\Users\501\Desktop\train_test\G4_109OK_test\TCSN_2\109_TCSN_2_324.bmp,TCS_10
C:\Users\501\Desktop\train_test\G4_109OK_test\TCSN_2\109_TCSN_2_325.bmp,TCS_10
C:\Users\501\Desktop\train_test\G4_109OK_test\TCSN_2\109_TCSN_2_326.bmp,TCSN_2
C:\Users\501\Desktop\train_test\G4_109OK_test\TCSN_2\109_TCSN_2_327.bmp,TCSN_2
C:\Users\501\Desktop\train_test\G4_109OK_test\TCSN_2\109_TCSN_2_328.bmp,TCSN_2
C:\Users\501\Desktop\train_test\G4_109OK_test\TCSN_2\109_TCSN_2_329.bmp,TCSN_2
C:\Users\501\Desktop\train_test\G4_109OK_test\TCSN_2\109_TCSN_2_33.bmp,NG
C:\Users\501\Desktop\train_test\G4_109OK_test\TCSN_2\109_TCSN_2_330.bmp,TCSN_2
C:\Users\501\Desktop\train_test\G4_109OK_test\TCSN_2\109_TCSN_2_331.bmp,TCSN_2
C:\Users\501\Desktop\train_test\G4_109OK_test\TCSN_2\109_TCSN_2_332.bmp,TCS_10
C:\Users\501\Desktop\train_test\G4_109OK_test\TCSN_2\109_TCSN_2_333.bmp,TCSN_2
C:\Users\501\Desktop\train_test\G4_109OK_test\TCSN_2\109_TCSN_2_334.bmp,TCSN_2
C:\Users\501\Desktop\train_test\G4_109OK_test\TCSN_2\109_TCSN_2_335.bmp,NG
C:\Users\501\Desktop\train_test\G4_109OK_test\TCSN_2\109_TCSN_2_336.bmp,TCSN_2
C:\Users\501\Desktop\train_test\G4_109OK_test\TCSN_2\109_TCSN_2_337.bmp,TCSN_2
C:\Users\501\Desktop\train_test\G4_109OK_test\TCSN_2\109_TCSN_2_338.bmp,TCSN_2
C:\Users\501\Desktop\train_test\G4_109OK_test\TCSN_2\109_TCSN_2_339.bmp,TCS_17
C:\Users\501\Desktop\train_test\G4_109OK_test\TCSN_2\109_TCSN_2_34.bmp,TCS_10
C:\Users\501\Desktop\train_test\G4_109OK_test\TCSN_2\109_TCSN_2_340.bmp,TCS_10
C:\Users\501\Desktop\train_test\G4_109OK_test\TCSN_2\109_TCSN_2_341.bmp,TCSN_2
C:\Users\501\Desktop\train_test\G4_109OK_test\TCSN_2\109_TCSN_2_342.bmp,TCSN_2
C:\Users\501\Desktop\train_test\G4_109OK_test\TCSN_2\109_TCSN_2_343.bmp,NG
C:\Users\501\Desktop\train_test\G4_109OK_test\TCSN_2\109_TCSN_2_344.bmp,TCSN_2
C:\Users\501\Desktop\train_test\G4_109OK_test\TCSN_2\109_TCSN_2_345.bmp,TCSN_2
C:\Users\501\Desktop\train_test\G4_109OK_test\TCSN_2\109_TCSN_2_346.bmp,TCS_10
C:\Users\501\Desktop\train_test\G4_109OK_test\TCSN_2\109_TCSN_2_347.bmp,TCS_10
C:\Users\501\Desktop\train_test\G4_109OK_test\TCSN_2\109_TCSN_2_348.bmp,TCSN_2
C:\Users\501\Desktop\train_test\G4_109OK_test\TCSN_2\109_TCSN_2_349.bmp,TCS_10
C:\Users\501\Desktop\train_test\G4_109OK_test\TCSN_2\109_TCSN_2_35.bmp,TCSN_2
C:\Users\501\Desktop\train_test\G4_109OK_test\TCSN_2\109_TCSN_2_350.bmp,TCSN_2
C:\Users\501\Desktop\train_test\G4_109OK_test\TCSN_2\109_TCSN_2_351.bmp,NG
C:\Users\501\Desktop\train_test\G4_109OK_test\TCSN_2\109_TCSN_2_352.bmp,TCSN_2
C:\Users\501\Desktop\train_test\G4_109OK_test\TCSN_2\109_TCSN_2_353.bmp,TCS_10
C:\Users\501\Desktop\train_test\G4_109OK_test\TCSN_2\109_TCSN_2_354.bmp,NG
C:\Users\501\Desktop\train_test\G4_109OK_test\TCSN_2\109_TCSN_2_355.bmp,TCSN_2
C:\Users\501\Desktop\train_test\G4_109OK_test\TCSN_2\109_TCSN_2_356.bmp,TCSN_2
C:\Users\501\Desktop\train_test\G4_109OK_test\TCSN_2\109_TCSN_2_357.bmp,TCSN_2
C:\Users\501\Desktop\train_test\G4_109OK_test\TCSN_2\109_TCSN_2_358.bmp,TCS_10
C:\Users\501\Desktop\train_test\G4_109OK_test\TCSN_2\109_TCSN_2_359.bmp,TCS_10
C:\Users\501\Desktop\train_test\G4_109OK_test\TCSN_2\109_TCSN_2_36.bmp,TCSN_2
C:\Users\501\Desktop\train_test\G4_109OK_test\TCSN_2\109_TCSN_2_360.bmp,TCS_10
C:\Users\501\Desktop\train_test\G4_109OK_test\TCSN_2\109_TCSN_2_361.bmp,TCSN_2
C:\Users\501\Desktop\train_test\G4_109OK_test\TCSN_2\109_TCSN_2_362.bmp,TCS_10
C:\Users\501\Desktop\train_test\G4_109OK_test\TCSN_2\109_TCSN_2_363.bmp,TCSN_2
C:\Users\501\Desktop\train_test\G4_109OK_test\TCSN_2\109_TCSN_2_364.bmp,TCSN_2
C:\Users\501\Desktop\train_test\G4_109OK_test\TCSN_2\109_TCSN_2_365.bmp,TCSN_2
C:\Users\501\Desktop\train_test\G4_109OK_test\TCSN_2\109_TCSN_2_366.bmp,TCS_10
C:\Users\501\Desktop\train_test\G4_109OK_test\TCSN_2\109_TCSN_2_367.bmp,TCSN_2
C:\Users\501\Desktop\train_test\G4_109OK_test\TCSN_2\109_TCSN_2_368.bmp,TCS_10
C:\Users\501\Desktop\train_test\G4_109OK_test\TCSN_2\109_TCSN_2_369.bmp,TCSN_2
C:\Users\501\Desktop\train_test\G4_109OK_test\TCSN_2\109_TCSN_2_37.bmp,TCS_10
C:\Users\501\Desktop\train_test\G4_109OK_test\TCSN_2\109_TCSN_2_370.bmp,TCSN_2
C:\Users\501\Desktop\train_test\G4_109OK_test\TCSN_2\109_TCSN_2_371.bmp,NG
C:\Users\501\Desktop\train_test\G4_109OK_test\TCSN_2\109_TCSN_2_372.bmp,TCSN_2
C:\Users\501\Desktop\train_test\G4_109OK_test\TCSN_2\109_TCSN_2_373.bmp,TCS_17
C:\Users\501\Desktop\train_test\G4_109OK_test\TCSN_2\109_TCSN_2_374.bmp,NG
C:\Users\501\Desktop\train_test\G4_109OK_test\TCSN_2\109_TCSN_2_375.bmp,TCSN_2
C:\Users\501\Desktop\train_test\G4_109OK_test\TCSN_2\109_TCSN_2_376.bmp,TCSN_2
C:\Users\501\Desktop\train_test\G4_109OK_test\TCSN_2\109_TCSN_2_377.bmp,TCS_10
C:\Users\501\Desktop\train_test\G4_109OK_test\TCSN_2\109_TCSN_2_378.bmp,TCS_10
C:\Users\501\Desktop\train_test\G4_109OK_test\TCSN_2\109_TCSN_2_379.bmp,TCSN_2
C:\Users\501\Desktop\train_test\G4_109OK_test\TCSN_2\109_TCSN_2_38.bmp,TCS_10
C:\Users\501\Desktop\train_test\G4_109OK_test\TCSN_2\109_TCSN_2_380.bmp,TCS_10
C:\Users\501\Desktop\train_test\G4_109OK_test\TCSN_2\109_TCSN_2_381.bmp,TCS_10
C:\Users\501\Desktop\train_test\G4_109OK_test\TCSN_2\109_TCSN_2_382.bmp,KHS_7
C:\Users\501\Desktop\train_test\G4_109OK_test\TCSN_2\109_TCSN_2_383.bmp,TCSN_2
C:\Users\501\Desktop\train_test\G4_109OK_test\TCSN_2\109_TCSN_2_384.bmp,TCS_10
C:\Users\501\Desktop\train_test\G4_109OK_test\TCSN_2\109_TCSN_2_385.bmp,TCSN_2
C:\Users\501\Desktop\train_test\G4_109OK_test\TCSN_2\109_TCSN_2_386.bmp,TCSN_2
C:\Users\501\Desktop\train_test\G4_109OK_test\TCSN_2\109_TCSN_2_387.bmp,TCSN_2
C:\Users\501\Desktop\train_test\G4_109OK_test\TCSN_2\109_TCSN_2_388.bmp,TCS_10
C:\Users\501\Desktop\train_test\G4_109OK_test\TCSN_2\109_TCSN_2_389.bmp,TCS_10
C:\Users\501\Desktop\train_test\G4_109OK_test\TCSN_2\109_TCSN_2_39.bmp,TCSN_2
C:\Users\501\Desktop\train_test\G4_109OK_test\TCSN_2\109_TCSN_2_390.bmp,TCS_10
C:\Users\501\Desktop\train_test\G4_109OK_test\TCSN_2\109_TCSN_2_391.bmp,TCSN_2
C:\Users\501\Desktop\train_test\G4_109OK_test\TCSN_2\109_TCSN_2_392.bmp,TCSN_2
C:\Users\501\Desktop\train_test\G4_109OK_test\TCSN_2\109_TCSN_2_393.bmp,TCS_10
C:\Users\501\Desktop\train_test\G4_109OK_test\TCSN_2\109_TCSN_2_394.bmp,TCSN_2
C:\Users\501\Desktop\train_test\G4_109OK_test\TCSN_2\109_TCSN_2_395.bmp,TCSN_2
C:\Users\501\Desktop\train_test\G4_109OK_test\TCSN_2\109_TCSN_2_396.bmp,NG
C:\Users\501\Desktop\train_test\G4_109OK_test\TCSN_2\109_TCSN_2_397.bmp,TCS_10
C:\Users\501\Desktop\train_test\G4_109OK_test\TCSN_2\109_TCSN_2_398.bmp,TCSN_2
C:\Users\501\Desktop\train_test\G4_109OK_test\TCSN_2\109_TCSN_2_399.bmp,KHS_7
C:\Users\501\Desktop\train_test\G4_109OK_test\TCSN_2\109_TCSN_2_4.bmp,TCS_10
C:\Users\501\Desktop\train_test\G4_109OK_test\TCSN_2\109_TCSN_2_40.bmp,TCSN_2
C:\Users\501\Desktop\train_test\G4_109OK_test\TCSN_2\109_TCSN_2_400.bmp,TCS_10
C:\Users\501\Desktop\train_test\G4_109OK_test\TCSN_2\109_TCSN_2_401.bmp,TCSN_2
C:\Users\501\Desktop\train_test\G4_109OK_test\TCSN_2\109_TCSN_2_402.bmp,TCSN_2
C:\Users\501\Desktop\train_test\G4_109OK_test\TCSN_2\109_TCSN_2_403.bmp,TCS_10
C:\Users\501\Desktop\train_test\G4_109OK_test\TCSN_2\109_TCSN_2_404.bmp,TCSN_2
C:\Users\501\Desktop\train_test\G4_109OK_test\TCSN_2\109_TCSN_2_405.bmp,NG
C:\Users\501\Desktop\train_test\G4_109OK_test\TCSN_2\109_TCSN_2_406.bmp,TCSN_2
C:\Users\501\Desktop\train_test\G4_109OK_test\TCSN_2\109_TCSN_2_407.bmp,NG
C:\Users\501\Desktop\train_test\G4_109OK_test\TCSN_2\109_TCSN_2_408.bmp,TCS_10
C:\Users\501\Desktop\train_test\G4_109OK_test\TCSN_2\109_TCSN_2_409.bmp,TCS_10
C:\Users\501\Desktop\train_test\G4_109OK_test\TCSN_2\109_TCSN_2_41.bmp,TCS_10
C:\Users\501\Desktop\train_test\G4_109OK_test\TCSN_2\109_TCSN_2_410.bmp,TCSN_2
C:\Users\501\Desktop\train_test\G4_109OK_test\TCSN_2\109_TCSN_2_411.bmp,TCSN_2
C:\Users\501\Desktop\train_test\G4_109OK_test\TCSN_2\109_TCSN_2_412.bmp,TCSN_2
C:\Users\501\Desktop\train_test\G4_109OK_test\TCSN_2\109_TCSN_2_413.bmp,TCSN_2
C:\Users\501\Desktop\train_test\G4_109OK_test\TCSN_2\109_TCSN_2_414.bmp,TCSN_2
C:\Users\501\Desktop\train_test\G4_109OK_test\TCSN_2\109_TCSN_2_415.bmp,TCS_10
C:\Users\501\Desktop\train_test\G4_109OK_test\TCSN_2\109_TCSN_2_416.bmp,TCS_10
C:\Users\501\Desktop\train_test\G4_109OK_test\TCSN_2\109_TCSN_2_417.bmp,TCS_17
C:\Users\501\Desktop\train_test\G4_109OK_test\TCSN_2\109_TCSN_2_418.bmp,TCS_17
C:\Users\501\Desktop\train_test\G4_109OK_test\TCSN_2\109_TCSN_2_419.bmp,TCSN_2
C:\Users\501\Desktop\train_test\G4_109OK_test\TCSN_2\109_TCSN_2_42.bmp,TCSN_2
C:\Users\501\Desktop\train_test\G4_109OK_test\TCSN_2\109_TCSN_2_420.bmp,TCS_10
C:\Users\501\Desktop\train_test\G4_109OK_test\TCSN_2\109_TCSN_2_421.bmp,TCSN_2
C:\Users\501\Desktop\train_test\G4_109OK_test\TCSN_2\109_TCSN_2_422.bmp,TCS_10
C:\Users\501\Desktop\train_test\G4_109OK_test\TCSN_2\109_TCSN_2_423.bmp,TCSN_2
C:\Users\501\Desktop\train_test\G4_109OK_test\TCSN_2\109_TCSN_2_424.bmp,TCS_10
C:\Users\501\Desktop\train_test\G4_109OK_test\TCSN_2\109_TCSN_2_425.bmp,NG
C:\Users\501\Desktop\train_test\G4_109OK_test\TCSN_2\109_TCSN_2_426.bmp,TCSN_2
C:\Users\501\Desktop\train_test\G4_109OK_test\TCSN_2\109_TCSN_2_427.bmp,TCS_10
C:\Users\501\Desktop\train_test\G4_109OK_test\TCSN_2\109_TCSN_2_428.bmp,TCS_10
C:\Users\501\Desktop\train_test\G4_109OK_test\TCSN_2\109_TCSN_2_429.bmp,TCS_10
C:\Users\501\Desktop\train_test\G4_109OK_test\TCSN_2\109_TCSN_2_43.bmp,NG
C:\Users\501\Desktop\train_test\G4_109OK_test\TCSN_2\109_TCSN_2_430.bmp,TCSN_2
C:\Users\501\Desktop\train_test\G4_109OK_test\TCSN_2\109_TCSN_2_431.bmp,TCS_10
C:\Users\501\Desktop\train_test\G4_109OK_test\TCSN_2\109_TCSN_2_432.bmp,TCS_17
C:\Users\501\Desktop\train_test\G4_109OK_test\TCSN_2\109_TCSN_2_433.bmp,TCS_10
C:\Users\501\Desktop\train_test\G4_109OK_test\TCSN_2\109_TCSN_2_434.bmp,TCS_10
C:\Users\501\Desktop\train_test\G4_109OK_test\TCSN_2\109_TCSN_2_435.bmp,TCSN_2
C:\Users\501\Desktop\train_test\G4_109OK_test\TCSN_2\109_TCSN_2_436.bmp,TCS_10
C:\Users\501\Desktop\train_test\G4_109OK_test\TCSN_2\109_TCSN_2_437.bmp,TCS_10
C:\Users\501\Desktop\train_test\G4_109OK_test\TCSN_2\109_TCSN_2_438.bmp,TCS_10
C:\Users\501\Desktop\train_test\G4_109OK_test\TCSN_2\109_TCSN_2_439.bmp,TCS_10
C:\Users\501\Desktop\train_test\G4_109OK_test\TCSN_2\109_TCSN_2_44.bmp,TCSN_2
C:\Users\501\Desktop\train_test\G4_109OK_test\TCSN_2\109_TCSN_2_440.bmp,TCS_10
C:\Users\501\Desktop\train_test\G4_109OK_test\TCSN_2\109_TCSN_2_441.bmp,TCS_10
C:\Users\501\Desktop\train_test\G4_109OK_test\TCSN_2\109_TCSN_2_442.bmp,TCSN_2
C:\Users\501\Desktop\train_test\G4_109OK_test\TCSN_2\109_TCSN_2_443.bmp,TCS_10
C:\Users\501\Desktop\train_test\G4_109OK_test\TCSN_2\109_TCSN_2_444.bmp,TCS_10
C:\Users\501\Desktop\train_test\G4_109OK_test\TCSN_2\109_TCSN_2_445.bmp,TCSN_2
C:\Users\501\Desktop\train_test\G4_109OK_test\TCSN_2\109_TCSN_2_446.bmp,NG
C:\Users\501\Desktop\train_test\G4_109OK_test\TCSN_2\109_TCSN_2_447.bmp,TCS_10
C:\Users\501\Desktop\train_test\G4_109OK_test\TCSN_2\109_TCSN_2_448.bmp,TCSN_2
C:\Users\501\Desktop\train_test\G4_109OK_test\TCSN_2\109_TCSN_2_449.bmp,TCS_10
C:\Users\501\Desktop\train_test\G4_109OK_test\TCSN_2\109_TCSN_2_45.bmp,TCS_17
C:\Users\501\Desktop\train_test\G4_109OK_test\TCSN_2\109_TCSN_2_450.bmp,TCS_10
C:\Users\501\Desktop\train_test\G4_109OK_test\TCSN_2\109_TCSN_2_451.bmp,TCSN_2
C:\Users\501\Desktop\train_test\G4_109OK_test\TCSN_2\109_TCSN_2_452.bmp,TCS_10
C:\Users\501\Desktop\train_test\G4_109OK_test\TCSN_2\109_TCSN_2_453.bmp,TCS_10
C:\Users\501\Desktop\train_test\G4_109OK_test\TCSN_2\109_TCSN_2_454.bmp,TCSN_2
C:\Users\501\Desktop\train_test\G4_109OK_test\TCSN_2\109_TCSN_2_455.bmp,TCS_10
C:\Users\501\Desktop\train_test\G4_109OK_test\TCSN_2\109_TCSN_2_456.bmp,TCSN_2
C:\Users\501\Desktop\train_test\G4_109OK_test\TCSN_2\109_TCSN_2_457.bmp,TCS_10
C:\Users\501\Desktop\train_test\G4_109OK_test\TCSN_2\109_TCSN_2_458.bmp,TCSN_2
C:\Users\501\Desktop\train_test\G4_109OK_test\TCSN_2\109_TCSN_2_459.bmp,TCS_10
C:\Users\501\Desktop\train_test\G4_109OK_test\TCSN_2\109_TCSN_2_46.bmp,No
C:\Users\501\Desktop\train_test\G4_109OK_test\TCSN_2\109_TCSN_2_460.bmp,TCSN_2
C:\Users\501\Desktop\train_test\G4_109OK_test\TCSN_2\109_TCSN_2_461.bmp,TCS_10
C:\Users\501\Desktop\train_test\G4_109OK_test\TCSN_2\109_TCSN_2_462.bmp,TCSN_2
C:\Users\501\Desktop\train_test\G4_109OK_test\TCSN_2\109_TCSN_2_463.bmp,TCS_10
C:\Users\501\Desktop\train_test\G4_109OK_test\TCSN_2\109_TCSN_2_464.bmp,TCSN_2
C:\Users\501\Desktop\train_test\G4_109OK_test\TCSN_2\109_TCSN_2_465.bmp,TCS_10
C:\Users\501\Desktop\train_test\G4_109OK_test\TCSN_2\109_TCSN_2_466.bmp,TCS_10
C:\Users\501\Desktop\train_test\G4_109OK_test\TCSN_2\109_TCSN_2_467.bmp,TCS_10
C:\Users\501\Desktop\train_test\G4_109OK_test\TCSN_2\109_TCSN_2_468.bmp,TCSN_2
C:\Users\501\Desktop\train_test\G4_109OK_test\TCSN_2\109_TCSN_2_469.bmp,TCSN_2
C:\Users\501\Desktop\train_test\G4_109OK_test\TCSN_2\109_TCSN_2_47.bmp,TCS_10
C:\Users\501\Desktop\train_test\G4_109OK_test\TCSN_2\109_TCSN_2_470.bmp,TCS_10
C:\Users\501\Desktop\train_test\G4_109OK_test\TCSN_2\109_TCSN_2_471.bmp,TCSN_2
C:\Users\501\Desktop\train_test\G4_109OK_test\TCSN_2\109_TCSN_2_472.bmp,TCS_10
C:\Users\501\Desktop\train_test\G4_109OK_test\TCSN_2\109_TCSN_2_473.bmp,TCS_10
C:\Users\501\Desktop\train_test\G4_109OK_test\TCSN_2\109_TCSN_2_474.bmp,TCSN_2
C:\Users\501\Desktop\train_test\G4_109OK_test\TCSN_2\109_TCSN_2_475.bmp,TCSN_2
C:\Users\501\Desktop\train_test\G4_109OK_test\TCSN_2\109_TCSN_2_476.bmp,TCSN_2
C:\Users\501\Desktop\train_test\G4_109OK_test\TCSN_2\109_TCSN_2_477.bmp,TCS_10
C:\Users\501\Desktop\train_test\G4_109OK_test\TCSN_2\109_TCSN_2_478.bmp,TCSN_2
C:\Users\501\Desktop\train_test\G4_109OK_test\TCSN_2\109_TCSN_2_479.bmp,TCSN_2
C:\Users\501\Desktop\train_test\G4_109OK_test\TCSN_2\109_TCSN_2_48.bmp,TCS_10
C:\Users\501\Desktop\train_test\G4_109OK_test\TCSN_2\109_TCSN_2_480.bmp,NG
C:\Users\501\Desktop\train_test\G4_109OK_test\TCSN_2\109_TCSN_2_481.bmp,TCSN_2
C:\Users\501\Desktop\train_test\G4_109OK_test\TCSN_2\109_TCSN_2_482.bmp,TCS_10
C:\Users\501\Desktop\train_test\G4_109OK_test\TCSN_2\109_TCSN_2_483.bmp,TCS_10
C:\Users\501\Desktop\train_test\G4_109OK_test\TCSN_2\109_TCSN_2_484.bmp,TCSN_2
C:\Users\501\Desktop\train_test\G4_109OK_test\TCSN_2\109_TCSN_2_485.bmp,NG
C:\Users\501\Desktop\train_test\G4_109OK_test\TCSN_2\109_TCSN_2_486.bmp,TCS_10
C:\Users\501\Desktop\train_test\G4_109OK_test\TCSN_2\109_TCSN_2_487.bmp,TCS_10
C:\Users\501\Desktop\train_test\G4_109OK_test\TCSN_2\109_TCSN_2_488.bmp,TCS_10
C:\Users\501\Desktop\train_test\G4_109OK_test\TCSN_2\109_TCSN_2_489.bmp,TCSN_2
C:\Users\501\Desktop\train_test\G4_109OK_test\TCSN_2\109_TCSN_2_49.bmp,TCSN_2
C:\Users\501\Desktop\train_test\G4_109OK_test\TCSN_2\109_TCSN_2_490.bmp,TCSN_2
C:\Users\501\Desktop\train_test\G4_109OK_test\TCSN_2\109_TCSN_2_491.bmp,TCSN_2
C:\Users\501\Desktop\train_test\G4_109OK_test\TCSN_2\109_TCSN_2_492.bmp,TCSN_2
C:\Users\501\Desktop\train_test\G4_109OK_test\TCSN_2\109_TCSN_2_493.bmp,TCS_10
C:\Users\501\Desktop\train_test\G4_109OK_test\TCSN_2\109_TCSN_2_494.bmp,TCS_10
C:\Users\501\Desktop\train_test\G4_109OK_test\TCSN_2\109_TCSN_2_495.bmp,TCS_10
C:\Users\501\Desktop\train_test\G4_109OK_test\TCSN_2\109_TCSN_2_496.bmp,TCSN_2
C:\Users\501\Desktop\train_test\G4_109OK_test\TCSN_2\109_TCSN_2_497.bmp,TCS_10
C:\Users\501\Desktop\train_test\G4_109OK_test\TCSN_2\109_TCSN_2_498.bmp,NG
C:\Users\501\Desktop\train_test\G4_109OK_test\TCSN_2\109_TCSN_2_499.bmp,TCSN_2
C:\Users\501\Desktop\train_test\G4_109OK_test\TCSN_2\109_TCSN_2_5.bmp,TCS_10
C:\Users\501\Desktop\train_test\G4_109OK_test\TCSN_2\109_TCSN_2_50.bmp,TCSN_2
C:\Users\501\Desktop\train_test\G4_109OK_test\TCSN_2\109_TCSN_2_500.bmp,TCSN_2
C:\Users\501\Desktop\train_test\G4_109OK_test\TCSN_2\109_TCSN_2_501.bmp,TCSN_2
C:\Users\501\Desktop\train_test\G4_109OK_test\TCSN_2\109_TCSN_2_502.bmp,TCS_10
C:\Users\501\Desktop\train_test\G4_109OK_test\TCSN_2\109_TCSN_2_503.bmp,TCS_10
C:\Users\501\Desktop\train_test\G4_109OK_test\TCSN_2\109_TCSN_2_504.bmp,TCS_10
C:\Users\501\Desktop\train_test\G4_109OK_test\TCSN_2\109_TCSN_2_505.bmp,TCSN_2
C:\Users\501\Desktop\train_test\G4_109OK_test\TCSN_2\109_TCSN_2_506.bmp,TCSN_2
C:\Users\501\Desktop\train_test\G4_109OK_test\TCSN_2\109_TCSN_2_507.bmp,TCS_10
C:\Users\501\Desktop\train_test\G4_109OK_test\TCSN_2\109_TCSN_2_508.bmp,TCSN_2
C:\Users\501\Desktop\train_test\G4_109OK_test\TCSN_2\109_TCSN_2_509.bmp,TCS_10
C:\Users\501\Desktop\train_test\G4_109OK_test\TCSN_2\109_TCSN_2_51.bmp,TCSN_2
C:\Users\501\Desktop\train_test\G4_109OK_test\TCSN_2\109_TCSN_2_510.bmp,TCS_10
C:\Users\501\Desktop\train_test\G4_109OK_test\TCSN_2\109_TCSN_2_511.bmp,TCSN_2
C:\Users\501\Desktop\train_test\G4_109OK_test\TCSN_2\109_TCSN_2_512.bmp,TCSN_2
C:\Users\501\Desktop\train_test\G4_109OK_test\TCSN_2\109_TCSN_2_513.bmp,TCS_10
C:\Users\501\Desktop\train_test\G4_109OK_test\TCSN_2\109_TCSN_2_514.bmp,TCSN_2
C:\Users\501\Desktop\train_test\G4_109OK_test\TCSN_2\109_TCSN_2_515.bmp,TCS_10
C:\Users\501\Desktop\train_test\G4_109OK_test\TCSN_2\109_TCSN_2_516.bmp,TCSN_2
C:\Users\501\Desktop\train_test\G4_109OK_test\TCSN_2\109_TCSN_2_517.bmp,TCS_10
C:\Users\501\Desktop\train_test\G4_109OK_test\TCSN_2\109_TCSN_2_518.bmp,TCSN_2
C:\Users\501\Desktop\train_test\G4_109OK_test\TCSN_2\109_TCSN_2_519.bmp,TCS_10
C:\Users\501\Desktop\train_test\G4_109OK_test\TCSN_2\109_TCSN_2_52.bmp,TCSN_2
C:\Users\501\Desktop\train_test\G4_109OK_test\TCSN_2\109_TCSN_2_520.bmp,TCSN_2
C:\Users\501\Desktop\train_test\G4_109OK_test\TCSN_2\109_TCSN_2_521.bmp,TCSN_2
C:\Users\501\Desktop\train_test\G4_109OK_test\TCSN_2\109_TCSN_2_522.bmp,TCSN_2
C:\Users\501\Desktop\train_test\G4_109OK_test\TCSN_2\109_TCSN_2_523.bmp,TCSN_2
C:\Users\501\Desktop\train_test\G4_109OK_test\TCSN_2\109_TCSN_2_524.bmp,TCS_10
C:\Users\501\Desktop\train_test\G4_109OK_test\TCSN_2\109_TCSN_2_525.bmp,TCSN_2
C:\Users\501\Desktop\train_test\G4_109OK_test\TCSN_2\109_TCSN_2_526.bmp,TCSN_2
C:\Users\501\Desktop\train_test\G4_109OK_test\TCSN_2\109_TCSN_2_527.bmp,TCS_10
C:\Users\501\Desktop\train_test\G4_109OK_test\TCSN_2\109_TCSN_2_528.bmp,TCS_10
C:\Users\501\Desktop\train_test\G4_109OK_test\TCSN_2\109_TCSN_2_529.bmp,NG
C:\Users\501\Desktop\train_test\G4_109OK_test\TCSN_2\109_TCSN_2_53.bmp,NG
C:\Users\501\Desktop\train_test\G4_109OK_test\TCSN_2\109_TCSN_2_530.bmp,NG
C:\Users\501\Desktop\train_test\G4_109OK_test\TCSN_2\109_TCSN_2_531.bmp,TCSN_2
C:\Users\501\Desktop\train_test\G4_109OK_test\TCSN_2\109_TCSN_2_532.bmp,NG
C:\Users\501\Desktop\train_test\G4_109OK_test\TCSN_2\109_TCSN_2_533.bmp,TCS_10
C:\Users\501\Desktop\train_test\G4_109OK_test\TCSN_2\109_TCSN_2_534.bmp,TCSN_2
C:\Users\501\Desktop\train_test\G4_109OK_test\TCSN_2\109_TCSN_2_535.bmp,TCSN_2
C:\Users\501\Desktop\train_test\G4_109OK_test\TCSN_2\109_TCSN_2_536.bmp,TCS_10
C:\Users\501\Desktop\train_test\G4_109OK_test\TCSN_2\109_TCSN_2_537.bmp,TCS_10
C:\Users\501\Desktop\train_test\G4_109OK_test\TCSN_2\109_TCSN_2_538.bmp,TCS_10
C:\Users\501\Desktop\train_test\G4_109OK_test\TCSN_2\109_TCSN_2_539.bmp,TCSN_2
C:\Users\501\Desktop\train_test\G4_109OK_test\TCSN_2\109_TCSN_2_54.bmp,TCS_10
C:\Users\501\Desktop\train_test\G4_109OK_test\TCSN_2\109_TCSN_2_540.bmp,TCS_10
C:\Users\501\Desktop\train_test\G4_109OK_test\TCSN_2\109_TCSN_2_541.bmp,TCS_10
C:\Users\501\Desktop\train_test\G4_109OK_test\TCSN_2\109_TCSN_2_542.bmp,TCSN_2
C:\Users\501\Desktop\train_test\G4_109OK_test\TCSN_2\109_TCSN_2_543.bmp,TCSN_2
C:\Users\501\Desktop\train_test\G4_109OK_test\TCSN_2\109_TCSN_2_544.bmp,TCS_10
C:\Users\501\Desktop\train_test\G4_109OK_test\TCSN_2\109_TCSN_2_545.bmp,TCSN_2
C:\Users\501\Desktop\train_test\G4_109OK_test\TCSN_2\109_TCSN_2_546.bmp,TCS_10
C:\Users\501\Desktop\train_test\G4_109OK_test\TCSN_2\109_TCSN_2_547.bmp,TCSN_2
C:\Users\501\Desktop\train_test\G4_109OK_test\TCSN_2\109_TCSN_2_548.bmp,NG
C:\Users\501\Desktop\train_test\G4_109OK_test\TCSN_2\109_TCSN_2_549.bmp,TCSN_2
C:\Users\501\Desktop\train_test\G4_109OK_test\TCSN_2\109_TCSN_2_55.bmp,TCSN_2
C:\Users\501\Desktop\train_test\G4_109OK_test\TCSN_2\109_TCSN_2_550.bmp,TCSN_2
C:\Users\501\Desktop\train_test\G4_109OK_test\TCSN_2\109_TCSN_2_551.bmp,TCSN_2
C:\Users\501\Desktop\train_test\G4_109OK_test\TCSN_2\109_TCSN_2_552.bmp,TCSN_2
C:\Users\501\Desktop\train_test\G4_109OK_test\TCSN_2\109_TCSN_2_553.bmp,TCS_17
C:\Users\501\Desktop\train_test\G4_109OK_test\TCSN_2\109_TCSN_2_554.bmp,TCSN_2
C:\Users\501\Desktop\train_test\G4_109OK_test\TCSN_2\109_TCSN_2_555.bmp,TCSN_2
C:\Users\501\Desktop\train_test\G4_109OK_test\TCSN_2\109_TCSN_2_556.bmp,TCS_10
C:\Users\501\Desktop\train_test\G4_109OK_test\TCSN_2\109_TCSN_2_557.bmp,TCSN_2
C:\Users\501\Desktop\train_test\G4_109OK_test\TCSN_2\109_TCSN_2_558.bmp,TCS_10
C:\Users\501\Desktop\train_test\G4_109OK_test\TCSN_2\109_TCSN_2_559.bmp,TCS_10
C:\Users\501\Desktop\train_test\G4_109OK_test\TCSN_2\109_TCSN_2_56.bmp,TCS_10
C:\Users\501\Desktop\train_test\G4_109OK_test\TCSN_2\109_TCSN_2_560.bmp,TCSN_2
C:\Users\501\Desktop\train_test\G4_109OK_test\TCSN_2\109_TCSN_2_561.bmp,TCSN_2
C:\Users\501\Desktop\train_test\G4_109OK_test\TCSN_2\109_TCSN_2_562.bmp,TCSN_2
C:\Users\501\Desktop\train_test\G4_109OK_test\TCSN_2\109_TCSN_2_563.bmp,TCSN_2
C:\Users\501\Desktop\train_test\G4_109OK_test\TCSN_2\109_TCSN_2_564.bmp,TCS_10
C:\Users\501\Desktop\train_test\G4_109OK_test\TCSN_2\109_TCSN_2_565.bmp,TCS_10
C:\Users\501\Desktop\train_test\G4_109OK_test\TCSN_2\109_TCSN_2_566.bmp,TCS_10
C:\Users\501\Desktop\train_test\G4_109OK_test\TCSN_2\109_TCSN_2_567.bmp,TCSN_2
C:\Users\501\Desktop\train_test\G4_109OK_test\TCSN_2\109_TCSN_2_568.bmp,TCSN_2
C:\Users\501\Desktop\train_test\G4_109OK_test\TCSN_2\109_TCSN_2_569.bmp,TCSN_2
C:\Users\501\Desktop\train_test\G4_109OK_test\TCSN_2\109_TCSN_2_57.bmp,TCSN_2
C:\Users\501\Desktop\train_test\G4_109OK_test\TCSN_2\109_TCSN_2_570.bmp,TCS_10
C:\Users\501\Desktop\train_test\G4_109OK_test\TCSN_2\109_TCSN_2_571.bmp,TCS_17
C:\Users\501\Desktop\train_test\G4_109OK_test\TCSN_2\109_TCSN_2_572.bmp,TCS_10
C:\Users\501\Desktop\train_test\G4_109OK_test\TCSN_2\109_TCSN_2_573.bmp,TCS_10
C:\Users\501\Desktop\train_test\G4_109OK_test\TCSN_2\109_TCSN_2_574.bmp,TCS_10
C:\Users\501\Desktop\train_test\G4_109OK_test\TCSN_2\109_TCSN_2_575.bmp,TCSN_2
C:\Users\501\Desktop\train_test\G4_109OK_test\TCSN_2\109_TCSN_2_576.bmp,TCSN_2
C:\Users\501\Desktop\train_test\G4_109OK_test\TCSN_2\109_TCSN_2_577.bmp,TCS_10
C:\Users\501\Desktop\train_test\G4_109OK_test\TCSN_2\109_TCSN_2_578.bmp,TCSN_2
C:\Users\501\Desktop\train_test\G4_109OK_test\TCSN_2\109_TCSN_2_579.bmp,TCSN_2
C:\Users\501\Desktop\train_test\G4_109OK_test\TCSN_2\109_TCSN_2_58.bmp,TCSN_2
C:\Users\501\Desktop\train_test\G4_109OK_test\TCSN_2\109_TCSN_2_580.bmp,TCSN_2
C:\Users\501\Desktop\train_test\G4_109OK_test\TCSN_2\109_TCSN_2_581.bmp,TCSN_2
C:\Users\501\Desktop\train_test\G4_109OK_test\TCSN_2\109_TCSN_2_582.bmp,TCS_10
C:\Users\501\Desktop\train_test\G4_109OK_test\TCSN_2\109_TCSN_2_583.bmp,TCSN_2
C:\Users\501\Desktop\train_test\G4_109OK_test\TCSN_2\109_TCSN_2_584.bmp,TCSN_2
C:\Users\501\Desktop\train_test\G4_109OK_test\TCSN_2\109_TCSN_2_585.bmp,TCSN_2
C:\Users\501\Desktop\train_test\G4_109OK_test\TCSN_2\109_TCSN_2_586.bmp,TCS_10
C:\Users\501\Desktop\train_test\G4_109OK_test\TCSN_2\109_TCSN_2_587.bmp,TCS_10
C:\Users\501\Desktop\train_test\G4_109OK_test\TCSN_2\109_TCSN_2_588.bmp,TCS_10
C:\Users\501\Desktop\train_test\G4_109OK_test\TCSN_2\109_TCSN_2_589.bmp,TCSN_2
C:\Users\501\Desktop\train_test\G4_109OK_test\TCSN_2\109_TCSN_2_59.bmp,TCS_10
C:\Users\501\Desktop\train_test\G4_109OK_test\TCSN_2\109_TCSN_2_590.bmp,TCSN_2
C:\Users\501\Desktop\train_test\G4_109OK_test\TCSN_2\109_TCSN_2_591.bmp,TCS_10
C:\Users\501\Desktop\train_test\G4_109OK_test\TCSN_2\109_TCSN_2_592.bmp,TCS_10
C:\Users\501\Desktop\train_test\G4_109OK_test\TCSN_2\109_TCSN_2_593.bmp,TCSN_2
C:\Users\501\Desktop\train_test\G4_109OK_test\TCSN_2\109_TCSN_2_594.bmp,TCSN_2
C:\Users\501\Desktop\train_test\G4_109OK_test\TCSN_2\109_TCSN_2_595.bmp,TCSN_2
C:\Users\501\Desktop\train_test\G4_109OK_test\TCSN_2\109_TCSN_2_596.bmp,TCSN_2
C:\Users\501\Desktop\train_test\G4_109OK_test\TCSN_2\109_TCSN_2_597.bmp,TCSN_2
C:\Users\501\Desktop\train_test\G4_109OK_test\TCSN_2\109_TCSN_2_598.bmp,TCSN_2
C:\Users\501\Desktop\train_test\G4_109OK_test\TCSN_2\109_TCSN_2_599.bmp,TCSN_2
C:\Users\501\Desktop\train_test\G4_109OK_test\TCSN_2\109_TCSN_2_6.bmp,NG
C:\Users\501\Desktop\train_test\G4_109OK_test\TCSN_2\109_TCSN_2_60.bmp,TCSN_2
C:\Users\501\Desktop\train_test\G4_109OK_test\TCSN_2\109_TCSN_2_600.bmp,TCS_10
C:\Users\501\Desktop\train_test\G4_109OK_test\TCSN_2\109_TCSN_2_601.bmp,TCSN_2
C:\Users\501\Desktop\train_test\G4_109OK_test\TCSN_2\109_TCSN_2_602.bmp,TCSN_2
C:\Users\501\Desktop\train_test\G4_109OK_test\TCSN_2\109_TCSN_2_603.bmp,TCSN_2
C:\Users\501\Desktop\train_test\G4_109OK_test\TCSN_2\109_TCSN_2_604.bmp,NG
C:\Users\501\Desktop\train_test\G4_109OK_test\TCSN_2\109_TCSN_2_605.bmp,TCS_10
C:\Users\501\Desktop\train_test\G4_109OK_test\TCSN_2\109_TCSN_2_606.bmp,TCSN_2
C:\Users\501\Desktop\train_test\G4_109OK_test\TCSN_2\109_TCSN_2_607.bmp,TCS_10
C:\Users\501\Desktop\train_test\G4_109OK_test\TCSN_2\109_TCSN_2_608.bmp,TCSN_2
C:\Users\501\Desktop\train_test\G4_109OK_test\TCSN_2\109_TCSN_2_609.bmp,TCS_10
C:\Users\501\Desktop\train_test\G4_109OK_test\TCSN_2\109_TCSN_2_61.bmp,TCSN_2
C:\Users\501\Desktop\train_test\G4_109OK_test\TCSN_2\109_TCSN_2_610.bmp,TCSN_2
C:\Users\501\Desktop\train_test\G4_109OK_test\TCSN_2\109_TCSN_2_611.bmp,NG
C:\Users\501\Desktop\train_test\G4_109OK_test\TCSN_2\109_TCSN_2_62.bmp,TCS_10
C:\Users\501\Desktop\train_test\G4_109OK_test\TCSN_2\109_TCSN_2_63.bmp,TCSN_2
C:\Users\501\Desktop\train_test\G4_109OK_test\TCSN_2\109_TCSN_2_64.bmp,TCS_17
C:\Users\501\Desktop\train_test\G4_109OK_test\TCSN_2\109_TCSN_2_65.bmp,TCS_10
C:\Users\501\Desktop\train_test\G4_109OK_test\TCSN_2\109_TCSN_2_66.bmp,TCS_10
C:\Users\501\Desktop\train_test\G4_109OK_test\TCSN_2\109_TCSN_2_67.bmp,TCSN_2
C:\Users\501\Desktop\train_test\G4_109OK_test\TCSN_2\109_TCSN_2_68.bmp,TCS_10
C:\Users\501\Desktop\train_test\G4_109OK_test\TCSN_2\109_TCSN_2_69.bmp,NG
C:\Users\501\Desktop\train_test\G4_109OK_test\TCSN_2\109_TCSN_2_7.bmp,TCS_10
C:\Users\501\Desktop\train_test\G4_109OK_test\TCSN_2\109_TCSN_2_70.bmp,TCSN_2
C:\Users\501\Desktop\train_test\G4_109OK_test\TCSN_2\109_TCSN_2_71.bmp,TCS_10
C:\Users\501\Desktop\train_test\G4_109OK_test\TCSN_2\109_TCSN_2_72.bmp,TCS_10
C:\Users\501\Desktop\train_test\G4_109OK_test\TCSN_2\109_TCSN_2_73.bmp,TCS_10
C:\Users\501\Desktop\train_test\G4_109OK_test\TCSN_2\109_TCSN_2_74.bmp,TCS_10
C:\Users\501\Desktop\train_test\G4_109OK_test\TCSN_2\109_TCSN_2_75.bmp,TCSN_2
C:\Users\501\Desktop\train_test\G4_109OK_test\TCSN_2\109_TCSN_2_76.bmp,NG
C:\Users\501\Desktop\train_test\G4_109OK_test\TCSN_2\109_TCSN_2_77.bmp,TCS_10
C:\Users\501\Desktop\train_test\G4_109OK_test\TCSN_2\109_TCSN_2_78.bmp,TCS_10
C:\Users\501\Desktop\train_test\G4_109OK_test\TCSN_2\109_TCSN_2_79.bmp,TCSN_2
C:\Users\501\Desktop\train_test\G4_109OK_test\TCSN_2\109_TCSN_2_8.bmp,TCS_10
C:\Users\501\Desktop\train_test\G4_109OK_test\TCSN_2\109_TCSN_2_80.bmp,TCS_10
C:\Users\501\Desktop\train_test\G4_109OK_test\TCSN_2\109_TCSN_2_81.bmp,TCS_10
C:\Users\501\Desktop\train_test\G4_109OK_test\TCSN_2\109_TCSN_2_82.bmp,TCS_10
C:\Users\501\Desktop\train_test\G4_109OK_test\TCSN_2\109_TCSN_2_83.bmp,TCS_10
C:\Users\501\Desktop\train_test\G4_109OK_test\TCSN_2\109_TCSN_2_84.bmp,TCS_10
C:\Users\501\Desktop\train_test\G4_109OK_test\TCSN_2\109_TCSN_2_85.bmp,TCS_10
C:\Users\501\Desktop\train_test\G4_109OK_test\TCSN_2\109_TCSN_2_86.bmp,TCS_10
C:\Users\501\Desktop\train_test\G4_109OK_test\TCSN_2\109_TCSN_2_87.bmp,TCSN_2
C:\Users\501\Desktop\train_test\G4_109OK_test\TCSN_2\109_TCSN_2_88.bmp,TCS_10
C:\Users\501\Desktop\train_test\G4_109OK_test\TCSN_2\109_TCSN_2_89.bmp,TCS_10
C:\Users\501\Desktop\train_test\G4_109OK_test\TCSN_2\109_TCSN_2_9.bmp,NG
C:\Users\501\Desktop\train_test\G4_109OK_test\TCSN_2\109_TCSN_2_90.bmp,TCSN_2
C:\Users\501\Desktop\train_test\G4_109OK_test\TCSN_2\109_TCSN_2_91.bmp,TCS_10
C:\Users\501\Desktop\train_test\G4_109OK_test\TCSN_2\109_TCSN_2_92.bmp,TKN_3
C:\Users\501\Desktop\train_test\G4_109OK_test\TCSN_2\109_TCSN_2_93.bmp,No
C:\Users\501\Desktop\train_test\G4_109OK_test\TCSN_2\109_TCSN_2_94.bmp,TCS_10
C:\Users\501\Desktop\train_test\G4_109OK_test\TCSN_2\109_TCSN_2_95.bmp,TCS_10
C:\Users\501\Desktop\train_test\G4_109OK_test\TCSN_2\109_TCSN_2_96.bmp,TCSN_2
C:\Users\501\Desktop\train_test\G4_109OK_test\TCSN_2\109_TCSN_2_97.bmp,TCS_10
C:\Users\501\Desktop\train_test\G4_109OK_test\TCSN_2\109_TCSN_2_98.bmp,TCS_10
C:\Users\501\Desktop\train_test\G4_109OK_test\TCSN_2\109_TCSN_2_99.bmp,TCS_10


TCSN_2,611,Accurate: 43.37152 %
KHS_7,TCSN_2,TCS_10,TCS_17,TKN_3,No
7,265,265,18,1,2
