C:\Users\501\Desktop\train_test\G4_109OK_test\TKN_3\109_TKN_3_1.bmp,TKN_3
C:\Users\501\Desktop\train_test\G4_109OK_test\TKN_3\109_TKN_3_10.bmp,TKN_3
C:\Users\501\Desktop\train_test\G4_109OK_test\TKN_3\109_TKN_3_100.bmp,TKN_3
C:\Users\501\Desktop\train_test\G4_109OK_test\TKN_3\109_TKN_3_101.bmp,TKN_3
C:\Users\501\Desktop\train_test\G4_109OK_test\TKN_3\109_TKN_3_102.bmp,TKN_3
C:\Users\501\Desktop\train_test\G4_109OK_test\TKN_3\109_TKN_3_103.bmp,TKN_3
C:\Users\501\Desktop\train_test\G4_109OK_test\TKN_3\109_TKN_3_104.bmp,TKN_3
C:\Users\501\Desktop\train_test\G4_109OK_test\TKN_3\109_TKN_3_105.bmp,TKN_3
C:\Users\501\Desktop\train_test\G4_109OK_test\TKN_3\109_TKN_3_106.bmp,NG
C:\Users\501\Desktop\train_test\G4_109OK_test\TKN_3\109_TKN_3_107.bmp,TKN_3
C:\Users\501\Desktop\train_test\G4_109OK_test\TKN_3\109_TKN_3_108.bmp,TKN_3
C:\Users\501\Desktop\train_test\G4_109OK_test\TKN_3\109_TKN_3_109.bmp,TKN_3
C:\Users\501\Desktop\train_test\G4_109OK_test\TKN_3\109_TKN_3_11.bmp,TKN_3
C:\Users\501\Desktop\train_test\G4_109OK_test\TKN_3\109_TKN_3_110.bmp,TKN_3
C:\Users\501\Desktop\train_test\G4_109OK_test\TKN_3\109_TKN_3_111.bmp,TKN_3
C:\Users\501\Desktop\train_test\G4_109OK_test\TKN_3\109_TKN_3_112.bmp,TKN_3
C:\Users\501\Desktop\train_test\G4_109OK_test\TKN_3\109_TKN_3_113.bmp,TKN_3
C:\Users\501\Desktop\train_test\G4_109OK_test\TKN_3\109_TKN_3_114.bmp,TKN_3
C:\Users\501\Desktop\train_test\G4_109OK_test\TKN_3\109_TKN_3_115.bmp,TKN_3
C:\Users\501\Desktop\train_test\G4_109OK_test\TKN_3\109_TKN_3_116.bmp,TKN_3
C:\Users\501\Desktop\train_test\G4_109OK_test\TKN_3\109_TKN_3_117.bmp,TKN_3
C:\Users\501\Desktop\train_test\G4_109OK_test\TKN_3\109_TKN_3_118.bmp,TKN_3
C:\Users\501\Desktop\train_test\G4_109OK_test\TKN_3\109_TKN_3_119.bmp,TKN_3
C:\Users\501\Desktop\train_test\G4_109OK_test\TKN_3\109_TKN_3_12.bmp,TKN_3
C:\Users\501\Desktop\train_test\G4_109OK_test\TKN_3\109_TKN_3_120.bmp,TKN_3
C:\Users\501\Desktop\train_test\G4_109OK_test\TKN_3\109_TKN_3_121.bmp,TKN_3
C:\Users\501\Desktop\train_test\G4_109OK_test\TKN_3\109_TKN_3_122.bmp,TKN_3
C:\Users\501\Desktop\train_test\G4_109OK_test\TKN_3\109_TKN_3_123.bmp,TKN_3
C:\Users\501\Desktop\train_test\G4_109OK_test\TKN_3\109_TKN_3_124.bmp,TKN_3
C:\Users\501\Desktop\train_test\G4_109OK_test\TKN_3\109_TKN_3_125.bmp,TKN_3
C:\Users\501\Desktop\train_test\G4_109OK_test\TKN_3\109_TKN_3_126.bmp,TKN_3
C:\Users\501\Desktop\train_test\G4_109OK_test\TKN_3\109_TKN_3_127.bmp,TKN_3
C:\Users\501\Desktop\train_test\G4_109OK_test\TKN_3\109_TKN_3_128.bmp,TKN_3
C:\Users\501\Desktop\train_test\G4_109OK_test\TKN_3\109_TKN_3_129.bmp,TKN_3
C:\Users\501\Desktop\train_test\G4_109OK_test\TKN_3\109_TKN_3_13.bmp,TKN_3
C:\Users\501\Desktop\train_test\G4_109OK_test\TKN_3\109_TKN_3_130.bmp,TKN_3
C:\Users\501\Desktop\train_test\G4_109OK_test\TKN_3\109_TKN_3_131.bmp,TKN_3
C:\Users\501\Desktop\train_test\G4_109OK_test\TKN_3\109_TKN_3_132.bmp,TKN_3
C:\Users\501\Desktop\train_test\G4_109OK_test\TKN_3\109_TKN_3_133.bmp,TKN_3
C:\Users\501\Desktop\train_test\G4_109OK_test\TKN_3\109_TKN_3_134.bmp,TKN_3
C:\Users\501\Desktop\train_test\G4_109OK_test\TKN_3\109_TKN_3_135.bmp,TKN_3
C:\Users\501\Desktop\train_test\G4_109OK_test\TKN_3\109_TKN_3_136.bmp,TKN_3
C:\Users\501\Desktop\train_test\G4_109OK_test\TKN_3\109_TKN_3_137.bmp,TKN_3
C:\Users\501\Desktop\train_test\G4_109OK_test\TKN_3\109_TKN_3_138.bmp,TKN_3
C:\Users\501\Desktop\train_test\G4_109OK_test\TKN_3\109_TKN_3_139.bmp,TKN_3
C:\Users\501\Desktop\train_test\G4_109OK_test\TKN_3\109_TKN_3_14.bmp,TKN_3
C:\Users\501\Desktop\train_test\G4_109OK_test\TKN_3\109_TKN_3_140.bmp,TKN_3
C:\Users\501\Desktop\train_test\G4_109OK_test\TKN_3\109_TKN_3_141.bmp,TKN_3
C:\Users\501\Desktop\train_test\G4_109OK_test\TKN_3\109_TKN_3_142.bmp,TKN_3
C:\Users\501\Desktop\train_test\G4_109OK_test\TKN_3\109_TKN_3_143.bmp,TKN_3
C:\Users\501\Desktop\train_test\G4_109OK_test\TKN_3\109_TKN_3_144.bmp,NG
C:\Users\501\Desktop\train_test\G4_109OK_test\TKN_3\109_TKN_3_145.bmp,TKN_3
C:\Users\501\Desktop\train_test\G4_109OK_test\TKN_3\109_TKN_3_146.bmp,TKN_3
C:\Users\501\Desktop\train_test\G4_109OK_test\TKN_3\109_TKN_3_147.bmp,TKN_3
C:\Users\501\Desktop\train_test\G4_109OK_test\TKN_3\109_TKN_3_148.bmp,TKN_3
C:\Users\501\Desktop\train_test\G4_109OK_test\TKN_3\109_TKN_3_149.bmp,TKN_3
C:\Users\501\Desktop\train_test\G4_109OK_test\TKN_3\109_TKN_3_15.bmp,TKN_3
C:\Users\501\Desktop\train_test\G4_109OK_test\TKN_3\109_TKN_3_150.bmp,TKN_3
C:\Users\501\Desktop\train_test\G4_109OK_test\TKN_3\109_TKN_3_151.bmp,TKN_3
C:\Users\501\Desktop\train_test\G4_109OK_test\TKN_3\109_TKN_3_152.bmp,TKN_3
C:\Users\501\Desktop\train_test\G4_109OK_test\TKN_3\109_TKN_3_153.bmp,TKN_3
C:\Users\501\Desktop\train_test\G4_109OK_test\TKN_3\109_TKN_3_154.bmp,NG
C:\Users\501\Desktop\train_test\G4_109OK_test\TKN_3\109_TKN_3_155.bmp,TKN_3
C:\Users\501\Desktop\train_test\G4_109OK_test\TKN_3\109_TKN_3_156.bmp,TKN_3
C:\Users\501\Desktop\train_test\G4_109OK_test\TKN_3\109_TKN_3_157.bmp,TKN_3
C:\Users\501\Desktop\train_test\G4_109OK_test\TKN_3\109_TKN_3_158.bmp,TCS_17
C:\Users\501\Desktop\train_test\G4_109OK_test\TKN_3\109_TKN_3_159.bmp,TKN_3
C:\Users\501\Desktop\train_test\G4_109OK_test\TKN_3\109_TKN_3_16.bmp,TKN_3
C:\Users\501\Desktop\train_test\G4_109OK_test\TKN_3\109_TKN_3_160.bmp,TKN_3
C:\Users\501\Desktop\train_test\G4_109OK_test\TKN_3\109_TKN_3_161.bmp,TKN_3
C:\Users\501\Desktop\train_test\G4_109OK_test\TKN_3\109_TKN_3_162.bmp,TKN_3
C:\Users\501\Desktop\train_test\G4_109OK_test\TKN_3\109_TKN_3_163.bmp,TKN_3
C:\Users\501\Desktop\train_test\G4_109OK_test\TKN_3\109_TKN_3_164.bmp,TKN_3
C:\Users\501\Desktop\train_test\G4_109OK_test\TKN_3\109_TKN_3_165.bmp,TKN_3
C:\Users\501\Desktop\train_test\G4_109OK_test\TKN_3\109_TKN_3_166.bmp,TKN_3
C:\Users\501\Desktop\train_test\G4_109OK_test\TKN_3\109_TKN_3_167.bmp,TKN_3
C:\Users\501\Desktop\train_test\G4_109OK_test\TKN_3\109_TKN_3_168.bmp,TKN_3
C:\Users\501\Desktop\train_test\G4_109OK_test\TKN_3\109_TKN_3_169.bmp,TKN_3
C:\Users\501\Desktop\train_test\G4_109OK_test\TKN_3\109_TKN_3_17.bmp,TKN_3
C:\Users\501\Desktop\train_test\G4_109OK_test\TKN_3\109_TKN_3_170.bmp,TKN_3
C:\Users\501\Desktop\train_test\G4_109OK_test\TKN_3\109_TKN_3_171.bmp,TKN_3
C:\Users\501\Desktop\train_test\G4_109OK_test\TKN_3\109_TKN_3_172.bmp,TKN_3
C:\Users\501\Desktop\train_test\G4_109OK_test\TKN_3\109_TKN_3_173.bmp,TKN_3
C:\Users\501\Desktop\train_test\G4_109OK_test\TKN_3\109_TKN_3_174.bmp,NG
C:\Users\501\Desktop\train_test\G4_109OK_test\TKN_3\109_TKN_3_175.bmp,TKN_3
C:\Users\501\Desktop\train_test\G4_109OK_test\TKN_3\109_TKN_3_176.bmp,TKN_3
C:\Users\501\Desktop\train_test\G4_109OK_test\TKN_3\109_TKN_3_177.bmp,TKN_3
C:\Users\501\Desktop\train_test\G4_109OK_test\TKN_3\109_TKN_3_178.bmp,TKN_3
C:\Users\501\Desktop\train_test\G4_109OK_test\TKN_3\109_TKN_3_179.bmp,KHS_7
C:\Users\501\Desktop\train_test\G4_109OK_test\TKN_3\109_TKN_3_18.bmp,TKN_3
C:\Users\501\Desktop\train_test\G4_109OK_test\TKN_3\109_TKN_3_180.bmp,TKN_3
C:\Users\501\Desktop\train_test\G4_109OK_test\TKN_3\109_TKN_3_181.bmp,TKN_3
C:\Users\501\Desktop\train_test\G4_109OK_test\TKN_3\109_TKN_3_182.bmp,TKN_3
C:\Users\501\Desktop\train_test\G4_109OK_test\TKN_3\109_TKN_3_183.bmp,TKN_3
C:\Users\501\Desktop\train_test\G4_109OK_test\TKN_3\109_TKN_3_184.bmp,TKN_3
C:\Users\501\Desktop\train_test\G4_109OK_test\TKN_3\109_TKN_3_185.bmp,TKN_3
C:\Users\501\Desktop\train_test\G4_109OK_test\TKN_3\109_TKN_3_186.bmp,TKN_3
C:\Users\501\Desktop\train_test\G4_109OK_test\TKN_3\109_TKN_3_187.bmp,TKN_3
C:\Users\501\Desktop\train_test\G4_109OK_test\TKN_3\109_TKN_3_188.bmp,TKN_3
C:\Users\501\Desktop\train_test\G4_109OK_test\TKN_3\109_TKN_3_189.bmp,TKN_3
C:\Users\501\Desktop\train_test\G4_109OK_test\TKN_3\109_TKN_3_19.bmp,TKN_3
C:\Users\501\Desktop\train_test\G4_109OK_test\TKN_3\109_TKN_3_190.bmp,TKN_3
C:\Users\501\Desktop\train_test\G4_109OK_test\TKN_3\109_TKN_3_191.bmp,TKN_3
C:\Users\501\Desktop\train_test\G4_109OK_test\TKN_3\109_TKN_3_192.bmp,TKN_3
C:\Users\501\Desktop\train_test\G4_109OK_test\TKN_3\109_TKN_3_193.bmp,TKN_3
C:\Users\501\Desktop\train_test\G4_109OK_test\TKN_3\109_TKN_3_194.bmp,TKN_3
C:\Users\501\Desktop\train_test\G4_109OK_test\TKN_3\109_TKN_3_195.bmp,TKN_3
C:\Users\501\Desktop\train_test\G4_109OK_test\TKN_3\109_TKN_3_196.bmp,TKN_3
C:\Users\501\Desktop\train_test\G4_109OK_test\TKN_3\109_TKN_3_197.bmp,TKN_3
C:\Users\501\Desktop\train_test\G4_109OK_test\TKN_3\109_TKN_3_198.bmp,TKN_3
C:\Users\501\Desktop\train_test\G4_109OK_test\TKN_3\109_TKN_3_199.bmp,TKN_3
C:\Users\501\Desktop\train_test\G4_109OK_test\TKN_3\109_TKN_3_2.bmp,TKN_3
C:\Users\501\Desktop\train_test\G4_109OK_test\TKN_3\109_TKN_3_20.bmp,NG
C:\Users\501\Desktop\train_test\G4_109OK_test\TKN_3\109_TKN_3_200.bmp,NG
C:\Users\501\Desktop\train_test\G4_109OK_test\TKN_3\109_TKN_3_201.bmp,TKN_3
C:\Users\501\Desktop\train_test\G4_109OK_test\TKN_3\109_TKN_3_202.bmp,NG
C:\Users\501\Desktop\train_test\G4_109OK_test\TKN_3\109_TKN_3_203.bmp,TKN_3
C:\Users\501\Desktop\train_test\G4_109OK_test\TKN_3\109_TKN_3_204.bmp,TKN_3
C:\Users\501\Desktop\train_test\G4_109OK_test\TKN_3\109_TKN_3_205.bmp,TKN_3
C:\Users\501\Desktop\train_test\G4_109OK_test\TKN_3\109_TKN_3_206.bmp,TKN_3
C:\Users\501\Desktop\train_test\G4_109OK_test\TKN_3\109_TKN_3_207.bmp,TKN_3
C:\Users\501\Desktop\train_test\G4_109OK_test\TKN_3\109_TKN_3_208.bmp,TKN_3
C:\Users\501\Desktop\train_test\G4_109OK_test\TKN_3\109_TKN_3_209.bmp,TKN_3
C:\Users\501\Desktop\train_test\G4_109OK_test\TKN_3\109_TKN_3_21.bmp,TKN_3
C:\Users\501\Desktop\train_test\G4_109OK_test\TKN_3\109_TKN_3_210.bmp,TKN_3
C:\Users\501\Desktop\train_test\G4_109OK_test\TKN_3\109_TKN_3_211.bmp,TKN_3
C:\Users\501\Desktop\train_test\G4_109OK_test\TKN_3\109_TKN_3_212.bmp,TKN_3
C:\Users\501\Desktop\train_test\G4_109OK_test\TKN_3\109_TKN_3_213.bmp,TKN_3
C:\Users\501\Desktop\train_test\G4_109OK_test\TKN_3\109_TKN_3_214.bmp,TKN_3
C:\Users\501\Desktop\train_test\G4_109OK_test\TKN_3\109_TKN_3_215.bmp,TKN_3
C:\Users\501\Desktop\train_test\G4_109OK_test\TKN_3\109_TKN_3_216.bmp,TKN_3
C:\Users\501\Desktop\train_test\G4_109OK_test\TKN_3\109_TKN_3_217.bmp,TKN_3
C:\Users\501\Desktop\train_test\G4_109OK_test\TKN_3\109_TKN_3_218.bmp,TKN_3
C:\Users\501\Desktop\train_test\G4_109OK_test\TKN_3\109_TKN_3_219.bmp,TKN_3
C:\Users\501\Desktop\train_test\G4_109OK_test\TKN_3\109_TKN_3_22.bmp,TKN_3
C:\Users\501\Desktop\train_test\G4_109OK_test\TKN_3\109_TKN_3_220.bmp,No
C:\Users\501\Desktop\train_test\G4_109OK_test\TKN_3\109_TKN_3_221.bmp,TKN_3
C:\Users\501\Desktop\train_test\G4_109OK_test\TKN_3\109_TKN_3_222.bmp,TKN_3
C:\Users\501\Desktop\train_test\G4_109OK_test\TKN_3\109_TKN_3_223.bmp,TKN_3
C:\Users\501\Desktop\train_test\G4_109OK_test\TKN_3\109_TKN_3_224.bmp,TKN_3
C:\Users\501\Desktop\train_test\G4_109OK_test\TKN_3\109_TKN_3_225.bmp,TKN_3
C:\Users\501\Desktop\train_test\G4_109OK_test\TKN_3\109_TKN_3_226.bmp,TKN_3
C:\Users\501\Desktop\train_test\G4_109OK_test\TKN_3\109_TKN_3_227.bmp,TKN_3
C:\Users\501\Desktop\train_test\G4_109OK_test\TKN_3\109_TKN_3_228.bmp,TKN_3
C:\Users\501\Desktop\train_test\G4_109OK_test\TKN_3\109_TKN_3_229.bmp,TKN_3
C:\Users\501\Desktop\train_test\G4_109OK_test\TKN_3\109_TKN_3_23.bmp,TKN_3
C:\Users\501\Desktop\train_test\G4_109OK_test\TKN_3\109_TKN_3_230.bmp,TKN_3
C:\Users\501\Desktop\train_test\G4_109OK_test\TKN_3\109_TKN_3_231.bmp,TKN_3
C:\Users\501\Desktop\train_test\G4_109OK_test\TKN_3\109_TKN_3_232.bmp,TKN_3
C:\Users\501\Desktop\train_test\G4_109OK_test\TKN_3\109_TKN_3_233.bmp,TKN_3
C:\Users\501\Desktop\train_test\G4_109OK_test\TKN_3\109_TKN_3_234.bmp,TKN_3
C:\Users\501\Desktop\train_test\G4_109OK_test\TKN_3\109_TKN_3_235.bmp,TKN_3
C:\Users\501\Desktop\train_test\G4_109OK_test\TKN_3\109_TKN_3_236.bmp,TKN_3
C:\Users\501\Desktop\train_test\G4_109OK_test\TKN_3\109_TKN_3_237.bmp,TKN_3
C:\Users\501\Desktop\train_test\G4_109OK_test\TKN_3\109_TKN_3_238.bmp,TKN_3
C:\Users\501\Desktop\train_test\G4_109OK_test\TKN_3\109_TKN_3_239.bmp,TKN_3
C:\Users\501\Desktop\train_test\G4_109OK_test\TKN_3\109_TKN_3_24.bmp,TKN_3
C:\Users\501\Desktop\train_test\G4_109OK_test\TKN_3\109_TKN_3_240.bmp,TKN_3
C:\Users\501\Desktop\train_test\G4_109OK_test\TKN_3\109_TKN_3_241.bmp,TKN_3
C:\Users\501\Desktop\train_test\G4_109OK_test\TKN_3\109_TKN_3_242.bmp,TKN_3
C:\Users\501\Desktop\train_test\G4_109OK_test\TKN_3\109_TKN_3_243.bmp,TKN_3
C:\Users\501\Desktop\train_test\G4_109OK_test\TKN_3\109_TKN_3_244.bmp,TKN_3
C:\Users\501\Desktop\train_test\G4_109OK_test\TKN_3\109_TKN_3_245.bmp,TKN_3
C:\Users\501\Desktop\train_test\G4_109OK_test\TKN_3\109_TKN_3_246.bmp,TKN_3
C:\Users\501\Desktop\train_test\G4_109OK_test\TKN_3\109_TKN_3_247.bmp,TKN_3
C:\Users\501\Desktop\train_test\G4_109OK_test\TKN_3\109_TKN_3_248.bmp,TKN_3
C:\Users\501\Desktop\train_test\G4_109OK_test\TKN_3\109_TKN_3_249.bmp,TKN_3
C:\Users\501\Desktop\train_test\G4_109OK_test\TKN_3\109_TKN_3_25.bmp,NG
C:\Users\501\Desktop\train_test\G4_109OK_test\TKN_3\109_TKN_3_250.bmp,TKN_3
C:\Users\501\Desktop\train_test\G4_109OK_test\TKN_3\109_TKN_3_251.bmp,TKN_3
C:\Users\501\Desktop\train_test\G4_109OK_test\TKN_3\109_TKN_3_252.bmp,TKN_3
C:\Users\501\Desktop\train_test\G4_109OK_test\TKN_3\109_TKN_3_253.bmp,TKN_3
C:\Users\501\Desktop\train_test\G4_109OK_test\TKN_3\109_TKN_3_254.bmp,TKN_3
C:\Users\501\Desktop\train_test\G4_109OK_test\TKN_3\109_TKN_3_255.bmp,TCS_17
C:\Users\501\Desktop\train_test\G4_109OK_test\TKN_3\109_TKN_3_256.bmp,TKN_3
C:\Users\501\Desktop\train_test\G4_109OK_test\TKN_3\109_TKN_3_257.bmp,TKN_3
C:\Users\501\Desktop\train_test\G4_109OK_test\TKN_3\109_TKN_3_258.bmp,TKN_3
C:\Users\501\Desktop\train_test\G4_109OK_test\TKN_3\109_TKN_3_259.bmp,TKN_3
C:\Users\501\Desktop\train_test\G4_109OK_test\TKN_3\109_TKN_3_26.bmp,TKN_3
C:\Users\501\Desktop\train_test\G4_109OK_test\TKN_3\109_TKN_3_260.bmp,TKN_3
C:\Users\501\Desktop\train_test\G4_109OK_test\TKN_3\109_TKN_3_261.bmp,KHS_7
C:\Users\501\Desktop\train_test\G4_109OK_test\TKN_3\109_TKN_3_262.bmp,TKN_3
C:\Users\501\Desktop\train_test\G4_109OK_test\TKN_3\109_TKN_3_263.bmp,TKN_3
C:\Users\501\Desktop\train_test\G4_109OK_test\TKN_3\109_TKN_3_264.bmp,TKN_3
C:\Users\501\Desktop\train_test\G4_109OK_test\TKN_3\109_TKN_3_265.bmp,TKN_3
C:\Users\501\Desktop\train_test\G4_109OK_test\TKN_3\109_TKN_3_266.bmp,TKN_3
C:\Users\501\Desktop\train_test\G4_109OK_test\TKN_3\109_TKN_3_267.bmp,TKN_3
C:\Users\501\Desktop\train_test\G4_109OK_test\TKN_3\109_TKN_3_268.bmp,TKN_3
C:\Users\501\Desktop\train_test\G4_109OK_test\TKN_3\109_TKN_3_269.bmp,TKN_3
C:\Users\501\Desktop\train_test\G4_109OK_test\TKN_3\109_TKN_3_27.bmp,TKN_3
C:\Users\501\Desktop\train_test\G4_109OK_test\TKN_3\109_TKN_3_270.bmp,TKN_3
C:\Users\501\Desktop\train_test\G4_109OK_test\TKN_3\109_TKN_3_271.bmp,TKN_3
C:\Users\501\Desktop\train_test\G4_109OK_test\TKN_3\109_TKN_3_272.bmp,TKN_3
C:\Users\501\Desktop\train_test\G4_109OK_test\TKN_3\109_TKN_3_273.bmp,TKN_3
C:\Users\501\Desktop\train_test\G4_109OK_test\TKN_3\109_TKN_3_274.bmp,TKN_3
C:\Users\501\Desktop\train_test\G4_109OK_test\TKN_3\109_TKN_3_275.bmp,TKN_3
C:\Users\501\Desktop\train_test\G4_109OK_test\TKN_3\109_TKN_3_276.bmp,TKN_3
C:\Users\501\Desktop\train_test\G4_109OK_test\TKN_3\109_TKN_3_277.bmp,TKN_3
C:\Users\501\Desktop\train_test\G4_109OK_test\TKN_3\109_TKN_3_278.bmp,TKN_3
C:\Users\501\Desktop\train_test\G4_109OK_test\TKN_3\109_TKN_3_279.bmp,TKN_3
C:\Users\501\Desktop\train_test\G4_109OK_test\TKN_3\109_TKN_3_28.bmp,TKN_3
C:\Users\501\Desktop\train_test\G4_109OK_test\TKN_3\109_TKN_3_280.bmp,TKN_3
C:\Users\501\Desktop\train_test\G4_109OK_test\TKN_3\109_TKN_3_281.bmp,TKN_3
C:\Users\501\Desktop\train_test\G4_109OK_test\TKN_3\109_TKN_3_282.bmp,TKN_3
C:\Users\501\Desktop\train_test\G4_109OK_test\TKN_3\109_TKN_3_283.bmp,TKN_3
C:\Users\501\Desktop\train_test\G4_109OK_test\TKN_3\109_TKN_3_284.bmp,TKN_3
C:\Users\501\Desktop\train_test\G4_109OK_test\TKN_3\109_TKN_3_285.bmp,KHS_7
C:\Users\501\Desktop\train_test\G4_109OK_test\TKN_3\109_TKN_3_286.bmp,TKN_3
C:\Users\501\Desktop\train_test\G4_109OK_test\TKN_3\109_TKN_3_287.bmp,TKN_3
C:\Users\501\Desktop\train_test\G4_109OK_test\TKN_3\109_TKN_3_288.bmp,NG
C:\Users\501\Desktop\train_test\G4_109OK_test\TKN_3\109_TKN_3_289.bmp,TKN_3
C:\Users\501\Desktop\train_test\G4_109OK_test\TKN_3\109_TKN_3_29.bmp,TKN_3
C:\Users\501\Desktop\train_test\G4_109OK_test\TKN_3\109_TKN_3_290.bmp,TKN_3
C:\Users\501\Desktop\train_test\G4_109OK_test\TKN_3\109_TKN_3_291.bmp,TKN_3
C:\Users\501\Desktop\train_test\G4_109OK_test\TKN_3\109_TKN_3_292.bmp,TKN_3
C:\Users\501\Desktop\train_test\G4_109OK_test\TKN_3\109_TKN_3_293.bmp,TKN_3
C:\Users\501\Desktop\train_test\G4_109OK_test\TKN_3\109_TKN_3_294.bmp,TKN_3
C:\Users\501\Desktop\train_test\G4_109OK_test\TKN_3\109_TKN_3_295.bmp,TKN_3
C:\Users\501\Desktop\train_test\G4_109OK_test\TKN_3\109_TKN_3_296.bmp,TKN_3
C:\Users\501\Desktop\train_test\G4_109OK_test\TKN_3\109_TKN_3_297.bmp,TKN_3
C:\Users\501\Desktop\train_test\G4_109OK_test\TKN_3\109_TKN_3_298.bmp,TKN_3
C:\Users\501\Desktop\train_test\G4_109OK_test\TKN_3\109_TKN_3_299.bmp,KHS_7
C:\Users\501\Desktop\train_test\G4_109OK_test\TKN_3\109_TKN_3_3.bmp,TKN_3
C:\Users\501\Desktop\train_test\G4_109OK_test\TKN_3\109_TKN_3_30.bmp,TKN_3
C:\Users\501\Desktop\train_test\G4_109OK_test\TKN_3\109_TKN_3_300.bmp,NG
C:\Users\501\Desktop\train_test\G4_109OK_test\TKN_3\109_TKN_3_301.bmp,TKN_3
C:\Users\501\Desktop\train_test\G4_109OK_test\TKN_3\109_TKN_3_302.bmp,TKN_3
C:\Users\501\Desktop\train_test\G4_109OK_test\TKN_3\109_TKN_3_303.bmp,TKN_3
C:\Users\501\Desktop\train_test\G4_109OK_test\TKN_3\109_TKN_3_304.bmp,TKN_3
C:\Users\501\Desktop\train_test\G4_109OK_test\TKN_3\109_TKN_3_305.bmp,TKN_3
C:\Users\501\Desktop\train_test\G4_109OK_test\TKN_3\109_TKN_3_306.bmp,TKN_3
C:\Users\501\Desktop\train_test\G4_109OK_test\TKN_3\109_TKN_3_307.bmp,TKN_3
C:\Users\501\Desktop\train_test\G4_109OK_test\TKN_3\109_TKN_3_308.bmp,TKN_3
C:\Users\501\Desktop\train_test\G4_109OK_test\TKN_3\109_TKN_3_309.bmp,TKN_3
C:\Users\501\Desktop\train_test\G4_109OK_test\TKN_3\109_TKN_3_31.bmp,TKN_3
C:\Users\501\Desktop\train_test\G4_109OK_test\TKN_3\109_TKN_3_310.bmp,TKN_3
C:\Users\501\Desktop\train_test\G4_109OK_test\TKN_3\109_TKN_3_311.bmp,KHS_7
C:\Users\501\Desktop\train_test\G4_109OK_test\TKN_3\109_TKN_3_312.bmp,TKN_3
C:\Users\501\Desktop\train_test\G4_109OK_test\TKN_3\109_TKN_3_313.bmp,TKN_3
C:\Users\501\Desktop\train_test\G4_109OK_test\TKN_3\109_TKN_3_314.bmp,TKN_3
C:\Users\501\Desktop\train_test\G4_109OK_test\TKN_3\109_TKN_3_315.bmp,TKN_3
C:\Users\501\Desktop\train_test\G4_109OK_test\TKN_3\109_TKN_3_316.bmp,TKN_3
C:\Users\501\Desktop\train_test\G4_109OK_test\TKN_3\109_TKN_3_317.bmp,TKN_3
C:\Users\501\Desktop\train_test\G4_109OK_test\TKN_3\109_TKN_3_318.bmp,TKN_3
C:\Users\501\Desktop\train_test\G4_109OK_test\TKN_3\109_TKN_3_319.bmp,TKN_3
C:\Users\501\Desktop\train_test\G4_109OK_test\TKN_3\109_TKN_3_32.bmp,TKN_3
C:\Users\501\Desktop\train_test\G4_109OK_test\TKN_3\109_TKN_3_320.bmp,TKN_3
C:\Users\501\Desktop\train_test\G4_109OK_test\TKN_3\109_TKN_3_321.bmp,TKN_3
C:\Users\501\Desktop\train_test\G4_109OK_test\TKN_3\109_TKN_3_322.bmp,TKN_3
C:\Users\501\Desktop\train_test\G4_109OK_test\TKN_3\109_TKN_3_323.bmp,TKN_3
C:\Users\501\Desktop\train_test\G4_109OK_test\TKN_3\109_TKN_3_324.bmp,TKN_3
C:\Users\501\Desktop\train_test\G4_109OK_test\TKN_3\109_TKN_3_325.bmp,TKN_3
C:\Users\501\Desktop\train_test\G4_109OK_test\TKN_3\109_TKN_3_326.bmp,TKN_3
C:\Users\501\Desktop\train_test\G4_109OK_test\TKN_3\109_TKN_3_327.bmp,TKN_3
C:\Users\501\Desktop\train_test\G4_109OK_test\TKN_3\109_TKN_3_328.bmp,NG
C:\Users\501\Desktop\train_test\G4_109OK_test\TKN_3\109_TKN_3_329.bmp,TKN_3
C:\Users\501\Desktop\train_test\G4_109OK_test\TKN_3\109_TKN_3_33.bmp,TKN_3
C:\Users\501\Desktop\train_test\G4_109OK_test\TKN_3\109_TKN_3_330.bmp,TKN_3
C:\Users\501\Desktop\train_test\G4_109OK_test\TKN_3\109_TKN_3_331.bmp,TKN_3
C:\Users\501\Desktop\train_test\G4_109OK_test\TKN_3\109_TKN_3_332.bmp,KHS_7
C:\Users\501\Desktop\train_test\G4_109OK_test\TKN_3\109_TKN_3_333.bmp,TKN_3
C:\Users\501\Desktop\train_test\G4_109OK_test\TKN_3\109_TKN_3_334.bmp,TKN_3
C:\Users\501\Desktop\train_test\G4_109OK_test\TKN_3\109_TKN_3_335.bmp,TCS_17
C:\Users\501\Desktop\train_test\G4_109OK_test\TKN_3\109_TKN_3_336.bmp,TKN_3
C:\Users\501\Desktop\train_test\G4_109OK_test\TKN_3\109_TKN_3_337.bmp,TKN_3
C:\Users\501\Desktop\train_test\G4_109OK_test\TKN_3\109_TKN_3_338.bmp,TKN_3
C:\Users\501\Desktop\train_test\G4_109OK_test\TKN_3\109_TKN_3_339.bmp,TKN_3
C:\Users\501\Desktop\train_test\G4_109OK_test\TKN_3\109_TKN_3_34.bmp,TKN_3
C:\Users\501\Desktop\train_test\G4_109OK_test\TKN_3\109_TKN_3_340.bmp,TKN_3
C:\Users\501\Desktop\train_test\G4_109OK_test\TKN_3\109_TKN_3_341.bmp,TKN_3
C:\Users\501\Desktop\train_test\G4_109OK_test\TKN_3\109_TKN_3_342.bmp,TKN_3
C:\Users\501\Desktop\train_test\G4_109OK_test\TKN_3\109_TKN_3_343.bmp,TKN_3
C:\Users\501\Desktop\train_test\G4_109OK_test\TKN_3\109_TKN_3_344.bmp,TKN_3
C:\Users\501\Desktop\train_test\G4_109OK_test\TKN_3\109_TKN_3_345.bmp,TKN_3
C:\Users\501\Desktop\train_test\G4_109OK_test\TKN_3\109_TKN_3_346.bmp,TKN_3
C:\Users\501\Desktop\train_test\G4_109OK_test\TKN_3\109_TKN_3_347.bmp,TKN_3
C:\Users\501\Desktop\train_test\G4_109OK_test\TKN_3\109_TKN_3_348.bmp,TKN_3
C:\Users\501\Desktop\train_test\G4_109OK_test\TKN_3\109_TKN_3_349.bmp,TKN_3
C:\Users\501\Desktop\train_test\G4_109OK_test\TKN_3\109_TKN_3_35.bmp,TKN_3
C:\Users\501\Desktop\train_test\G4_109OK_test\TKN_3\109_TKN_3_350.bmp,NG
C:\Users\501\Desktop\train_test\G4_109OK_test\TKN_3\109_TKN_3_351.bmp,TKN_3
C:\Users\501\Desktop\train_test\G4_109OK_test\TKN_3\109_TKN_3_352.bmp,TKN_3
C:\Users\501\Desktop\train_test\G4_109OK_test\TKN_3\109_TKN_3_353.bmp,TKN_3
C:\Users\501\Desktop\train_test\G4_109OK_test\TKN_3\109_TKN_3_354.bmp,TKN_3
C:\Users\501\Desktop\train_test\G4_109OK_test\TKN_3\109_TKN_3_355.bmp,TKN_3
C:\Users\501\Desktop\train_test\G4_109OK_test\TKN_3\109_TKN_3_356.bmp,TKN_3
C:\Users\501\Desktop\train_test\G4_109OK_test\TKN_3\109_TKN_3_357.bmp,TKN_3
C:\Users\501\Desktop\train_test\G4_109OK_test\TKN_3\109_TKN_3_358.bmp,NG
C:\Users\501\Desktop\train_test\G4_109OK_test\TKN_3\109_TKN_3_359.bmp,NG
C:\Users\501\Desktop\train_test\G4_109OK_test\TKN_3\109_TKN_3_36.bmp,TKN_3
C:\Users\501\Desktop\train_test\G4_109OK_test\TKN_3\109_TKN_3_360.bmp,TKN_3
C:\Users\501\Desktop\train_test\G4_109OK_test\TKN_3\109_TKN_3_361.bmp,TKN_3
C:\Users\501\Desktop\train_test\G4_109OK_test\TKN_3\109_TKN_3_362.bmp,TKN_3
C:\Users\501\Desktop\train_test\G4_109OK_test\TKN_3\109_TKN_3_363.bmp,TKN_3
C:\Users\501\Desktop\train_test\G4_109OK_test\TKN_3\109_TKN_3_364.bmp,TKN_3
C:\Users\501\Desktop\train_test\G4_109OK_test\TKN_3\109_TKN_3_365.bmp,TKN_3
C:\Users\501\Desktop\train_test\G4_109OK_test\TKN_3\109_TKN_3_366.bmp,TKN_3
C:\Users\501\Desktop\train_test\G4_109OK_test\TKN_3\109_TKN_3_367.bmp,TKN_3
C:\Users\501\Desktop\train_test\G4_109OK_test\TKN_3\109_TKN_3_368.bmp,TKN_3
C:\Users\501\Desktop\train_test\G4_109OK_test\TKN_3\109_TKN_3_369.bmp,TKN_3
C:\Users\501\Desktop\train_test\G4_109OK_test\TKN_3\109_TKN_3_37.bmp,TKN_3
C:\Users\501\Desktop\train_test\G4_109OK_test\TKN_3\109_TKN_3_370.bmp,TKN_3
C:\Users\501\Desktop\train_test\G4_109OK_test\TKN_3\109_TKN_3_371.bmp,TKN_3
C:\Users\501\Desktop\train_test\G4_109OK_test\TKN_3\109_TKN_3_372.bmp,NG
C:\Users\501\Desktop\train_test\G4_109OK_test\TKN_3\109_TKN_3_373.bmp,NG
C:\Users\501\Desktop\train_test\G4_109OK_test\TKN_3\109_TKN_3_374.bmp,TKN_3
C:\Users\501\Desktop\train_test\G4_109OK_test\TKN_3\109_TKN_3_375.bmp,TKN_3
C:\Users\501\Desktop\train_test\G4_109OK_test\TKN_3\109_TKN_3_376.bmp,TKN_3
C:\Users\501\Desktop\train_test\G4_109OK_test\TKN_3\109_TKN_3_377.bmp,TKN_3
C:\Users\501\Desktop\train_test\G4_109OK_test\TKN_3\109_TKN_3_378.bmp,TKN_3
C:\Users\501\Desktop\train_test\G4_109OK_test\TKN_3\109_TKN_3_379.bmp,TKN_3
C:\Users\501\Desktop\train_test\G4_109OK_test\TKN_3\109_TKN_3_38.bmp,TKN_3
C:\Users\501\Desktop\train_test\G4_109OK_test\TKN_3\109_TKN_3_380.bmp,TKN_3
C:\Users\501\Desktop\train_test\G4_109OK_test\TKN_3\109_TKN_3_381.bmp,TCS_17
C:\Users\501\Desktop\train_test\G4_109OK_test\TKN_3\109_TKN_3_382.bmp,TKN_3
C:\Users\501\Desktop\train_test\G4_109OK_test\TKN_3\109_TKN_3_383.bmp,TKN_3
C:\Users\501\Desktop\train_test\G4_109OK_test\TKN_3\109_TKN_3_384.bmp,TKN_3
C:\Users\501\Desktop\train_test\G4_109OK_test\TKN_3\109_TKN_3_385.bmp,TKN_3
C:\Users\501\Desktop\train_test\G4_109OK_test\TKN_3\109_TKN_3_386.bmp,TKN_3
C:\Users\501\Desktop\train_test\G4_109OK_test\TKN_3\109_TKN_3_387.bmp,TKN_3
C:\Users\501\Desktop\train_test\G4_109OK_test\TKN_3\109_TKN_3_388.bmp,TKN_3
C:\Users\501\Desktop\train_test\G4_109OK_test\TKN_3\109_TKN_3_389.bmp,TKN_3
C:\Users\501\Desktop\train_test\G4_109OK_test\TKN_3\109_TKN_3_39.bmp,TKN_3
C:\Users\501\Desktop\train_test\G4_109OK_test\TKN_3\109_TKN_3_390.bmp,NG
C:\Users\501\Desktop\train_test\G4_109OK_test\TKN_3\109_TKN_3_391.bmp,TKN_3
C:\Users\501\Desktop\train_test\G4_109OK_test\TKN_3\109_TKN_3_392.bmp,TKN_3
C:\Users\501\Desktop\train_test\G4_109OK_test\TKN_3\109_TKN_3_393.bmp,TKN_3
C:\Users\501\Desktop\train_test\G4_109OK_test\TKN_3\109_TKN_3_394.bmp,TKN_3
C:\Users\501\Desktop\train_test\G4_109OK_test\TKN_3\109_TKN_3_395.bmp,TKN_3
C:\Users\501\Desktop\train_test\G4_109OK_test\TKN_3\109_TKN_3_396.bmp,TKN_3
C:\Users\501\Desktop\train_test\G4_109OK_test\TKN_3\109_TKN_3_397.bmp,TKN_3
C:\Users\501\Desktop\train_test\G4_109OK_test\TKN_3\109_TKN_3_398.bmp,TKN_3
C:\Users\501\Desktop\train_test\G4_109OK_test\TKN_3\109_TKN_3_399.bmp,TKN_3
C:\Users\501\Desktop\train_test\G4_109OK_test\TKN_3\109_TKN_3_4.bmp,TKN_3
C:\Users\501\Desktop\train_test\G4_109OK_test\TKN_3\109_TKN_3_40.bmp,TKN_3
C:\Users\501\Desktop\train_test\G4_109OK_test\TKN_3\109_TKN_3_400.bmp,TKN_3
C:\Users\501\Desktop\train_test\G4_109OK_test\TKN_3\109_TKN_3_401.bmp,TKN_3
C:\Users\501\Desktop\train_test\G4_109OK_test\TKN_3\109_TKN_3_402.bmp,TKN_3
C:\Users\501\Desktop\train_test\G4_109OK_test\TKN_3\109_TKN_3_403.bmp,TKN_3
C:\Users\501\Desktop\train_test\G4_109OK_test\TKN_3\109_TKN_3_404.bmp,TKN_3
C:\Users\501\Desktop\train_test\G4_109OK_test\TKN_3\109_TKN_3_405.bmp,TKN_3
C:\Users\501\Desktop\train_test\G4_109OK_test\TKN_3\109_TKN_3_406.bmp,TKN_3
C:\Users\501\Desktop\train_test\G4_109OK_test\TKN_3\109_TKN_3_407.bmp,TKN_3
C:\Users\501\Desktop\train_test\G4_109OK_test\TKN_3\109_TKN_3_408.bmp,TKN_3
C:\Users\501\Desktop\train_test\G4_109OK_test\TKN_3\109_TKN_3_409.bmp,NG
C:\Users\501\Desktop\train_test\G4_109OK_test\TKN_3\109_TKN_3_41.bmp,TKN_3
C:\Users\501\Desktop\train_test\G4_109OK_test\TKN_3\109_TKN_3_410.bmp,TKN_3
C:\Users\501\Desktop\train_test\G4_109OK_test\TKN_3\109_TKN_3_411.bmp,NG
C:\Users\501\Desktop\train_test\G4_109OK_test\TKN_3\109_TKN_3_412.bmp,TKN_3
C:\Users\501\Desktop\train_test\G4_109OK_test\TKN_3\109_TKN_3_413.bmp,TKN_3
C:\Users\501\Desktop\train_test\G4_109OK_test\TKN_3\109_TKN_3_414.bmp,TKN_3
C:\Users\501\Desktop\train_test\G4_109OK_test\TKN_3\109_TKN_3_415.bmp,TKN_3
C:\Users\501\Desktop\train_test\G4_109OK_test\TKN_3\109_TKN_3_416.bmp,TKN_3
C:\Users\501\Desktop\train_test\G4_109OK_test\TKN_3\109_TKN_3_417.bmp,TKN_3
C:\Users\501\Desktop\train_test\G4_109OK_test\TKN_3\109_TKN_3_418.bmp,TKN_3
C:\Users\501\Desktop\train_test\G4_109OK_test\TKN_3\109_TKN_3_419.bmp,TKN_3
C:\Users\501\Desktop\train_test\G4_109OK_test\TKN_3\109_TKN_3_42.bmp,TKN_3
C:\Users\501\Desktop\train_test\G4_109OK_test\TKN_3\109_TKN_3_420.bmp,TKN_3
C:\Users\501\Desktop\train_test\G4_109OK_test\TKN_3\109_TKN_3_421.bmp,TKN_3
C:\Users\501\Desktop\train_test\G4_109OK_test\TKN_3\109_TKN_3_422.bmp,TKN_3
C:\Users\501\Desktop\train_test\G4_109OK_test\TKN_3\109_TKN_3_423.bmp,TKN_3
C:\Users\501\Desktop\train_test\G4_109OK_test\TKN_3\109_TKN_3_424.bmp,TKN_3
C:\Users\501\Desktop\train_test\G4_109OK_test\TKN_3\109_TKN_3_425.bmp,TKN_3
C:\Users\501\Desktop\train_test\G4_109OK_test\TKN_3\109_TKN_3_426.bmp,TKN_3
C:\Users\501\Desktop\train_test\G4_109OK_test\TKN_3\109_TKN_3_427.bmp,TKN_3
C:\Users\501\Desktop\train_test\G4_109OK_test\TKN_3\109_TKN_3_428.bmp,TKN_3
C:\Users\501\Desktop\train_test\G4_109OK_test\TKN_3\109_TKN_3_429.bmp,TKN_3
C:\Users\501\Desktop\train_test\G4_109OK_test\TKN_3\109_TKN_3_43.bmp,TKN_3
C:\Users\501\Desktop\train_test\G4_109OK_test\TKN_3\109_TKN_3_430.bmp,TKN_3
C:\Users\501\Desktop\train_test\G4_109OK_test\TKN_3\109_TKN_3_431.bmp,TKN_3
C:\Users\501\Desktop\train_test\G4_109OK_test\TKN_3\109_TKN_3_432.bmp,TKN_3
C:\Users\501\Desktop\train_test\G4_109OK_test\TKN_3\109_TKN_3_433.bmp,NG
C:\Users\501\Desktop\train_test\G4_109OK_test\TKN_3\109_TKN_3_434.bmp,TKN_3
C:\Users\501\Desktop\train_test\G4_109OK_test\TKN_3\109_TKN_3_435.bmp,TKN_3
C:\Users\501\Desktop\train_test\G4_109OK_test\TKN_3\109_TKN_3_436.bmp,NG
C:\Users\501\Desktop\train_test\G4_109OK_test\TKN_3\109_TKN_3_437.bmp,TKN_3
C:\Users\501\Desktop\train_test\G4_109OK_test\TKN_3\109_TKN_3_438.bmp,TKN_3
C:\Users\501\Desktop\train_test\G4_109OK_test\TKN_3\109_TKN_3_439.bmp,TKN_3
C:\Users\501\Desktop\train_test\G4_109OK_test\TKN_3\109_TKN_3_44.bmp,TKN_3
C:\Users\501\Desktop\train_test\G4_109OK_test\TKN_3\109_TKN_3_440.bmp,TKN_3
C:\Users\501\Desktop\train_test\G4_109OK_test\TKN_3\109_TKN_3_441.bmp,NG
C:\Users\501\Desktop\train_test\G4_109OK_test\TKN_3\109_TKN_3_442.bmp,TKN_3
C:\Users\501\Desktop\train_test\G4_109OK_test\TKN_3\109_TKN_3_443.bmp,TKN_3
C:\Users\501\Desktop\train_test\G4_109OK_test\TKN_3\109_TKN_3_444.bmp,TKN_3
C:\Users\501\Desktop\train_test\G4_109OK_test\TKN_3\109_TKN_3_445.bmp,TKN_3
C:\Users\501\Desktop\train_test\G4_109OK_test\TKN_3\109_TKN_3_446.bmp,TKN_3
C:\Users\501\Desktop\train_test\G4_109OK_test\TKN_3\109_TKN_3_447.bmp,TKN_3
C:\Users\501\Desktop\train_test\G4_109OK_test\TKN_3\109_TKN_3_448.bmp,TKN_3
C:\Users\501\Desktop\train_test\G4_109OK_test\TKN_3\109_TKN_3_449.bmp,TKN_3
C:\Users\501\Desktop\train_test\G4_109OK_test\TKN_3\109_TKN_3_45.bmp,TKN_3
C:\Users\501\Desktop\train_test\G4_109OK_test\TKN_3\109_TKN_3_450.bmp,TKN_3
C:\Users\501\Desktop\train_test\G4_109OK_test\TKN_3\109_TKN_3_451.bmp,TKN_3
C:\Users\501\Desktop\train_test\G4_109OK_test\TKN_3\109_TKN_3_452.bmp,TKN_3
C:\Users\501\Desktop\train_test\G4_109OK_test\TKN_3\109_TKN_3_453.bmp,TKN_3
C:\Users\501\Desktop\train_test\G4_109OK_test\TKN_3\109_TKN_3_454.bmp,TKN_3
C:\Users\501\Desktop\train_test\G4_109OK_test\TKN_3\109_TKN_3_455.bmp,KHS_7
C:\Users\501\Desktop\train_test\G4_109OK_test\TKN_3\109_TKN_3_456.bmp,TKN_3
C:\Users\501\Desktop\train_test\G4_109OK_test\TKN_3\109_TKN_3_457.bmp,TKN_3
C:\Users\501\Desktop\train_test\G4_109OK_test\TKN_3\109_TKN_3_458.bmp,TKN_3
C:\Users\501\Desktop\train_test\G4_109OK_test\TKN_3\109_TKN_3_459.bmp,TKN_3
C:\Users\501\Desktop\train_test\G4_109OK_test\TKN_3\109_TKN_3_46.bmp,TKN_3
C:\Users\501\Desktop\train_test\G4_109OK_test\TKN_3\109_TKN_3_460.bmp,TKN_3
C:\Users\501\Desktop\train_test\G4_109OK_test\TKN_3\109_TKN_3_461.bmp,TKN_3
C:\Users\501\Desktop\train_test\G4_109OK_test\TKN_3\109_TKN_3_462.bmp,TKN_3
C:\Users\501\Desktop\train_test\G4_109OK_test\TKN_3\109_TKN_3_463.bmp,TKN_3
C:\Users\501\Desktop\train_test\G4_109OK_test\TKN_3\109_TKN_3_464.bmp,TKN_3
C:\Users\501\Desktop\train_test\G4_109OK_test\TKN_3\109_TKN_3_465.bmp,TKN_3
C:\Users\501\Desktop\train_test\G4_109OK_test\TKN_3\109_TKN_3_466.bmp,TKN_3
C:\Users\501\Desktop\train_test\G4_109OK_test\TKN_3\109_TKN_3_467.bmp,TKN_3
C:\Users\501\Desktop\train_test\G4_109OK_test\TKN_3\109_TKN_3_468.bmp,TKN_3
C:\Users\501\Desktop\train_test\G4_109OK_test\TKN_3\109_TKN_3_469.bmp,TKN_3
C:\Users\501\Desktop\train_test\G4_109OK_test\TKN_3\109_TKN_3_47.bmp,TKN_3
C:\Users\501\Desktop\train_test\G4_109OK_test\TKN_3\109_TKN_3_470.bmp,TKN_3
C:\Users\501\Desktop\train_test\G4_109OK_test\TKN_3\109_TKN_3_471.bmp,TKN_3
C:\Users\501\Desktop\train_test\G4_109OK_test\TKN_3\109_TKN_3_472.bmp,TKN_3
C:\Users\501\Desktop\train_test\G4_109OK_test\TKN_3\109_TKN_3_473.bmp,TKN_3
C:\Users\501\Desktop\train_test\G4_109OK_test\TKN_3\109_TKN_3_474.bmp,TKN_3
C:\Users\501\Desktop\train_test\G4_109OK_test\TKN_3\109_TKN_3_475.bmp,TKN_3
C:\Users\501\Desktop\train_test\G4_109OK_test\TKN_3\109_TKN_3_476.bmp,TKN_3
C:\Users\501\Desktop\train_test\G4_109OK_test\TKN_3\109_TKN_3_477.bmp,TKN_3
C:\Users\501\Desktop\train_test\G4_109OK_test\TKN_3\109_TKN_3_478.bmp,TKN_3
C:\Users\501\Desktop\train_test\G4_109OK_test\TKN_3\109_TKN_3_479.bmp,TKN_3
C:\Users\501\Desktop\train_test\G4_109OK_test\TKN_3\109_TKN_3_48.bmp,TKN_3
C:\Users\501\Desktop\train_test\G4_109OK_test\TKN_3\109_TKN_3_480.bmp,TKN_3
C:\Users\501\Desktop\train_test\G4_109OK_test\TKN_3\109_TKN_3_481.bmp,TKN_3
C:\Users\501\Desktop\train_test\G4_109OK_test\TKN_3\109_TKN_3_482.bmp,TKN_3
C:\Users\501\Desktop\train_test\G4_109OK_test\TKN_3\109_TKN_3_483.bmp,TKN_3
C:\Users\501\Desktop\train_test\G4_109OK_test\TKN_3\109_TKN_3_484.bmp,NG
C:\Users\501\Desktop\train_test\G4_109OK_test\TKN_3\109_TKN_3_485.bmp,TKN_3
C:\Users\501\Desktop\train_test\G4_109OK_test\TKN_3\109_TKN_3_486.bmp,TKN_3
C:\Users\501\Desktop\train_test\G4_109OK_test\TKN_3\109_TKN_3_487.bmp,TKN_3
C:\Users\501\Desktop\train_test\G4_109OK_test\TKN_3\109_TKN_3_488.bmp,TKN_3
C:\Users\501\Desktop\train_test\G4_109OK_test\TKN_3\109_TKN_3_489.bmp,TKN_3
C:\Users\501\Desktop\train_test\G4_109OK_test\TKN_3\109_TKN_3_49.bmp,TKN_3
C:\Users\501\Desktop\train_test\G4_109OK_test\TKN_3\109_TKN_3_490.bmp,TKN_3
C:\Users\501\Desktop\train_test\G4_109OK_test\TKN_3\109_TKN_3_491.bmp,TKN_3
C:\Users\501\Desktop\train_test\G4_109OK_test\TKN_3\109_TKN_3_492.bmp,TKN_3
C:\Users\501\Desktop\train_test\G4_109OK_test\TKN_3\109_TKN_3_493.bmp,TKN_3
C:\Users\501\Desktop\train_test\G4_109OK_test\TKN_3\109_TKN_3_494.bmp,TKN_3
C:\Users\501\Desktop\train_test\G4_109OK_test\TKN_3\109_TKN_3_495.bmp,TKN_3
C:\Users\501\Desktop\train_test\G4_109OK_test\TKN_3\109_TKN_3_496.bmp,TKN_3
C:\Users\501\Desktop\train_test\G4_109OK_test\TKN_3\109_TKN_3_497.bmp,TKN_3
C:\Users\501\Desktop\train_test\G4_109OK_test\TKN_3\109_TKN_3_498.bmp,TKN_3
C:\Users\501\Desktop\train_test\G4_109OK_test\TKN_3\109_TKN_3_499.bmp,TKN_3
C:\Users\501\Desktop\train_test\G4_109OK_test\TKN_3\109_TKN_3_5.bmp,TKN_3
C:\Users\501\Desktop\train_test\G4_109OK_test\TKN_3\109_TKN_3_50.bmp,TKN_3
C:\Users\501\Desktop\train_test\G4_109OK_test\TKN_3\109_TKN_3_500.bmp,TKN_3
C:\Users\501\Desktop\train_test\G4_109OK_test\TKN_3\109_TKN_3_501.bmp,TKN_3
C:\Users\501\Desktop\train_test\G4_109OK_test\TKN_3\109_TKN_3_502.bmp,TKN_3
C:\Users\501\Desktop\train_test\G4_109OK_test\TKN_3\109_TKN_3_503.bmp,TKN_3
C:\Users\501\Desktop\train_test\G4_109OK_test\TKN_3\109_TKN_3_504.bmp,TKN_3
C:\Users\501\Desktop\train_test\G4_109OK_test\TKN_3\109_TKN_3_505.bmp,TKN_3
C:\Users\501\Desktop\train_test\G4_109OK_test\TKN_3\109_TKN_3_506.bmp,TKN_3
C:\Users\501\Desktop\train_test\G4_109OK_test\TKN_3\109_TKN_3_507.bmp,TKN_3
C:\Users\501\Desktop\train_test\G4_109OK_test\TKN_3\109_TKN_3_508.bmp,TKN_3
C:\Users\501\Desktop\train_test\G4_109OK_test\TKN_3\109_TKN_3_509.bmp,TKN_3
C:\Users\501\Desktop\train_test\G4_109OK_test\TKN_3\109_TKN_3_51.bmp,TKN_3
C:\Users\501\Desktop\train_test\G4_109OK_test\TKN_3\109_TKN_3_510.bmp,TKN_3
C:\Users\501\Desktop\train_test\G4_109OK_test\TKN_3\109_TKN_3_511.bmp,TKN_3
C:\Users\501\Desktop\train_test\G4_109OK_test\TKN_3\109_TKN_3_512.bmp,TKN_3
C:\Users\501\Desktop\train_test\G4_109OK_test\TKN_3\109_TKN_3_513.bmp,KHS_7
C:\Users\501\Desktop\train_test\G4_109OK_test\TKN_3\109_TKN_3_514.bmp,TKN_3
C:\Users\501\Desktop\train_test\G4_109OK_test\TKN_3\109_TKN_3_515.bmp,TKN_3
C:\Users\501\Desktop\train_test\G4_109OK_test\TKN_3\109_TKN_3_516.bmp,TKN_3
C:\Users\501\Desktop\train_test\G4_109OK_test\TKN_3\109_TKN_3_517.bmp,TKN_3
C:\Users\501\Desktop\train_test\G4_109OK_test\TKN_3\109_TKN_3_518.bmp,TKN_3
C:\Users\501\Desktop\train_test\G4_109OK_test\TKN_3\109_TKN_3_519.bmp,TKN_3
C:\Users\501\Desktop\train_test\G4_109OK_test\TKN_3\109_TKN_3_52.bmp,TKN_3
C:\Users\501\Desktop\train_test\G4_109OK_test\TKN_3\109_TKN_3_520.bmp,TKN_3
C:\Users\501\Desktop\train_test\G4_109OK_test\TKN_3\109_TKN_3_521.bmp,TKN_3
C:\Users\501\Desktop\train_test\G4_109OK_test\TKN_3\109_TKN_3_522.bmp,TKN_3
C:\Users\501\Desktop\train_test\G4_109OK_test\TKN_3\109_TKN_3_523.bmp,TKN_3
C:\Users\501\Desktop\train_test\G4_109OK_test\TKN_3\109_TKN_3_524.bmp,TKN_3
C:\Users\501\Desktop\train_test\G4_109OK_test\TKN_3\109_TKN_3_525.bmp,TKN_3
C:\Users\501\Desktop\train_test\G4_109OK_test\TKN_3\109_TKN_3_526.bmp,TKN_3
C:\Users\501\Desktop\train_test\G4_109OK_test\TKN_3\109_TKN_3_527.bmp,TKN_3
C:\Users\501\Desktop\train_test\G4_109OK_test\TKN_3\109_TKN_3_528.bmp,TKN_3
C:\Users\501\Desktop\train_test\G4_109OK_test\TKN_3\109_TKN_3_529.bmp,TKN_3
C:\Users\501\Desktop\train_test\G4_109OK_test\TKN_3\109_TKN_3_53.bmp,TKN_3
C:\Users\501\Desktop\train_test\G4_109OK_test\TKN_3\109_TKN_3_530.bmp,TKN_3
C:\Users\501\Desktop\train_test\G4_109OK_test\TKN_3\109_TKN_3_531.bmp,TKN_3
C:\Users\501\Desktop\train_test\G4_109OK_test\TKN_3\109_TKN_3_532.bmp,TKN_3
C:\Users\501\Desktop\train_test\G4_109OK_test\TKN_3\109_TKN_3_533.bmp,NG
C:\Users\501\Desktop\train_test\G4_109OK_test\TKN_3\109_TKN_3_534.bmp,TKN_3
C:\Users\501\Desktop\train_test\G4_109OK_test\TKN_3\109_TKN_3_535.bmp,TKN_3
C:\Users\501\Desktop\train_test\G4_109OK_test\TKN_3\109_TKN_3_536.bmp,TKN_3
C:\Users\501\Desktop\train_test\G4_109OK_test\TKN_3\109_TKN_3_537.bmp,NG
C:\Users\501\Desktop\train_test\G4_109OK_test\TKN_3\109_TKN_3_538.bmp,TKN_3
C:\Users\501\Desktop\train_test\G4_109OK_test\TKN_3\109_TKN_3_539.bmp,KHS_7
C:\Users\501\Desktop\train_test\G4_109OK_test\TKN_3\109_TKN_3_54.bmp,TKN_3
C:\Users\501\Desktop\train_test\G4_109OK_test\TKN_3\109_TKN_3_540.bmp,TKN_3
C:\Users\501\Desktop\train_test\G4_109OK_test\TKN_3\109_TKN_3_541.bmp,TKN_3
C:\Users\501\Desktop\train_test\G4_109OK_test\TKN_3\109_TKN_3_542.bmp,TKN_3
C:\Users\501\Desktop\train_test\G4_109OK_test\TKN_3\109_TKN_3_543.bmp,TKN_3
C:\Users\501\Desktop\train_test\G4_109OK_test\TKN_3\109_TKN_3_544.bmp,TKN_3
C:\Users\501\Desktop\train_test\G4_109OK_test\TKN_3\109_TKN_3_545.bmp,TKN_3
C:\Users\501\Desktop\train_test\G4_109OK_test\TKN_3\109_TKN_3_546.bmp,NG
C:\Users\501\Desktop\train_test\G4_109OK_test\TKN_3\109_TKN_3_547.bmp,NG
C:\Users\501\Desktop\train_test\G4_109OK_test\TKN_3\109_TKN_3_548.bmp,TKN_3
C:\Users\501\Desktop\train_test\G4_109OK_test\TKN_3\109_TKN_3_549.bmp,TKN_3
C:\Users\501\Desktop\train_test\G4_109OK_test\TKN_3\109_TKN_3_55.bmp,TKN_3
C:\Users\501\Desktop\train_test\G4_109OK_test\TKN_3\109_TKN_3_550.bmp,TKN_3
C:\Users\501\Desktop\train_test\G4_109OK_test\TKN_3\109_TKN_3_551.bmp,TKN_3
C:\Users\501\Desktop\train_test\G4_109OK_test\TKN_3\109_TKN_3_552.bmp,TKN_3
C:\Users\501\Desktop\train_test\G4_109OK_test\TKN_3\109_TKN_3_553.bmp,TKN_3
C:\Users\501\Desktop\train_test\G4_109OK_test\TKN_3\109_TKN_3_554.bmp,TKN_3
C:\Users\501\Desktop\train_test\G4_109OK_test\TKN_3\109_TKN_3_555.bmp,TKN_3
C:\Users\501\Desktop\train_test\G4_109OK_test\TKN_3\109_TKN_3_556.bmp,TKN_3
C:\Users\501\Desktop\train_test\G4_109OK_test\TKN_3\109_TKN_3_557.bmp,TKN_3
C:\Users\501\Desktop\train_test\G4_109OK_test\TKN_3\109_TKN_3_558.bmp,TKN_3
C:\Users\501\Desktop\train_test\G4_109OK_test\TKN_3\109_TKN_3_559.bmp,TKN_3
C:\Users\501\Desktop\train_test\G4_109OK_test\TKN_3\109_TKN_3_56.bmp,TKN_3
C:\Users\501\Desktop\train_test\G4_109OK_test\TKN_3\109_TKN_3_560.bmp,TKN_3
C:\Users\501\Desktop\train_test\G4_109OK_test\TKN_3\109_TKN_3_561.bmp,TKN_3
C:\Users\501\Desktop\train_test\G4_109OK_test\TKN_3\109_TKN_3_562.bmp,TKN_3
C:\Users\501\Desktop\train_test\G4_109OK_test\TKN_3\109_TKN_3_563.bmp,TKN_3
C:\Users\501\Desktop\train_test\G4_109OK_test\TKN_3\109_TKN_3_564.bmp,TKN_3
C:\Users\501\Desktop\train_test\G4_109OK_test\TKN_3\109_TKN_3_565.bmp,TKN_3
C:\Users\501\Desktop\train_test\G4_109OK_test\TKN_3\109_TKN_3_566.bmp,NG
C:\Users\501\Desktop\train_test\G4_109OK_test\TKN_3\109_TKN_3_567.bmp,TKN_3
C:\Users\501\Desktop\train_test\G4_109OK_test\TKN_3\109_TKN_3_568.bmp,TKN_3
C:\Users\501\Desktop\train_test\G4_109OK_test\TKN_3\109_TKN_3_569.bmp,TKN_3
C:\Users\501\Desktop\train_test\G4_109OK_test\TKN_3\109_TKN_3_57.bmp,TKN_3
C:\Users\501\Desktop\train_test\G4_109OK_test\TKN_3\109_TKN_3_570.bmp,TKN_3
C:\Users\501\Desktop\train_test\G4_109OK_test\TKN_3\109_TKN_3_571.bmp,TKN_3
C:\Users\501\Desktop\train_test\G4_109OK_test\TKN_3\109_TKN_3_572.bmp,TKN_3
C:\Users\501\Desktop\train_test\G4_109OK_test\TKN_3\109_TKN_3_573.bmp,TKN_3
C:\Users\501\Desktop\train_test\G4_109OK_test\TKN_3\109_TKN_3_574.bmp,TKN_3
C:\Users\501\Desktop\train_test\G4_109OK_test\TKN_3\109_TKN_3_575.bmp,TKN_3
C:\Users\501\Desktop\train_test\G4_109OK_test\TKN_3\109_TKN_3_576.bmp,TKN_3
C:\Users\501\Desktop\train_test\G4_109OK_test\TKN_3\109_TKN_3_577.bmp,TKN_3
C:\Users\501\Desktop\train_test\G4_109OK_test\TKN_3\109_TKN_3_578.bmp,TKN_3
C:\Users\501\Desktop\train_test\G4_109OK_test\TKN_3\109_TKN_3_579.bmp,TKN_3
C:\Users\501\Desktop\train_test\G4_109OK_test\TKN_3\109_TKN_3_58.bmp,TKN_3
C:\Users\501\Desktop\train_test\G4_109OK_test\TKN_3\109_TKN_3_580.bmp,TKN_3
C:\Users\501\Desktop\train_test\G4_109OK_test\TKN_3\109_TKN_3_581.bmp,TKN_3
C:\Users\501\Desktop\train_test\G4_109OK_test\TKN_3\109_TKN_3_582.bmp,TKN_3
C:\Users\501\Desktop\train_test\G4_109OK_test\TKN_3\109_TKN_3_583.bmp,TKN_3
C:\Users\501\Desktop\train_test\G4_109OK_test\TKN_3\109_TKN_3_584.bmp,TKN_3
C:\Users\501\Desktop\train_test\G4_109OK_test\TKN_3\109_TKN_3_585.bmp,TKN_3
C:\Users\501\Desktop\train_test\G4_109OK_test\TKN_3\109_TKN_3_586.bmp,TKN_3
C:\Users\501\Desktop\train_test\G4_109OK_test\TKN_3\109_TKN_3_587.bmp,TKN_3
C:\Users\501\Desktop\train_test\G4_109OK_test\TKN_3\109_TKN_3_588.bmp,TKN_3
C:\Users\501\Desktop\train_test\G4_109OK_test\TKN_3\109_TKN_3_589.bmp,TKN_3
C:\Users\501\Desktop\train_test\G4_109OK_test\TKN_3\109_TKN_3_59.bmp,TKN_3
C:\Users\501\Desktop\train_test\G4_109OK_test\TKN_3\109_TKN_3_590.bmp,TKN_3
C:\Users\501\Desktop\train_test\G4_109OK_test\TKN_3\109_TKN_3_591.bmp,TKN_3
C:\Users\501\Desktop\train_test\G4_109OK_test\TKN_3\109_TKN_3_592.bmp,TKN_3
C:\Users\501\Desktop\train_test\G4_109OK_test\TKN_3\109_TKN_3_593.bmp,TKN_3
C:\Users\501\Desktop\train_test\G4_109OK_test\TKN_3\109_TKN_3_594.bmp,TKN_3
C:\Users\501\Desktop\train_test\G4_109OK_test\TKN_3\109_TKN_3_595.bmp,TKN_3
C:\Users\501\Desktop\train_test\G4_109OK_test\TKN_3\109_TKN_3_596.bmp,TKN_3
C:\Users\501\Desktop\train_test\G4_109OK_test\TKN_3\109_TKN_3_597.bmp,TKN_3
C:\Users\501\Desktop\train_test\G4_109OK_test\TKN_3\109_TKN_3_598.bmp,TKN_3
C:\Users\501\Desktop\train_test\G4_109OK_test\TKN_3\109_TKN_3_599.bmp,TKN_3
C:\Users\501\Desktop\train_test\G4_109OK_test\TKN_3\109_TKN_3_6.bmp,TKN_3
C:\Users\501\Desktop\train_test\G4_109OK_test\TKN_3\109_TKN_3_60.bmp,TKN_3
C:\Users\501\Desktop\train_test\G4_109OK_test\TKN_3\109_TKN_3_600.bmp,TKN_3
C:\Users\501\Desktop\train_test\G4_109OK_test\TKN_3\109_TKN_3_601.bmp,TKN_3
C:\Users\501\Desktop\train_test\G4_109OK_test\TKN_3\109_TKN_3_602.bmp,TKN_3
C:\Users\501\Desktop\train_test\G4_109OK_test\TKN_3\109_TKN_3_603.bmp,KHS_7
C:\Users\501\Desktop\train_test\G4_109OK_test\TKN_3\109_TKN_3_604.bmp,TKN_3
C:\Users\501\Desktop\train_test\G4_109OK_test\TKN_3\109_TKN_3_605.bmp,TKN_3
C:\Users\501\Desktop\train_test\G4_109OK_test\TKN_3\109_TKN_3_606.bmp,NG
C:\Users\501\Desktop\train_test\G4_109OK_test\TKN_3\109_TKN_3_607.bmp,TKN_3
C:\Users\501\Desktop\train_test\G4_109OK_test\TKN_3\109_TKN_3_608.bmp,TKN_3
C:\Users\501\Desktop\train_test\G4_109OK_test\TKN_3\109_TKN_3_609.bmp,TKN_3
C:\Users\501\Desktop\train_test\G4_109OK_test\TKN_3\109_TKN_3_61.bmp,TKN_3
C:\Users\501\Desktop\train_test\G4_109OK_test\TKN_3\109_TKN_3_610.bmp,TKN_3
C:\Users\501\Desktop\train_test\G4_109OK_test\TKN_3\109_TKN_3_611.bmp,TKN_3
C:\Users\501\Desktop\train_test\G4_109OK_test\TKN_3\109_TKN_3_612.bmp,TKN_3
C:\Users\501\Desktop\train_test\G4_109OK_test\TKN_3\109_TKN_3_613.bmp,TKN_3
C:\Users\501\Desktop\train_test\G4_109OK_test\TKN_3\109_TKN_3_614.bmp,TKN_3
C:\Users\501\Desktop\train_test\G4_109OK_test\TKN_3\109_TKN_3_615.bmp,TKN_3
C:\Users\501\Desktop\train_test\G4_109OK_test\TKN_3\109_TKN_3_616.bmp,TKN_3
C:\Users\501\Desktop\train_test\G4_109OK_test\TKN_3\109_TKN_3_617.bmp,TKN_3
C:\Users\501\Desktop\train_test\G4_109OK_test\TKN_3\109_TKN_3_618.bmp,NG
C:\Users\501\Desktop\train_test\G4_109OK_test\TKN_3\109_TKN_3_619.bmp,TKN_3
C:\Users\501\Desktop\train_test\G4_109OK_test\TKN_3\109_TKN_3_62.bmp,TKN_3
C:\Users\501\Desktop\train_test\G4_109OK_test\TKN_3\109_TKN_3_620.bmp,TKN_3
C:\Users\501\Desktop\train_test\G4_109OK_test\TKN_3\109_TKN_3_621.bmp,TKN_3
C:\Users\501\Desktop\train_test\G4_109OK_test\TKN_3\109_TKN_3_622.bmp,TKN_3
C:\Users\501\Desktop\train_test\G4_109OK_test\TKN_3\109_TKN_3_623.bmp,TKN_3
C:\Users\501\Desktop\train_test\G4_109OK_test\TKN_3\109_TKN_3_624.bmp,TKN_3
C:\Users\501\Desktop\train_test\G4_109OK_test\TKN_3\109_TKN_3_625.bmp,TKN_3
C:\Users\501\Desktop\train_test\G4_109OK_test\TKN_3\109_TKN_3_626.bmp,TKN_3
C:\Users\501\Desktop\train_test\G4_109OK_test\TKN_3\109_TKN_3_627.bmp,NG
C:\Users\501\Desktop\train_test\G4_109OK_test\TKN_3\109_TKN_3_628.bmp,TKN_3
C:\Users\501\Desktop\train_test\G4_109OK_test\TKN_3\109_TKN_3_629.bmp,TKN_3
C:\Users\501\Desktop\train_test\G4_109OK_test\TKN_3\109_TKN_3_63.bmp,TKN_3
C:\Users\501\Desktop\train_test\G4_109OK_test\TKN_3\109_TKN_3_630.bmp,TKN_3
C:\Users\501\Desktop\train_test\G4_109OK_test\TKN_3\109_TKN_3_631.bmp,TKN_3
C:\Users\501\Desktop\train_test\G4_109OK_test\TKN_3\109_TKN_3_632.bmp,TKN_3
C:\Users\501\Desktop\train_test\G4_109OK_test\TKN_3\109_TKN_3_633.bmp,TKN_3
C:\Users\501\Desktop\train_test\G4_109OK_test\TKN_3\109_TKN_3_634.bmp,TKN_3
C:\Users\501\Desktop\train_test\G4_109OK_test\TKN_3\109_TKN_3_635.bmp,TKN_3
C:\Users\501\Desktop\train_test\G4_109OK_test\TKN_3\109_TKN_3_636.bmp,TKN_3
C:\Users\501\Desktop\train_test\G4_109OK_test\TKN_3\109_TKN_3_637.bmp,TKN_3
C:\Users\501\Desktop\train_test\G4_109OK_test\TKN_3\109_TKN_3_638.bmp,TKN_3
C:\Users\501\Desktop\train_test\G4_109OK_test\TKN_3\109_TKN_3_639.bmp,TKN_3
C:\Users\501\Desktop\train_test\G4_109OK_test\TKN_3\109_TKN_3_64.bmp,TKN_3
C:\Users\501\Desktop\train_test\G4_109OK_test\TKN_3\109_TKN_3_640.bmp,TKN_3
C:\Users\501\Desktop\train_test\G4_109OK_test\TKN_3\109_TKN_3_641.bmp,TKN_3
C:\Users\501\Desktop\train_test\G4_109OK_test\TKN_3\109_TKN_3_642.bmp,TKN_3
C:\Users\501\Desktop\train_test\G4_109OK_test\TKN_3\109_TKN_3_643.bmp,TKN_3
C:\Users\501\Desktop\train_test\G4_109OK_test\TKN_3\109_TKN_3_644.bmp,TKN_3
C:\Users\501\Desktop\train_test\G4_109OK_test\TKN_3\109_TKN_3_645.bmp,NG
C:\Users\501\Desktop\train_test\G4_109OK_test\TKN_3\109_TKN_3_646.bmp,TKN_3
C:\Users\501\Desktop\train_test\G4_109OK_test\TKN_3\109_TKN_3_647.bmp,TKN_3
C:\Users\501\Desktop\train_test\G4_109OK_test\TKN_3\109_TKN_3_648.bmp,TKN_3
C:\Users\501\Desktop\train_test\G4_109OK_test\TKN_3\109_TKN_3_649.bmp,TKN_3
C:\Users\501\Desktop\train_test\G4_109OK_test\TKN_3\109_TKN_3_65.bmp,NG
C:\Users\501\Desktop\train_test\G4_109OK_test\TKN_3\109_TKN_3_650.bmp,TKN_3
C:\Users\501\Desktop\train_test\G4_109OK_test\TKN_3\109_TKN_3_651.bmp,TKN_3
C:\Users\501\Desktop\train_test\G4_109OK_test\TKN_3\109_TKN_3_652.bmp,TKN_3
C:\Users\501\Desktop\train_test\G4_109OK_test\TKN_3\109_TKN_3_653.bmp,TKN_3
C:\Users\501\Desktop\train_test\G4_109OK_test\TKN_3\109_TKN_3_654.bmp,TKN_3
C:\Users\501\Desktop\train_test\G4_109OK_test\TKN_3\109_TKN_3_655.bmp,TKN_3
C:\Users\501\Desktop\train_test\G4_109OK_test\TKN_3\109_TKN_3_656.bmp,TKN_3
C:\Users\501\Desktop\train_test\G4_109OK_test\TKN_3\109_TKN_3_657.bmp,TKN_3
C:\Users\501\Desktop\train_test\G4_109OK_test\TKN_3\109_TKN_3_658.bmp,NG
C:\Users\501\Desktop\train_test\G4_109OK_test\TKN_3\109_TKN_3_659.bmp,TKN_3
C:\Users\501\Desktop\train_test\G4_109OK_test\TKN_3\109_TKN_3_66.bmp,TKN_3
C:\Users\501\Desktop\train_test\G4_109OK_test\TKN_3\109_TKN_3_660.bmp,TKN_3
C:\Users\501\Desktop\train_test\G4_109OK_test\TKN_3\109_TKN_3_661.bmp,TKN_3
C:\Users\501\Desktop\train_test\G4_109OK_test\TKN_3\109_TKN_3_662.bmp,TKN_3
C:\Users\501\Desktop\train_test\G4_109OK_test\TKN_3\109_TKN_3_663.bmp,TKN_3
C:\Users\501\Desktop\train_test\G4_109OK_test\TKN_3\109_TKN_3_664.bmp,TKN_3
C:\Users\501\Desktop\train_test\G4_109OK_test\TKN_3\109_TKN_3_665.bmp,TKN_3
C:\Users\501\Desktop\train_test\G4_109OK_test\TKN_3\109_TKN_3_666.bmp,TKN_3
C:\Users\501\Desktop\train_test\G4_109OK_test\TKN_3\109_TKN_3_667.bmp,TKN_3
C:\Users\501\Desktop\train_test\G4_109OK_test\TKN_3\109_TKN_3_668.bmp,TKN_3
C:\Users\501\Desktop\train_test\G4_109OK_test\TKN_3\109_TKN_3_669.bmp,TKN_3
C:\Users\501\Desktop\train_test\G4_109OK_test\TKN_3\109_TKN_3_67.bmp,TKN_3
C:\Users\501\Desktop\train_test\G4_109OK_test\TKN_3\109_TKN_3_670.bmp,TKN_3
C:\Users\501\Desktop\train_test\G4_109OK_test\TKN_3\109_TKN_3_671.bmp,TKN_3
C:\Users\501\Desktop\train_test\G4_109OK_test\TKN_3\109_TKN_3_672.bmp,TKN_3
C:\Users\501\Desktop\train_test\G4_109OK_test\TKN_3\109_TKN_3_673.bmp,TKN_3
C:\Users\501\Desktop\train_test\G4_109OK_test\TKN_3\109_TKN_3_674.bmp,TKN_3
C:\Users\501\Desktop\train_test\G4_109OK_test\TKN_3\109_TKN_3_675.bmp,TKN_3
C:\Users\501\Desktop\train_test\G4_109OK_test\TKN_3\109_TKN_3_676.bmp,TKN_3
C:\Users\501\Desktop\train_test\G4_109OK_test\TKN_3\109_TKN_3_677.bmp,TKN_3
C:\Users\501\Desktop\train_test\G4_109OK_test\TKN_3\109_TKN_3_678.bmp,TKN_3
C:\Users\501\Desktop\train_test\G4_109OK_test\TKN_3\109_TKN_3_679.bmp,TKN_3
C:\Users\501\Desktop\train_test\G4_109OK_test\TKN_3\109_TKN_3_68.bmp,TKN_3
C:\Users\501\Desktop\train_test\G4_109OK_test\TKN_3\109_TKN_3_680.bmp,TKN_3
C:\Users\501\Desktop\train_test\G4_109OK_test\TKN_3\109_TKN_3_681.bmp,TKN_3
C:\Users\501\Desktop\train_test\G4_109OK_test\TKN_3\109_TKN_3_682.bmp,TKN_3
C:\Users\501\Desktop\train_test\G4_109OK_test\TKN_3\109_TKN_3_683.bmp,TKN_3
C:\Users\501\Desktop\train_test\G4_109OK_test\TKN_3\109_TKN_3_684.bmp,TKN_3
C:\Users\501\Desktop\train_test\G4_109OK_test\TKN_3\109_TKN_3_685.bmp,TKN_3
C:\Users\501\Desktop\train_test\G4_109OK_test\TKN_3\109_TKN_3_686.bmp,TKN_3
C:\Users\501\Desktop\train_test\G4_109OK_test\TKN_3\109_TKN_3_687.bmp,TKN_3
C:\Users\501\Desktop\train_test\G4_109OK_test\TKN_3\109_TKN_3_688.bmp,TKN_3
C:\Users\501\Desktop\train_test\G4_109OK_test\TKN_3\109_TKN_3_689.bmp,TKN_3
C:\Users\501\Desktop\train_test\G4_109OK_test\TKN_3\109_TKN_3_69.bmp,TKN_3
C:\Users\501\Desktop\train_test\G4_109OK_test\TKN_3\109_TKN_3_690.bmp,TKN_3
C:\Users\501\Desktop\train_test\G4_109OK_test\TKN_3\109_TKN_3_691.bmp,TKN_3
C:\Users\501\Desktop\train_test\G4_109OK_test\TKN_3\109_TKN_3_692.bmp,TKN_3
C:\Users\501\Desktop\train_test\G4_109OK_test\TKN_3\109_TKN_3_693.bmp,TKN_3
C:\Users\501\Desktop\train_test\G4_109OK_test\TKN_3\109_TKN_3_694.bmp,TKN_3
C:\Users\501\Desktop\train_test\G4_109OK_test\TKN_3\109_TKN_3_695.bmp,TKN_3
C:\Users\501\Desktop\train_test\G4_109OK_test\TKN_3\109_TKN_3_696.bmp,TKN_3
C:\Users\501\Desktop\train_test\G4_109OK_test\TKN_3\109_TKN_3_697.bmp,TKN_3
C:\Users\501\Desktop\train_test\G4_109OK_test\TKN_3\109_TKN_3_698.bmp,TKN_3
C:\Users\501\Desktop\train_test\G4_109OK_test\TKN_3\109_TKN_3_699.bmp,TKN_3
C:\Users\501\Desktop\train_test\G4_109OK_test\TKN_3\109_TKN_3_7.bmp,TKN_3
C:\Users\501\Desktop\train_test\G4_109OK_test\TKN_3\109_TKN_3_70.bmp,TKN_3
C:\Users\501\Desktop\train_test\G4_109OK_test\TKN_3\109_TKN_3_700.bmp,TKN_3
C:\Users\501\Desktop\train_test\G4_109OK_test\TKN_3\109_TKN_3_71.bmp,TKN_3
C:\Users\501\Desktop\train_test\G4_109OK_test\TKN_3\109_TKN_3_72.bmp,TKN_3
C:\Users\501\Desktop\train_test\G4_109OK_test\TKN_3\109_TKN_3_73.bmp,TKN_3
C:\Users\501\Desktop\train_test\G4_109OK_test\TKN_3\109_TKN_3_74.bmp,TKN_3
C:\Users\501\Desktop\train_test\G4_109OK_test\TKN_3\109_TKN_3_75.bmp,TKN_3
C:\Users\501\Desktop\train_test\G4_109OK_test\TKN_3\109_TKN_3_76.bmp,TKN_3
C:\Users\501\Desktop\train_test\G4_109OK_test\TKN_3\109_TKN_3_77.bmp,TKN_3
C:\Users\501\Desktop\train_test\G4_109OK_test\TKN_3\109_TKN_3_78.bmp,TKN_3
C:\Users\501\Desktop\train_test\G4_109OK_test\TKN_3\109_TKN_3_79.bmp,TKN_3
C:\Users\501\Desktop\train_test\G4_109OK_test\TKN_3\109_TKN_3_8.bmp,TKN_3
C:\Users\501\Desktop\train_test\G4_109OK_test\TKN_3\109_TKN_3_80.bmp,TKN_3
C:\Users\501\Desktop\train_test\G4_109OK_test\TKN_3\109_TKN_3_81.bmp,TKN_3
C:\Users\501\Desktop\train_test\G4_109OK_test\TKN_3\109_TKN_3_82.bmp,TKN_3
C:\Users\501\Desktop\train_test\G4_109OK_test\TKN_3\109_TKN_3_83.bmp,TKN_3
C:\Users\501\Desktop\train_test\G4_109OK_test\TKN_3\109_TKN_3_84.bmp,TKN_3
C:\Users\501\Desktop\train_test\G4_109OK_test\TKN_3\109_TKN_3_85.bmp,TKN_3
C:\Users\501\Desktop\train_test\G4_109OK_test\TKN_3\109_TKN_3_86.bmp,TKN_3
C:\Users\501\Desktop\train_test\G4_109OK_test\TKN_3\109_TKN_3_87.bmp,TKN_3
C:\Users\501\Desktop\train_test\G4_109OK_test\TKN_3\109_TKN_3_88.bmp,TKN_3
C:\Users\501\Desktop\train_test\G4_109OK_test\TKN_3\109_TKN_3_89.bmp,TKN_3
C:\Users\501\Desktop\train_test\G4_109OK_test\TKN_3\109_TKN_3_9.bmp,TKN_3
C:\Users\501\Desktop\train_test\G4_109OK_test\TKN_3\109_TKN_3_90.bmp,TKN_3
C:\Users\501\Desktop\train_test\G4_109OK_test\TKN_3\109_TKN_3_91.bmp,TKN_3
C:\Users\501\Desktop\train_test\G4_109OK_test\TKN_3\109_TKN_3_92.bmp,TKN_3
C:\Users\501\Desktop\train_test\G4_109OK_test\TKN_3\109_TKN_3_93.bmp,TKN_3
C:\Users\501\Desktop\train_test\G4_109OK_test\TKN_3\109_TKN_3_94.bmp,TKN_3
C:\Users\501\Desktop\train_test\G4_109OK_test\TKN_3\109_TKN_3_95.bmp,TKN_3
C:\Users\501\Desktop\train_test\G4_109OK_test\TKN_3\109_TKN_3_96.bmp,TKN_3
C:\Users\501\Desktop\train_test\G4_109OK_test\TKN_3\109_TKN_3_97.bmp,TKN_3
C:\Users\501\Desktop\train_test\G4_109OK_test\TKN_3\109_TKN_3_98.bmp,TKN_3
C:\Users\501\Desktop\train_test\G4_109OK_test\TKN_3\109_TKN_3_99.bmp,TKN_3


TKN_3,700,Accurate: 93 %
KHS_7,TCSN_2,TCS_10,TCS_17,TKN_3,No
10,0,0,4,651,1
