C:\Users\User\Desktop\20210910yolo_train\val\G1\TC_192\TC_192_1.bmp,TC_192
C:\Users\User\Desktop\20210910yolo_train\val\G1\TC_192\TC_192_10.bmp,TC_192
C:\Users\User\Desktop\20210910yolo_train\val\G1\TC_192\TC_192_100.bmp,TC_192
C:\Users\User\Desktop\20210910yolo_train\val\G1\TC_192\TC_192_1000.bmp,TC_192
C:\Users\User\Desktop\20210910yolo_train\val\G1\TC_192\TC_192_101.bmp,TC_192
C:\Users\User\Desktop\20210910yolo_train\val\G1\TC_192\TC_192_102.bmp,TC_192
C:\Users\User\Desktop\20210910yolo_train\val\G1\TC_192\TC_192_103.bmp,TC_192
C:\Users\User\Desktop\20210910yolo_train\val\G1\TC_192\TC_192_104.bmp,TC_192
C:\Users\User\Desktop\20210910yolo_train\val\G1\TC_192\TC_192_105.bmp,TC_192
C:\Users\User\Desktop\20210910yolo_train\val\G1\TC_192\TC_192_106.bmp,TC_192
C:\Users\User\Desktop\20210910yolo_train\val\G1\TC_192\TC_192_107.bmp,TC_192
C:\Users\User\Desktop\20210910yolo_train\val\G1\TC_192\TC_192_108.bmp,TC_192
C:\Users\User\Desktop\20210910yolo_train\val\G1\TC_192\TC_192_109.bmp,TC_192
C:\Users\User\Desktop\20210910yolo_train\val\G1\TC_192\TC_192_11.bmp,TC_192
C:\Users\User\Desktop\20210910yolo_train\val\G1\TC_192\TC_192_110.bmp,TC_192
C:\Users\User\Desktop\20210910yolo_train\val\G1\TC_192\TC_192_111.bmp,TC_192
C:\Users\User\Desktop\20210910yolo_train\val\G1\TC_192\TC_192_112.bmp,TC_192
C:\Users\User\Desktop\20210910yolo_train\val\G1\TC_192\TC_192_113.bmp,TC_192
C:\Users\User\Desktop\20210910yolo_train\val\G1\TC_192\TC_192_114.bmp,TC_192
C:\Users\User\Desktop\20210910yolo_train\val\G1\TC_192\TC_192_115.bmp,TC_192
C:\Users\User\Desktop\20210910yolo_train\val\G1\TC_192\TC_192_116.bmp,TC_192
C:\Users\User\Desktop\20210910yolo_train\val\G1\TC_192\TC_192_117.bmp,TC_192
C:\Users\User\Desktop\20210910yolo_train\val\G1\TC_192\TC_192_118.bmp,TC_192
C:\Users\User\Desktop\20210910yolo_train\val\G1\TC_192\TC_192_119.bmp,TC_192
C:\Users\User\Desktop\20210910yolo_train\val\G1\TC_192\TC_192_12.bmp,TC_192
C:\Users\User\Desktop\20210910yolo_train\val\G1\TC_192\TC_192_120.bmp,TC_192
C:\Users\User\Desktop\20210910yolo_train\val\G1\TC_192\TC_192_121.bmp,TC_192
C:\Users\User\Desktop\20210910yolo_train\val\G1\TC_192\TC_192_122.bmp,TC_192
C:\Users\User\Desktop\20210910yolo_train\val\G1\TC_192\TC_192_123.bmp,TC_192
C:\Users\User\Desktop\20210910yolo_train\val\G1\TC_192\TC_192_124.bmp,TC_192
C:\Users\User\Desktop\20210910yolo_train\val\G1\TC_192\TC_192_125.bmp,TC_192
C:\Users\User\Desktop\20210910yolo_train\val\G1\TC_192\TC_192_126.bmp,TC_192
C:\Users\User\Desktop\20210910yolo_train\val\G1\TC_192\TC_192_127.bmp,TC_192
C:\Users\User\Desktop\20210910yolo_train\val\G1\TC_192\TC_192_128.bmp,TC_192
C:\Users\User\Desktop\20210910yolo_train\val\G1\TC_192\TC_192_129.bmp,TC_192
C:\Users\User\Desktop\20210910yolo_train\val\G1\TC_192\TC_192_13.bmp,TC_192
C:\Users\User\Desktop\20210910yolo_train\val\G1\TC_192\TC_192_130.bmp,TC_192
C:\Users\User\Desktop\20210910yolo_train\val\G1\TC_192\TC_192_131.bmp,TC_192
C:\Users\User\Desktop\20210910yolo_train\val\G1\TC_192\TC_192_132.bmp,TC_192
C:\Users\User\Desktop\20210910yolo_train\val\G1\TC_192\TC_192_133.bmp,TC_192
C:\Users\User\Desktop\20210910yolo_train\val\G1\TC_192\TC_192_134.bmp,TC_192
C:\Users\User\Desktop\20210910yolo_train\val\G1\TC_192\TC_192_135.bmp,TC_192
C:\Users\User\Desktop\20210910yolo_train\val\G1\TC_192\TC_192_136.bmp,TC_192
C:\Users\User\Desktop\20210910yolo_train\val\G1\TC_192\TC_192_137.bmp,TC_192
C:\Users\User\Desktop\20210910yolo_train\val\G1\TC_192\TC_192_138.bmp,TC_192
C:\Users\User\Desktop\20210910yolo_train\val\G1\TC_192\TC_192_139.bmp,TC_192
C:\Users\User\Desktop\20210910yolo_train\val\G1\TC_192\TC_192_14.bmp,TC_192
C:\Users\User\Desktop\20210910yolo_train\val\G1\TC_192\TC_192_140.bmp,TC_192
C:\Users\User\Desktop\20210910yolo_train\val\G1\TC_192\TC_192_141.bmp,TC_192
C:\Users\User\Desktop\20210910yolo_train\val\G1\TC_192\TC_192_142.bmp,TC_192
C:\Users\User\Desktop\20210910yolo_train\val\G1\TC_192\TC_192_143.bmp,TC_192
C:\Users\User\Desktop\20210910yolo_train\val\G1\TC_192\TC_192_144.bmp,TC_192
C:\Users\User\Desktop\20210910yolo_train\val\G1\TC_192\TC_192_145.bmp,TC_192
C:\Users\User\Desktop\20210910yolo_train\val\G1\TC_192\TC_192_146.bmp,TC_192
C:\Users\User\Desktop\20210910yolo_train\val\G1\TC_192\TC_192_147.bmp,TC_192
C:\Users\User\Desktop\20210910yolo_train\val\G1\TC_192\TC_192_148.bmp,TC_192
C:\Users\User\Desktop\20210910yolo_train\val\G1\TC_192\TC_192_149.bmp,TC_192
C:\Users\User\Desktop\20210910yolo_train\val\G1\TC_192\TC_192_15.bmp,TC_192
C:\Users\User\Desktop\20210910yolo_train\val\G1\TC_192\TC_192_150.bmp,TC_192
C:\Users\User\Desktop\20210910yolo_train\val\G1\TC_192\TC_192_151.bmp,TC_192
C:\Users\User\Desktop\20210910yolo_train\val\G1\TC_192\TC_192_152.bmp,TC_192
C:\Users\User\Desktop\20210910yolo_train\val\G1\TC_192\TC_192_153.bmp,TC_192
C:\Users\User\Desktop\20210910yolo_train\val\G1\TC_192\TC_192_154.bmp,TC_192
C:\Users\User\Desktop\20210910yolo_train\val\G1\TC_192\TC_192_155.bmp,TC_192
C:\Users\User\Desktop\20210910yolo_train\val\G1\TC_192\TC_192_156.bmp,TC_192
C:\Users\User\Desktop\20210910yolo_train\val\G1\TC_192\TC_192_157.bmp,TC_192
C:\Users\User\Desktop\20210910yolo_train\val\G1\TC_192\TC_192_158.bmp,TC_192
C:\Users\User\Desktop\20210910yolo_train\val\G1\TC_192\TC_192_159.bmp,TC_192
C:\Users\User\Desktop\20210910yolo_train\val\G1\TC_192\TC_192_16.bmp,TC_192
C:\Users\User\Desktop\20210910yolo_train\val\G1\TC_192\TC_192_160.bmp,TC_192
C:\Users\User\Desktop\20210910yolo_train\val\G1\TC_192\TC_192_161.bmp,TC_192
C:\Users\User\Desktop\20210910yolo_train\val\G1\TC_192\TC_192_162.bmp,TC_192
C:\Users\User\Desktop\20210910yolo_train\val\G1\TC_192\TC_192_163.bmp,TC_192
C:\Users\User\Desktop\20210910yolo_train\val\G1\TC_192\TC_192_164.bmp,TC_192
C:\Users\User\Desktop\20210910yolo_train\val\G1\TC_192\TC_192_165.bmp,TC_192
C:\Users\User\Desktop\20210910yolo_train\val\G1\TC_192\TC_192_166.bmp,TC_192
C:\Users\User\Desktop\20210910yolo_train\val\G1\TC_192\TC_192_167.bmp,TC_192
C:\Users\User\Desktop\20210910yolo_train\val\G1\TC_192\TC_192_168.bmp,TC_192
C:\Users\User\Desktop\20210910yolo_train\val\G1\TC_192\TC_192_169.bmp,TC_192
C:\Users\User\Desktop\20210910yolo_train\val\G1\TC_192\TC_192_17.bmp,TC_192
C:\Users\User\Desktop\20210910yolo_train\val\G1\TC_192\TC_192_170.bmp,TC_192
C:\Users\User\Desktop\20210910yolo_train\val\G1\TC_192\TC_192_171.bmp,TC_192
C:\Users\User\Desktop\20210910yolo_train\val\G1\TC_192\TC_192_172.bmp,TC_192
C:\Users\User\Desktop\20210910yolo_train\val\G1\TC_192\TC_192_173.bmp,TC_192
C:\Users\User\Desktop\20210910yolo_train\val\G1\TC_192\TC_192_174.bmp,TC_192
C:\Users\User\Desktop\20210910yolo_train\val\G1\TC_192\TC_192_175.bmp,TC_192
C:\Users\User\Desktop\20210910yolo_train\val\G1\TC_192\TC_192_176.bmp,TC_192
C:\Users\User\Desktop\20210910yolo_train\val\G1\TC_192\TC_192_177.bmp,TC_192
C:\Users\User\Desktop\20210910yolo_train\val\G1\TC_192\TC_192_178.bmp,TC_192
C:\Users\User\Desktop\20210910yolo_train\val\G1\TC_192\TC_192_179.bmp,TC_192
C:\Users\User\Desktop\20210910yolo_train\val\G1\TC_192\TC_192_18.bmp,TC_192
C:\Users\User\Desktop\20210910yolo_train\val\G1\TC_192\TC_192_180.bmp,TC_192
C:\Users\User\Desktop\20210910yolo_train\val\G1\TC_192\TC_192_181.bmp,TC_192
C:\Users\User\Desktop\20210910yolo_train\val\G1\TC_192\TC_192_182.bmp,TC_192
C:\Users\User\Desktop\20210910yolo_train\val\G1\TC_192\TC_192_183.bmp,TC_192
C:\Users\User\Desktop\20210910yolo_train\val\G1\TC_192\TC_192_184.bmp,TC_192
C:\Users\User\Desktop\20210910yolo_train\val\G1\TC_192\TC_192_185.bmp,TC_192
C:\Users\User\Desktop\20210910yolo_train\val\G1\TC_192\TC_192_186.bmp,TC_192
C:\Users\User\Desktop\20210910yolo_train\val\G1\TC_192\TC_192_187.bmp,TC_192
C:\Users\User\Desktop\20210910yolo_train\val\G1\TC_192\TC_192_188.bmp,TC_192
C:\Users\User\Desktop\20210910yolo_train\val\G1\TC_192\TC_192_189.bmp,TC_192
C:\Users\User\Desktop\20210910yolo_train\val\G1\TC_192\TC_192_19.bmp,TC_192
C:\Users\User\Desktop\20210910yolo_train\val\G1\TC_192\TC_192_190.bmp,TC_192
C:\Users\User\Desktop\20210910yolo_train\val\G1\TC_192\TC_192_191.bmp,TC_192
C:\Users\User\Desktop\20210910yolo_train\val\G1\TC_192\TC_192_192.bmp,TC_192
C:\Users\User\Desktop\20210910yolo_train\val\G1\TC_192\TC_192_193.bmp,TC_192
C:\Users\User\Desktop\20210910yolo_train\val\G1\TC_192\TC_192_194.bmp,TC_192
C:\Users\User\Desktop\20210910yolo_train\val\G1\TC_192\TC_192_195.bmp,TC_192
C:\Users\User\Desktop\20210910yolo_train\val\G1\TC_192\TC_192_196.bmp,TC_192
C:\Users\User\Desktop\20210910yolo_train\val\G1\TC_192\TC_192_197.bmp,TC_192
C:\Users\User\Desktop\20210910yolo_train\val\G1\TC_192\TC_192_198.bmp,TC_192
C:\Users\User\Desktop\20210910yolo_train\val\G1\TC_192\TC_192_199.bmp,TC_192
C:\Users\User\Desktop\20210910yolo_train\val\G1\TC_192\TC_192_2.bmp,TC_192
C:\Users\User\Desktop\20210910yolo_train\val\G1\TC_192\TC_192_20.bmp,TC_192
C:\Users\User\Desktop\20210910yolo_train\val\G1\TC_192\TC_192_200.bmp,TC_192
C:\Users\User\Desktop\20210910yolo_train\val\G1\TC_192\TC_192_201.bmp,TC_192
C:\Users\User\Desktop\20210910yolo_train\val\G1\TC_192\TC_192_202.bmp,TC_192
C:\Users\User\Desktop\20210910yolo_train\val\G1\TC_192\TC_192_203.bmp,TC_192
C:\Users\User\Desktop\20210910yolo_train\val\G1\TC_192\TC_192_204.bmp,TC_192
C:\Users\User\Desktop\20210910yolo_train\val\G1\TC_192\TC_192_205.bmp,TC_192
C:\Users\User\Desktop\20210910yolo_train\val\G1\TC_192\TC_192_206.bmp,TC_192
C:\Users\User\Desktop\20210910yolo_train\val\G1\TC_192\TC_192_207.bmp,TC_192
C:\Users\User\Desktop\20210910yolo_train\val\G1\TC_192\TC_192_208.bmp,TC_192
C:\Users\User\Desktop\20210910yolo_train\val\G1\TC_192\TC_192_209.bmp,TC_192
C:\Users\User\Desktop\20210910yolo_train\val\G1\TC_192\TC_192_21.bmp,TC_192
C:\Users\User\Desktop\20210910yolo_train\val\G1\TC_192\TC_192_210.bmp,TC_192
C:\Users\User\Desktop\20210910yolo_train\val\G1\TC_192\TC_192_211.bmp,TC_192
C:\Users\User\Desktop\20210910yolo_train\val\G1\TC_192\TC_192_212.bmp,TC_192
C:\Users\User\Desktop\20210910yolo_train\val\G1\TC_192\TC_192_213.bmp,TC_192
C:\Users\User\Desktop\20210910yolo_train\val\G1\TC_192\TC_192_214.bmp,TC_192
C:\Users\User\Desktop\20210910yolo_train\val\G1\TC_192\TC_192_215.bmp,TC_192
C:\Users\User\Desktop\20210910yolo_train\val\G1\TC_192\TC_192_216.bmp,TC_192
C:\Users\User\Desktop\20210910yolo_train\val\G1\TC_192\TC_192_217.bmp,TC_192
C:\Users\User\Desktop\20210910yolo_train\val\G1\TC_192\TC_192_218.bmp,TC_192
C:\Users\User\Desktop\20210910yolo_train\val\G1\TC_192\TC_192_219.bmp,TC_192
C:\Users\User\Desktop\20210910yolo_train\val\G1\TC_192\TC_192_22.bmp,TC_192
C:\Users\User\Desktop\20210910yolo_train\val\G1\TC_192\TC_192_220.bmp,TC_192
C:\Users\User\Desktop\20210910yolo_train\val\G1\TC_192\TC_192_221.bmp,TC_192
C:\Users\User\Desktop\20210910yolo_train\val\G1\TC_192\TC_192_222.bmp,TC_192
C:\Users\User\Desktop\20210910yolo_train\val\G1\TC_192\TC_192_223.bmp,TC_192
C:\Users\User\Desktop\20210910yolo_train\val\G1\TC_192\TC_192_224.bmp,TC_192
C:\Users\User\Desktop\20210910yolo_train\val\G1\TC_192\TC_192_225.bmp,TC_192
C:\Users\User\Desktop\20210910yolo_train\val\G1\TC_192\TC_192_226.bmp,TC_192
C:\Users\User\Desktop\20210910yolo_train\val\G1\TC_192\TC_192_227.bmp,TC_192
C:\Users\User\Desktop\20210910yolo_train\val\G1\TC_192\TC_192_228.bmp,TC_192
C:\Users\User\Desktop\20210910yolo_train\val\G1\TC_192\TC_192_229.bmp,TC_192
C:\Users\User\Desktop\20210910yolo_train\val\G1\TC_192\TC_192_23.bmp,TC_192
C:\Users\User\Desktop\20210910yolo_train\val\G1\TC_192\TC_192_230.bmp,TC_192
C:\Users\User\Desktop\20210910yolo_train\val\G1\TC_192\TC_192_231.bmp,TC_192
C:\Users\User\Desktop\20210910yolo_train\val\G1\TC_192\TC_192_232.bmp,TC_192
C:\Users\User\Desktop\20210910yolo_train\val\G1\TC_192\TC_192_233.bmp,TC_192
C:\Users\User\Desktop\20210910yolo_train\val\G1\TC_192\TC_192_234.bmp,TC_192
C:\Users\User\Desktop\20210910yolo_train\val\G1\TC_192\TC_192_235.bmp,TC_192
C:\Users\User\Desktop\20210910yolo_train\val\G1\TC_192\TC_192_236.bmp,TC_192
C:\Users\User\Desktop\20210910yolo_train\val\G1\TC_192\TC_192_237.bmp,TC_192
C:\Users\User\Desktop\20210910yolo_train\val\G1\TC_192\TC_192_238.bmp,TC_192
C:\Users\User\Desktop\20210910yolo_train\val\G1\TC_192\TC_192_239.bmp,TC_192
C:\Users\User\Desktop\20210910yolo_train\val\G1\TC_192\TC_192_24.bmp,TC_192
C:\Users\User\Desktop\20210910yolo_train\val\G1\TC_192\TC_192_240.bmp,TC_192
C:\Users\User\Desktop\20210910yolo_train\val\G1\TC_192\TC_192_241.bmp,TC_192
C:\Users\User\Desktop\20210910yolo_train\val\G1\TC_192\TC_192_242.bmp,TC_192
C:\Users\User\Desktop\20210910yolo_train\val\G1\TC_192\TC_192_243.bmp,TC_192
C:\Users\User\Desktop\20210910yolo_train\val\G1\TC_192\TC_192_244.bmp,TC_192
C:\Users\User\Desktop\20210910yolo_train\val\G1\TC_192\TC_192_245.bmp,TC_192
C:\Users\User\Desktop\20210910yolo_train\val\G1\TC_192\TC_192_246.bmp,TC_192
C:\Users\User\Desktop\20210910yolo_train\val\G1\TC_192\TC_192_247.bmp,TC_192
C:\Users\User\Desktop\20210910yolo_train\val\G1\TC_192\TC_192_248.bmp,TC_192
C:\Users\User\Desktop\20210910yolo_train\val\G1\TC_192\TC_192_249.bmp,TC_192
C:\Users\User\Desktop\20210910yolo_train\val\G1\TC_192\TC_192_25.bmp,TC_192
C:\Users\User\Desktop\20210910yolo_train\val\G1\TC_192\TC_192_250.bmp,TC_192
C:\Users\User\Desktop\20210910yolo_train\val\G1\TC_192\TC_192_251.bmp,TC_192
C:\Users\User\Desktop\20210910yolo_train\val\G1\TC_192\TC_192_252.bmp,TC_192
C:\Users\User\Desktop\20210910yolo_train\val\G1\TC_192\TC_192_253.bmp,TC_192
C:\Users\User\Desktop\20210910yolo_train\val\G1\TC_192\TC_192_254.bmp,TC_192
C:\Users\User\Desktop\20210910yolo_train\val\G1\TC_192\TC_192_255.bmp,TC_192
C:\Users\User\Desktop\20210910yolo_train\val\G1\TC_192\TC_192_256.bmp,TC_192
C:\Users\User\Desktop\20210910yolo_train\val\G1\TC_192\TC_192_257.bmp,TC_192
C:\Users\User\Desktop\20210910yolo_train\val\G1\TC_192\TC_192_258.bmp,TC_192
C:\Users\User\Desktop\20210910yolo_train\val\G1\TC_192\TC_192_259.bmp,TC_192
C:\Users\User\Desktop\20210910yolo_train\val\G1\TC_192\TC_192_26.bmp,TC_192
C:\Users\User\Desktop\20210910yolo_train\val\G1\TC_192\TC_192_260.bmp,TC_192
C:\Users\User\Desktop\20210910yolo_train\val\G1\TC_192\TC_192_261.bmp,TC_192
C:\Users\User\Desktop\20210910yolo_train\val\G1\TC_192\TC_192_262.bmp,TC_192
C:\Users\User\Desktop\20210910yolo_train\val\G1\TC_192\TC_192_263.bmp,TC_192
C:\Users\User\Desktop\20210910yolo_train\val\G1\TC_192\TC_192_264.bmp,TC_192
C:\Users\User\Desktop\20210910yolo_train\val\G1\TC_192\TC_192_265.bmp,TC_192
C:\Users\User\Desktop\20210910yolo_train\val\G1\TC_192\TC_192_266.bmp,TC_192
C:\Users\User\Desktop\20210910yolo_train\val\G1\TC_192\TC_192_267.bmp,TC_192
C:\Users\User\Desktop\20210910yolo_train\val\G1\TC_192\TC_192_268.bmp,TC_192
C:\Users\User\Desktop\20210910yolo_train\val\G1\TC_192\TC_192_269.bmp,TC_192
C:\Users\User\Desktop\20210910yolo_train\val\G1\TC_192\TC_192_27.bmp,TC_192
C:\Users\User\Desktop\20210910yolo_train\val\G1\TC_192\TC_192_270.bmp,TC_192
C:\Users\User\Desktop\20210910yolo_train\val\G1\TC_192\TC_192_271.bmp,TC_192
C:\Users\User\Desktop\20210910yolo_train\val\G1\TC_192\TC_192_272.bmp,TC_192
C:\Users\User\Desktop\20210910yolo_train\val\G1\TC_192\TC_192_273.bmp,TC_192
C:\Users\User\Desktop\20210910yolo_train\val\G1\TC_192\TC_192_274.bmp,TC_192
C:\Users\User\Desktop\20210910yolo_train\val\G1\TC_192\TC_192_275.bmp,TC_192
C:\Users\User\Desktop\20210910yolo_train\val\G1\TC_192\TC_192_276.bmp,TC_192
C:\Users\User\Desktop\20210910yolo_train\val\G1\TC_192\TC_192_277.bmp,TC_192
C:\Users\User\Desktop\20210910yolo_train\val\G1\TC_192\TC_192_278.bmp,TC_192
C:\Users\User\Desktop\20210910yolo_train\val\G1\TC_192\TC_192_279.bmp,TC_192
C:\Users\User\Desktop\20210910yolo_train\val\G1\TC_192\TC_192_28.bmp,TC_192
C:\Users\User\Desktop\20210910yolo_train\val\G1\TC_192\TC_192_280.bmp,TC_192
C:\Users\User\Desktop\20210910yolo_train\val\G1\TC_192\TC_192_281.bmp,TC_192
C:\Users\User\Desktop\20210910yolo_train\val\G1\TC_192\TC_192_282.bmp,TC_192
C:\Users\User\Desktop\20210910yolo_train\val\G1\TC_192\TC_192_283.bmp,TC_192
C:\Users\User\Desktop\20210910yolo_train\val\G1\TC_192\TC_192_284.bmp,TC_192
C:\Users\User\Desktop\20210910yolo_train\val\G1\TC_192\TC_192_285.bmp,TC_192
C:\Users\User\Desktop\20210910yolo_train\val\G1\TC_192\TC_192_286.bmp,TC_192
C:\Users\User\Desktop\20210910yolo_train\val\G1\TC_192\TC_192_287.bmp,TC_192
C:\Users\User\Desktop\20210910yolo_train\val\G1\TC_192\TC_192_288.bmp,TC_192
C:\Users\User\Desktop\20210910yolo_train\val\G1\TC_192\TC_192_289.bmp,TC_192
C:\Users\User\Desktop\20210910yolo_train\val\G1\TC_192\TC_192_29.bmp,TC_192
C:\Users\User\Desktop\20210910yolo_train\val\G1\TC_192\TC_192_290.bmp,TC_192
C:\Users\User\Desktop\20210910yolo_train\val\G1\TC_192\TC_192_291.bmp,TC_192
C:\Users\User\Desktop\20210910yolo_train\val\G1\TC_192\TC_192_292.bmp,TC_192
C:\Users\User\Desktop\20210910yolo_train\val\G1\TC_192\TC_192_293.bmp,TC_192
C:\Users\User\Desktop\20210910yolo_train\val\G1\TC_192\TC_192_294.bmp,TC_192
C:\Users\User\Desktop\20210910yolo_train\val\G1\TC_192\TC_192_295.bmp,TC_192
C:\Users\User\Desktop\20210910yolo_train\val\G1\TC_192\TC_192_296.bmp,TC_192
C:\Users\User\Desktop\20210910yolo_train\val\G1\TC_192\TC_192_297.bmp,TC_192
C:\Users\User\Desktop\20210910yolo_train\val\G1\TC_192\TC_192_298.bmp,TC_192
C:\Users\User\Desktop\20210910yolo_train\val\G1\TC_192\TC_192_299.bmp,TC_192
C:\Users\User\Desktop\20210910yolo_train\val\G1\TC_192\TC_192_3.bmp,TC_192
C:\Users\User\Desktop\20210910yolo_train\val\G1\TC_192\TC_192_30.bmp,TC_192
C:\Users\User\Desktop\20210910yolo_train\val\G1\TC_192\TC_192_300.bmp,TC_192
C:\Users\User\Desktop\20210910yolo_train\val\G1\TC_192\TC_192_301.bmp,TC_192
C:\Users\User\Desktop\20210910yolo_train\val\G1\TC_192\TC_192_302.bmp,TC_192
C:\Users\User\Desktop\20210910yolo_train\val\G1\TC_192\TC_192_303.bmp,TC_192
C:\Users\User\Desktop\20210910yolo_train\val\G1\TC_192\TC_192_304.bmp,No
C:\Users\User\Desktop\20210910yolo_train\val\G1\TC_192\TC_192_305.bmp,TC_192
C:\Users\User\Desktop\20210910yolo_train\val\G1\TC_192\TC_192_306.bmp,TC_192
C:\Users\User\Desktop\20210910yolo_train\val\G1\TC_192\TC_192_307.bmp,TC_192
C:\Users\User\Desktop\20210910yolo_train\val\G1\TC_192\TC_192_308.bmp,TC_192
C:\Users\User\Desktop\20210910yolo_train\val\G1\TC_192\TC_192_309.bmp,TC_192
C:\Users\User\Desktop\20210910yolo_train\val\G1\TC_192\TC_192_31.bmp,TC_192
C:\Users\User\Desktop\20210910yolo_train\val\G1\TC_192\TC_192_310.bmp,TC_192
C:\Users\User\Desktop\20210910yolo_train\val\G1\TC_192\TC_192_311.bmp,TC_192
C:\Users\User\Desktop\20210910yolo_train\val\G1\TC_192\TC_192_312.bmp,TC_192
C:\Users\User\Desktop\20210910yolo_train\val\G1\TC_192\TC_192_313.bmp,TC_192
C:\Users\User\Desktop\20210910yolo_train\val\G1\TC_192\TC_192_314.bmp,TC_192
C:\Users\User\Desktop\20210910yolo_train\val\G1\TC_192\TC_192_315.bmp,TC_192
C:\Users\User\Desktop\20210910yolo_train\val\G1\TC_192\TC_192_316.bmp,TC_192
C:\Users\User\Desktop\20210910yolo_train\val\G1\TC_192\TC_192_317.bmp,TC_192
C:\Users\User\Desktop\20210910yolo_train\val\G1\TC_192\TC_192_318.bmp,TC_192
C:\Users\User\Desktop\20210910yolo_train\val\G1\TC_192\TC_192_319.bmp,TC_192
C:\Users\User\Desktop\20210910yolo_train\val\G1\TC_192\TC_192_32.bmp,TC_192
C:\Users\User\Desktop\20210910yolo_train\val\G1\TC_192\TC_192_320.bmp,TC_192
C:\Users\User\Desktop\20210910yolo_train\val\G1\TC_192\TC_192_321.bmp,TC_192
C:\Users\User\Desktop\20210910yolo_train\val\G1\TC_192\TC_192_322.bmp,TC_192
C:\Users\User\Desktop\20210910yolo_train\val\G1\TC_192\TC_192_323.bmp,TC_192
C:\Users\User\Desktop\20210910yolo_train\val\G1\TC_192\TC_192_324.bmp,TC_192
C:\Users\User\Desktop\20210910yolo_train\val\G1\TC_192\TC_192_325.bmp,TC_192
C:\Users\User\Desktop\20210910yolo_train\val\G1\TC_192\TC_192_326.bmp,TC_192
C:\Users\User\Desktop\20210910yolo_train\val\G1\TC_192\TC_192_327.bmp,TC_192
C:\Users\User\Desktop\20210910yolo_train\val\G1\TC_192\TC_192_328.bmp,TC_192
C:\Users\User\Desktop\20210910yolo_train\val\G1\TC_192\TC_192_329.bmp,TC_192
C:\Users\User\Desktop\20210910yolo_train\val\G1\TC_192\TC_192_33.bmp,TC_192
C:\Users\User\Desktop\20210910yolo_train\val\G1\TC_192\TC_192_330.bmp,TC_192
C:\Users\User\Desktop\20210910yolo_train\val\G1\TC_192\TC_192_331.bmp,TC_192
C:\Users\User\Desktop\20210910yolo_train\val\G1\TC_192\TC_192_332.bmp,TC_192
C:\Users\User\Desktop\20210910yolo_train\val\G1\TC_192\TC_192_333.bmp,TC_192
C:\Users\User\Desktop\20210910yolo_train\val\G1\TC_192\TC_192_334.bmp,TC_192
C:\Users\User\Desktop\20210910yolo_train\val\G1\TC_192\TC_192_335.bmp,TC_192
C:\Users\User\Desktop\20210910yolo_train\val\G1\TC_192\TC_192_336.bmp,TC_192
C:\Users\User\Desktop\20210910yolo_train\val\G1\TC_192\TC_192_337.bmp,TC_192
C:\Users\User\Desktop\20210910yolo_train\val\G1\TC_192\TC_192_338.bmp,TC_192
C:\Users\User\Desktop\20210910yolo_train\val\G1\TC_192\TC_192_339.bmp,TC_192
C:\Users\User\Desktop\20210910yolo_train\val\G1\TC_192\TC_192_34.bmp,TC_192
C:\Users\User\Desktop\20210910yolo_train\val\G1\TC_192\TC_192_340.bmp,TC_192
C:\Users\User\Desktop\20210910yolo_train\val\G1\TC_192\TC_192_341.bmp,TC_192
C:\Users\User\Desktop\20210910yolo_train\val\G1\TC_192\TC_192_342.bmp,TC_192
C:\Users\User\Desktop\20210910yolo_train\val\G1\TC_192\TC_192_343.bmp,TC_192
C:\Users\User\Desktop\20210910yolo_train\val\G1\TC_192\TC_192_344.bmp,TC_192
C:\Users\User\Desktop\20210910yolo_train\val\G1\TC_192\TC_192_345.bmp,TC_192
C:\Users\User\Desktop\20210910yolo_train\val\G1\TC_192\TC_192_346.bmp,TC_192
C:\Users\User\Desktop\20210910yolo_train\val\G1\TC_192\TC_192_347.bmp,TC_192
C:\Users\User\Desktop\20210910yolo_train\val\G1\TC_192\TC_192_348.bmp,TC_192
C:\Users\User\Desktop\20210910yolo_train\val\G1\TC_192\TC_192_349.bmp,TC_192
C:\Users\User\Desktop\20210910yolo_train\val\G1\TC_192\TC_192_35.bmp,TC_192
C:\Users\User\Desktop\20210910yolo_train\val\G1\TC_192\TC_192_350.bmp,TC_192
C:\Users\User\Desktop\20210910yolo_train\val\G1\TC_192\TC_192_351.bmp,TC_192
C:\Users\User\Desktop\20210910yolo_train\val\G1\TC_192\TC_192_352.bmp,TC_192
C:\Users\User\Desktop\20210910yolo_train\val\G1\TC_192\TC_192_353.bmp,TC_192
C:\Users\User\Desktop\20210910yolo_train\val\G1\TC_192\TC_192_354.bmp,TC_192
C:\Users\User\Desktop\20210910yolo_train\val\G1\TC_192\TC_192_355.bmp,TC_192
C:\Users\User\Desktop\20210910yolo_train\val\G1\TC_192\TC_192_356.bmp,TC_192
C:\Users\User\Desktop\20210910yolo_train\val\G1\TC_192\TC_192_357.bmp,TC_192
C:\Users\User\Desktop\20210910yolo_train\val\G1\TC_192\TC_192_358.bmp,TC_192
C:\Users\User\Desktop\20210910yolo_train\val\G1\TC_192\TC_192_359.bmp,TC_192
C:\Users\User\Desktop\20210910yolo_train\val\G1\TC_192\TC_192_36.bmp,TC_192
C:\Users\User\Desktop\20210910yolo_train\val\G1\TC_192\TC_192_360.bmp,TC_192
C:\Users\User\Desktop\20210910yolo_train\val\G1\TC_192\TC_192_361.bmp,TC_192
C:\Users\User\Desktop\20210910yolo_train\val\G1\TC_192\TC_192_362.bmp,TC_192
C:\Users\User\Desktop\20210910yolo_train\val\G1\TC_192\TC_192_363.bmp,TC_192
C:\Users\User\Desktop\20210910yolo_train\val\G1\TC_192\TC_192_364.bmp,TC_192
C:\Users\User\Desktop\20210910yolo_train\val\G1\TC_192\TC_192_365.bmp,TC_192
C:\Users\User\Desktop\20210910yolo_train\val\G1\TC_192\TC_192_366.bmp,TC_192
C:\Users\User\Desktop\20210910yolo_train\val\G1\TC_192\TC_192_367.bmp,TC_192
C:\Users\User\Desktop\20210910yolo_train\val\G1\TC_192\TC_192_368.bmp,TC_192
C:\Users\User\Desktop\20210910yolo_train\val\G1\TC_192\TC_192_369.bmp,TC_192
C:\Users\User\Desktop\20210910yolo_train\val\G1\TC_192\TC_192_37.bmp,TC_192
C:\Users\User\Desktop\20210910yolo_train\val\G1\TC_192\TC_192_370.bmp,TC_192
C:\Users\User\Desktop\20210910yolo_train\val\G1\TC_192\TC_192_371.bmp,TC_192
C:\Users\User\Desktop\20210910yolo_train\val\G1\TC_192\TC_192_372.bmp,TC_192
C:\Users\User\Desktop\20210910yolo_train\val\G1\TC_192\TC_192_373.bmp,TC_192
C:\Users\User\Desktop\20210910yolo_train\val\G1\TC_192\TC_192_374.bmp,TC_192
C:\Users\User\Desktop\20210910yolo_train\val\G1\TC_192\TC_192_375.bmp,TC_192
C:\Users\User\Desktop\20210910yolo_train\val\G1\TC_192\TC_192_376.bmp,TC_192
C:\Users\User\Desktop\20210910yolo_train\val\G1\TC_192\TC_192_377.bmp,TC_192
C:\Users\User\Desktop\20210910yolo_train\val\G1\TC_192\TC_192_378.bmp,TC_192
C:\Users\User\Desktop\20210910yolo_train\val\G1\TC_192\TC_192_379.bmp,TC_192
C:\Users\User\Desktop\20210910yolo_train\val\G1\TC_192\TC_192_38.bmp,TC_192
C:\Users\User\Desktop\20210910yolo_train\val\G1\TC_192\TC_192_380.bmp,TC_192
C:\Users\User\Desktop\20210910yolo_train\val\G1\TC_192\TC_192_381.bmp,TC_192
C:\Users\User\Desktop\20210910yolo_train\val\G1\TC_192\TC_192_382.bmp,TC_192
C:\Users\User\Desktop\20210910yolo_train\val\G1\TC_192\TC_192_383.bmp,TC_192
C:\Users\User\Desktop\20210910yolo_train\val\G1\TC_192\TC_192_384.bmp,TC_192
C:\Users\User\Desktop\20210910yolo_train\val\G1\TC_192\TC_192_385.bmp,TC_192
C:\Users\User\Desktop\20210910yolo_train\val\G1\TC_192\TC_192_386.bmp,TC_192
C:\Users\User\Desktop\20210910yolo_train\val\G1\TC_192\TC_192_387.bmp,TC_192
C:\Users\User\Desktop\20210910yolo_train\val\G1\TC_192\TC_192_388.bmp,TC_192
C:\Users\User\Desktop\20210910yolo_train\val\G1\TC_192\TC_192_389.bmp,TC_192
C:\Users\User\Desktop\20210910yolo_train\val\G1\TC_192\TC_192_39.bmp,TC_192
C:\Users\User\Desktop\20210910yolo_train\val\G1\TC_192\TC_192_390.bmp,TC_192
C:\Users\User\Desktop\20210910yolo_train\val\G1\TC_192\TC_192_391.bmp,TC_192
C:\Users\User\Desktop\20210910yolo_train\val\G1\TC_192\TC_192_392.bmp,TC_192
C:\Users\User\Desktop\20210910yolo_train\val\G1\TC_192\TC_192_393.bmp,TC_192
C:\Users\User\Desktop\20210910yolo_train\val\G1\TC_192\TC_192_394.bmp,TC_192
C:\Users\User\Desktop\20210910yolo_train\val\G1\TC_192\TC_192_395.bmp,TC_192
C:\Users\User\Desktop\20210910yolo_train\val\G1\TC_192\TC_192_396.bmp,TC_192
C:\Users\User\Desktop\20210910yolo_train\val\G1\TC_192\TC_192_397.bmp,TC_192
C:\Users\User\Desktop\20210910yolo_train\val\G1\TC_192\TC_192_398.bmp,TC_192
C:\Users\User\Desktop\20210910yolo_train\val\G1\TC_192\TC_192_399.bmp,TC_192
C:\Users\User\Desktop\20210910yolo_train\val\G1\TC_192\TC_192_4.bmp,TC_192
C:\Users\User\Desktop\20210910yolo_train\val\G1\TC_192\TC_192_40.bmp,TC_192
C:\Users\User\Desktop\20210910yolo_train\val\G1\TC_192\TC_192_400.bmp,TC_192
C:\Users\User\Desktop\20210910yolo_train\val\G1\TC_192\TC_192_401.bmp,TC_192
C:\Users\User\Desktop\20210910yolo_train\val\G1\TC_192\TC_192_402.bmp,TC_192
C:\Users\User\Desktop\20210910yolo_train\val\G1\TC_192\TC_192_403.bmp,TC_192
C:\Users\User\Desktop\20210910yolo_train\val\G1\TC_192\TC_192_404.bmp,TC_192
C:\Users\User\Desktop\20210910yolo_train\val\G1\TC_192\TC_192_405.bmp,TC_192
C:\Users\User\Desktop\20210910yolo_train\val\G1\TC_192\TC_192_406.bmp,TC_192
C:\Users\User\Desktop\20210910yolo_train\val\G1\TC_192\TC_192_407.bmp,TC_192
C:\Users\User\Desktop\20210910yolo_train\val\G1\TC_192\TC_192_408.bmp,TC_192
C:\Users\User\Desktop\20210910yolo_train\val\G1\TC_192\TC_192_409.bmp,TC_192
C:\Users\User\Desktop\20210910yolo_train\val\G1\TC_192\TC_192_41.bmp,TC_192
C:\Users\User\Desktop\20210910yolo_train\val\G1\TC_192\TC_192_410.bmp,TC_192
C:\Users\User\Desktop\20210910yolo_train\val\G1\TC_192\TC_192_411.bmp,TC_192
C:\Users\User\Desktop\20210910yolo_train\val\G1\TC_192\TC_192_412.bmp,TC_192
C:\Users\User\Desktop\20210910yolo_train\val\G1\TC_192\TC_192_413.bmp,TC_192
C:\Users\User\Desktop\20210910yolo_train\val\G1\TC_192\TC_192_414.bmp,TC_192
C:\Users\User\Desktop\20210910yolo_train\val\G1\TC_192\TC_192_415.bmp,TC_192
C:\Users\User\Desktop\20210910yolo_train\val\G1\TC_192\TC_192_416.bmp,TC_192
C:\Users\User\Desktop\20210910yolo_train\val\G1\TC_192\TC_192_417.bmp,TC_192
C:\Users\User\Desktop\20210910yolo_train\val\G1\TC_192\TC_192_418.bmp,TC_192
C:\Users\User\Desktop\20210910yolo_train\val\G1\TC_192\TC_192_419.bmp,TC_192
C:\Users\User\Desktop\20210910yolo_train\val\G1\TC_192\TC_192_42.bmp,TC_192
C:\Users\User\Desktop\20210910yolo_train\val\G1\TC_192\TC_192_420.bmp,TC_192
C:\Users\User\Desktop\20210910yolo_train\val\G1\TC_192\TC_192_421.bmp,TC_192
C:\Users\User\Desktop\20210910yolo_train\val\G1\TC_192\TC_192_422.bmp,TC_192
C:\Users\User\Desktop\20210910yolo_train\val\G1\TC_192\TC_192_423.bmp,TC_192
C:\Users\User\Desktop\20210910yolo_train\val\G1\TC_192\TC_192_424.bmp,TC_192
C:\Users\User\Desktop\20210910yolo_train\val\G1\TC_192\TC_192_425.bmp,TC_192
C:\Users\User\Desktop\20210910yolo_train\val\G1\TC_192\TC_192_426.bmp,TC_192
C:\Users\User\Desktop\20210910yolo_train\val\G1\TC_192\TC_192_427.bmp,TC_192
C:\Users\User\Desktop\20210910yolo_train\val\G1\TC_192\TC_192_428.bmp,TC_192
C:\Users\User\Desktop\20210910yolo_train\val\G1\TC_192\TC_192_429.bmp,TC_192
C:\Users\User\Desktop\20210910yolo_train\val\G1\TC_192\TC_192_43.bmp,TC_192
C:\Users\User\Desktop\20210910yolo_train\val\G1\TC_192\TC_192_430.bmp,TC_192
C:\Users\User\Desktop\20210910yolo_train\val\G1\TC_192\TC_192_431.bmp,TC_192
C:\Users\User\Desktop\20210910yolo_train\val\G1\TC_192\TC_192_432.bmp,TC_192
C:\Users\User\Desktop\20210910yolo_train\val\G1\TC_192\TC_192_433.bmp,TC_192
C:\Users\User\Desktop\20210910yolo_train\val\G1\TC_192\TC_192_434.bmp,TC_192
C:\Users\User\Desktop\20210910yolo_train\val\G1\TC_192\TC_192_435.bmp,TC_192
C:\Users\User\Desktop\20210910yolo_train\val\G1\TC_192\TC_192_436.bmp,TC_192
C:\Users\User\Desktop\20210910yolo_train\val\G1\TC_192\TC_192_437.bmp,TC_192
C:\Users\User\Desktop\20210910yolo_train\val\G1\TC_192\TC_192_438.bmp,TC_192
C:\Users\User\Desktop\20210910yolo_train\val\G1\TC_192\TC_192_439.bmp,TC_192
C:\Users\User\Desktop\20210910yolo_train\val\G1\TC_192\TC_192_44.bmp,TC_192
C:\Users\User\Desktop\20210910yolo_train\val\G1\TC_192\TC_192_440.bmp,TC_192
C:\Users\User\Desktop\20210910yolo_train\val\G1\TC_192\TC_192_441.bmp,TC_192
C:\Users\User\Desktop\20210910yolo_train\val\G1\TC_192\TC_192_442.bmp,TC_192
C:\Users\User\Desktop\20210910yolo_train\val\G1\TC_192\TC_192_443.bmp,TC_192
C:\Users\User\Desktop\20210910yolo_train\val\G1\TC_192\TC_192_444.bmp,TC_192
C:\Users\User\Desktop\20210910yolo_train\val\G1\TC_192\TC_192_445.bmp,TC_192
C:\Users\User\Desktop\20210910yolo_train\val\G1\TC_192\TC_192_446.bmp,TC_192
C:\Users\User\Desktop\20210910yolo_train\val\G1\TC_192\TC_192_447.bmp,TC_192
C:\Users\User\Desktop\20210910yolo_train\val\G1\TC_192\TC_192_448.bmp,TC_192
C:\Users\User\Desktop\20210910yolo_train\val\G1\TC_192\TC_192_449.bmp,TC_192
C:\Users\User\Desktop\20210910yolo_train\val\G1\TC_192\TC_192_45.bmp,TC_192
C:\Users\User\Desktop\20210910yolo_train\val\G1\TC_192\TC_192_450.bmp,TC_192
C:\Users\User\Desktop\20210910yolo_train\val\G1\TC_192\TC_192_451.bmp,TC_192
C:\Users\User\Desktop\20210910yolo_train\val\G1\TC_192\TC_192_452.bmp,TC_192
C:\Users\User\Desktop\20210910yolo_train\val\G1\TC_192\TC_192_453.bmp,TC_192
C:\Users\User\Desktop\20210910yolo_train\val\G1\TC_192\TC_192_454.bmp,TC_192
C:\Users\User\Desktop\20210910yolo_train\val\G1\TC_192\TC_192_455.bmp,TC_192
C:\Users\User\Desktop\20210910yolo_train\val\G1\TC_192\TC_192_456.bmp,TC_192
C:\Users\User\Desktop\20210910yolo_train\val\G1\TC_192\TC_192_457.bmp,TC_192
C:\Users\User\Desktop\20210910yolo_train\val\G1\TC_192\TC_192_458.bmp,TC_192
C:\Users\User\Desktop\20210910yolo_train\val\G1\TC_192\TC_192_459.bmp,TC_192
C:\Users\User\Desktop\20210910yolo_train\val\G1\TC_192\TC_192_46.bmp,TC_192
C:\Users\User\Desktop\20210910yolo_train\val\G1\TC_192\TC_192_460.bmp,TC_192
C:\Users\User\Desktop\20210910yolo_train\val\G1\TC_192\TC_192_461.bmp,TC_192
C:\Users\User\Desktop\20210910yolo_train\val\G1\TC_192\TC_192_462.bmp,TC_192
C:\Users\User\Desktop\20210910yolo_train\val\G1\TC_192\TC_192_463.bmp,TC_192
C:\Users\User\Desktop\20210910yolo_train\val\G1\TC_192\TC_192_464.bmp,TC_192
C:\Users\User\Desktop\20210910yolo_train\val\G1\TC_192\TC_192_465.bmp,TC_192
C:\Users\User\Desktop\20210910yolo_train\val\G1\TC_192\TC_192_466.bmp,TC_192
C:\Users\User\Desktop\20210910yolo_train\val\G1\TC_192\TC_192_467.bmp,TC_192
C:\Users\User\Desktop\20210910yolo_train\val\G1\TC_192\TC_192_468.bmp,TC_192
C:\Users\User\Desktop\20210910yolo_train\val\G1\TC_192\TC_192_469.bmp,TC_192
C:\Users\User\Desktop\20210910yolo_train\val\G1\TC_192\TC_192_47.bmp,TC_192
C:\Users\User\Desktop\20210910yolo_train\val\G1\TC_192\TC_192_470.bmp,TC_192
C:\Users\User\Desktop\20210910yolo_train\val\G1\TC_192\TC_192_471.bmp,TC_192
C:\Users\User\Desktop\20210910yolo_train\val\G1\TC_192\TC_192_472.bmp,TC_192
C:\Users\User\Desktop\20210910yolo_train\val\G1\TC_192\TC_192_473.bmp,No
C:\Users\User\Desktop\20210910yolo_train\val\G1\TC_192\TC_192_474.bmp,TC_192
C:\Users\User\Desktop\20210910yolo_train\val\G1\TC_192\TC_192_475.bmp,TC_192
C:\Users\User\Desktop\20210910yolo_train\val\G1\TC_192\TC_192_476.bmp,TC_192
C:\Users\User\Desktop\20210910yolo_train\val\G1\TC_192\TC_192_477.bmp,TC_192
C:\Users\User\Desktop\20210910yolo_train\val\G1\TC_192\TC_192_478.bmp,TC_192
C:\Users\User\Desktop\20210910yolo_train\val\G1\TC_192\TC_192_479.bmp,TC_192
C:\Users\User\Desktop\20210910yolo_train\val\G1\TC_192\TC_192_48.bmp,TC_192
C:\Users\User\Desktop\20210910yolo_train\val\G1\TC_192\TC_192_480.bmp,No
C:\Users\User\Desktop\20210910yolo_train\val\G1\TC_192\TC_192_481.bmp,TC_192
C:\Users\User\Desktop\20210910yolo_train\val\G1\TC_192\TC_192_482.bmp,TC_192
C:\Users\User\Desktop\20210910yolo_train\val\G1\TC_192\TC_192_483.bmp,TC_192
C:\Users\User\Desktop\20210910yolo_train\val\G1\TC_192\TC_192_484.bmp,TC_192
C:\Users\User\Desktop\20210910yolo_train\val\G1\TC_192\TC_192_485.bmp,TC_192
C:\Users\User\Desktop\20210910yolo_train\val\G1\TC_192\TC_192_486.bmp,TC_192
C:\Users\User\Desktop\20210910yolo_train\val\G1\TC_192\TC_192_487.bmp,TC_192
C:\Users\User\Desktop\20210910yolo_train\val\G1\TC_192\TC_192_488.bmp,TC_192
C:\Users\User\Desktop\20210910yolo_train\val\G1\TC_192\TC_192_489.bmp,TC_192
C:\Users\User\Desktop\20210910yolo_train\val\G1\TC_192\TC_192_49.bmp,TC_192
C:\Users\User\Desktop\20210910yolo_train\val\G1\TC_192\TC_192_490.bmp,TC_192
C:\Users\User\Desktop\20210910yolo_train\val\G1\TC_192\TC_192_491.bmp,TC_192
C:\Users\User\Desktop\20210910yolo_train\val\G1\TC_192\TC_192_492.bmp,TC_192
C:\Users\User\Desktop\20210910yolo_train\val\G1\TC_192\TC_192_493.bmp,TC_192
C:\Users\User\Desktop\20210910yolo_train\val\G1\TC_192\TC_192_494.bmp,TC_192
C:\Users\User\Desktop\20210910yolo_train\val\G1\TC_192\TC_192_495.bmp,TC_192
C:\Users\User\Desktop\20210910yolo_train\val\G1\TC_192\TC_192_496.bmp,TC_192
C:\Users\User\Desktop\20210910yolo_train\val\G1\TC_192\TC_192_497.bmp,TC_192
C:\Users\User\Desktop\20210910yolo_train\val\G1\TC_192\TC_192_498.bmp,TC_192
C:\Users\User\Desktop\20210910yolo_train\val\G1\TC_192\TC_192_499.bmp,TC_192
C:\Users\User\Desktop\20210910yolo_train\val\G1\TC_192\TC_192_5.bmp,TC_192
C:\Users\User\Desktop\20210910yolo_train\val\G1\TC_192\TC_192_50.bmp,TC_192
C:\Users\User\Desktop\20210910yolo_train\val\G1\TC_192\TC_192_500.bmp,TC_192
C:\Users\User\Desktop\20210910yolo_train\val\G1\TC_192\TC_192_501.bmp,TC_192
C:\Users\User\Desktop\20210910yolo_train\val\G1\TC_192\TC_192_502.bmp,TC_192
C:\Users\User\Desktop\20210910yolo_train\val\G1\TC_192\TC_192_503.bmp,TC_192
C:\Users\User\Desktop\20210910yolo_train\val\G1\TC_192\TC_192_504.bmp,TC_192
C:\Users\User\Desktop\20210910yolo_train\val\G1\TC_192\TC_192_505.bmp,TC_192
C:\Users\User\Desktop\20210910yolo_train\val\G1\TC_192\TC_192_506.bmp,TC_192
C:\Users\User\Desktop\20210910yolo_train\val\G1\TC_192\TC_192_507.bmp,TC_192
C:\Users\User\Desktop\20210910yolo_train\val\G1\TC_192\TC_192_508.bmp,TC_192
C:\Users\User\Desktop\20210910yolo_train\val\G1\TC_192\TC_192_509.bmp,TC_192
C:\Users\User\Desktop\20210910yolo_train\val\G1\TC_192\TC_192_51.bmp,TC_192
C:\Users\User\Desktop\20210910yolo_train\val\G1\TC_192\TC_192_510.bmp,TC_192
C:\Users\User\Desktop\20210910yolo_train\val\G1\TC_192\TC_192_511.bmp,TC_192
C:\Users\User\Desktop\20210910yolo_train\val\G1\TC_192\TC_192_512.bmp,TC_192
C:\Users\User\Desktop\20210910yolo_train\val\G1\TC_192\TC_192_513.bmp,TC_192
C:\Users\User\Desktop\20210910yolo_train\val\G1\TC_192\TC_192_514.bmp,TC_192
C:\Users\User\Desktop\20210910yolo_train\val\G1\TC_192\TC_192_515.bmp,TC_192
C:\Users\User\Desktop\20210910yolo_train\val\G1\TC_192\TC_192_516.bmp,TC_192
C:\Users\User\Desktop\20210910yolo_train\val\G1\TC_192\TC_192_517.bmp,TC_192
C:\Users\User\Desktop\20210910yolo_train\val\G1\TC_192\TC_192_518.bmp,TC_192
C:\Users\User\Desktop\20210910yolo_train\val\G1\TC_192\TC_192_519.bmp,TC_192
C:\Users\User\Desktop\20210910yolo_train\val\G1\TC_192\TC_192_52.bmp,TC_192
C:\Users\User\Desktop\20210910yolo_train\val\G1\TC_192\TC_192_520.bmp,TC_192
C:\Users\User\Desktop\20210910yolo_train\val\G1\TC_192\TC_192_521.bmp,TC_192
C:\Users\User\Desktop\20210910yolo_train\val\G1\TC_192\TC_192_522.bmp,TC_192
C:\Users\User\Desktop\20210910yolo_train\val\G1\TC_192\TC_192_523.bmp,TC_192
C:\Users\User\Desktop\20210910yolo_train\val\G1\TC_192\TC_192_524.bmp,TC_192
C:\Users\User\Desktop\20210910yolo_train\val\G1\TC_192\TC_192_525.bmp,TC_192
C:\Users\User\Desktop\20210910yolo_train\val\G1\TC_192\TC_192_526.bmp,TC_192
C:\Users\User\Desktop\20210910yolo_train\val\G1\TC_192\TC_192_527.bmp,TC_192
C:\Users\User\Desktop\20210910yolo_train\val\G1\TC_192\TC_192_528.bmp,TC_192
C:\Users\User\Desktop\20210910yolo_train\val\G1\TC_192\TC_192_529.bmp,TC_192
C:\Users\User\Desktop\20210910yolo_train\val\G1\TC_192\TC_192_53.bmp,TC_192
C:\Users\User\Desktop\20210910yolo_train\val\G1\TC_192\TC_192_530.bmp,TC_192
C:\Users\User\Desktop\20210910yolo_train\val\G1\TC_192\TC_192_531.bmp,TC_192
C:\Users\User\Desktop\20210910yolo_train\val\G1\TC_192\TC_192_532.bmp,TC_192
C:\Users\User\Desktop\20210910yolo_train\val\G1\TC_192\TC_192_533.bmp,TC_192
C:\Users\User\Desktop\20210910yolo_train\val\G1\TC_192\TC_192_534.bmp,TC_192
C:\Users\User\Desktop\20210910yolo_train\val\G1\TC_192\TC_192_535.bmp,TC_192
C:\Users\User\Desktop\20210910yolo_train\val\G1\TC_192\TC_192_536.bmp,TC_192
C:\Users\User\Desktop\20210910yolo_train\val\G1\TC_192\TC_192_537.bmp,TC_192
C:\Users\User\Desktop\20210910yolo_train\val\G1\TC_192\TC_192_538.bmp,TC_192
C:\Users\User\Desktop\20210910yolo_train\val\G1\TC_192\TC_192_539.bmp,TC_192
C:\Users\User\Desktop\20210910yolo_train\val\G1\TC_192\TC_192_54.bmp,TK_14
C:\Users\User\Desktop\20210910yolo_train\val\G1\TC_192\TC_192_540.bmp,TC_192
C:\Users\User\Desktop\20210910yolo_train\val\G1\TC_192\TC_192_541.bmp,TC_192
C:\Users\User\Desktop\20210910yolo_train\val\G1\TC_192\TC_192_542.bmp,TC_192
C:\Users\User\Desktop\20210910yolo_train\val\G1\TC_192\TC_192_543.bmp,TC_192
C:\Users\User\Desktop\20210910yolo_train\val\G1\TC_192\TC_192_544.bmp,No
C:\Users\User\Desktop\20210910yolo_train\val\G1\TC_192\TC_192_545.bmp,TC_192
C:\Users\User\Desktop\20210910yolo_train\val\G1\TC_192\TC_192_546.bmp,TC_192
C:\Users\User\Desktop\20210910yolo_train\val\G1\TC_192\TC_192_547.bmp,TC_192
C:\Users\User\Desktop\20210910yolo_train\val\G1\TC_192\TC_192_548.bmp,TC_192
C:\Users\User\Desktop\20210910yolo_train\val\G1\TC_192\TC_192_549.bmp,TC_192
C:\Users\User\Desktop\20210910yolo_train\val\G1\TC_192\TC_192_55.bmp,TC_192
C:\Users\User\Desktop\20210910yolo_train\val\G1\TC_192\TC_192_550.bmp,TC_192
C:\Users\User\Desktop\20210910yolo_train\val\G1\TC_192\TC_192_551.bmp,TC_192
C:\Users\User\Desktop\20210910yolo_train\val\G1\TC_192\TC_192_552.bmp,TC_192
C:\Users\User\Desktop\20210910yolo_train\val\G1\TC_192\TC_192_553.bmp,TC_192
C:\Users\User\Desktop\20210910yolo_train\val\G1\TC_192\TC_192_554.bmp,TC_192
C:\Users\User\Desktop\20210910yolo_train\val\G1\TC_192\TC_192_555.bmp,TC_192
C:\Users\User\Desktop\20210910yolo_train\val\G1\TC_192\TC_192_556.bmp,TC_192
C:\Users\User\Desktop\20210910yolo_train\val\G1\TC_192\TC_192_557.bmp,TC_192
C:\Users\User\Desktop\20210910yolo_train\val\G1\TC_192\TC_192_558.bmp,TC_192
C:\Users\User\Desktop\20210910yolo_train\val\G1\TC_192\TC_192_559.bmp,TC_192
C:\Users\User\Desktop\20210910yolo_train\val\G1\TC_192\TC_192_56.bmp,TC_192
C:\Users\User\Desktop\20210910yolo_train\val\G1\TC_192\TC_192_560.bmp,TC_192
C:\Users\User\Desktop\20210910yolo_train\val\G1\TC_192\TC_192_561.bmp,TC_192
C:\Users\User\Desktop\20210910yolo_train\val\G1\TC_192\TC_192_562.bmp,TC_192
C:\Users\User\Desktop\20210910yolo_train\val\G1\TC_192\TC_192_563.bmp,TC_192
C:\Users\User\Desktop\20210910yolo_train\val\G1\TC_192\TC_192_564.bmp,TC_192
C:\Users\User\Desktop\20210910yolo_train\val\G1\TC_192\TC_192_565.bmp,TC_192
C:\Users\User\Desktop\20210910yolo_train\val\G1\TC_192\TC_192_566.bmp,TC_192
C:\Users\User\Desktop\20210910yolo_train\val\G1\TC_192\TC_192_567.bmp,TC_192
C:\Users\User\Desktop\20210910yolo_train\val\G1\TC_192\TC_192_568.bmp,TC_192
C:\Users\User\Desktop\20210910yolo_train\val\G1\TC_192\TC_192_569.bmp,TC_192
C:\Users\User\Desktop\20210910yolo_train\val\G1\TC_192\TC_192_57.bmp,TC_192
C:\Users\User\Desktop\20210910yolo_train\val\G1\TC_192\TC_192_570.bmp,TC_192
C:\Users\User\Desktop\20210910yolo_train\val\G1\TC_192\TC_192_571.bmp,TC_192
C:\Users\User\Desktop\20210910yolo_train\val\G1\TC_192\TC_192_572.bmp,TC_192
C:\Users\User\Desktop\20210910yolo_train\val\G1\TC_192\TC_192_573.bmp,TK_9
C:\Users\User\Desktop\20210910yolo_train\val\G1\TC_192\TC_192_574.bmp,TC_192
C:\Users\User\Desktop\20210910yolo_train\val\G1\TC_192\TC_192_575.bmp,TC_192
C:\Users\User\Desktop\20210910yolo_train\val\G1\TC_192\TC_192_576.bmp,TC_192
C:\Users\User\Desktop\20210910yolo_train\val\G1\TC_192\TC_192_577.bmp,TC_192
C:\Users\User\Desktop\20210910yolo_train\val\G1\TC_192\TC_192_578.bmp,TC_192
C:\Users\User\Desktop\20210910yolo_train\val\G1\TC_192\TC_192_579.bmp,TC_192
C:\Users\User\Desktop\20210910yolo_train\val\G1\TC_192\TC_192_58.bmp,TC_192
C:\Users\User\Desktop\20210910yolo_train\val\G1\TC_192\TC_192_580.bmp,TC_192
C:\Users\User\Desktop\20210910yolo_train\val\G1\TC_192\TC_192_581.bmp,TC_192
C:\Users\User\Desktop\20210910yolo_train\val\G1\TC_192\TC_192_582.bmp,TC_192
C:\Users\User\Desktop\20210910yolo_train\val\G1\TC_192\TC_192_583.bmp,TC_192
C:\Users\User\Desktop\20210910yolo_train\val\G1\TC_192\TC_192_584.bmp,TC_192
C:\Users\User\Desktop\20210910yolo_train\val\G1\TC_192\TC_192_585.bmp,TC_192
C:\Users\User\Desktop\20210910yolo_train\val\G1\TC_192\TC_192_586.bmp,TC_192
C:\Users\User\Desktop\20210910yolo_train\val\G1\TC_192\TC_192_587.bmp,TC_192
C:\Users\User\Desktop\20210910yolo_train\val\G1\TC_192\TC_192_588.bmp,TC_192
C:\Users\User\Desktop\20210910yolo_train\val\G1\TC_192\TC_192_589.bmp,TC_192
C:\Users\User\Desktop\20210910yolo_train\val\G1\TC_192\TC_192_59.bmp,TC_192
C:\Users\User\Desktop\20210910yolo_train\val\G1\TC_192\TC_192_590.bmp,TC_192
C:\Users\User\Desktop\20210910yolo_train\val\G1\TC_192\TC_192_591.bmp,TC_192
C:\Users\User\Desktop\20210910yolo_train\val\G1\TC_192\TC_192_592.bmp,TC_192
C:\Users\User\Desktop\20210910yolo_train\val\G1\TC_192\TC_192_593.bmp,TC_192
C:\Users\User\Desktop\20210910yolo_train\val\G1\TC_192\TC_192_594.bmp,TC_192
C:\Users\User\Desktop\20210910yolo_train\val\G1\TC_192\TC_192_595.bmp,TC_192
C:\Users\User\Desktop\20210910yolo_train\val\G1\TC_192\TC_192_596.bmp,TC_192
C:\Users\User\Desktop\20210910yolo_train\val\G1\TC_192\TC_192_597.bmp,TC_192
C:\Users\User\Desktop\20210910yolo_train\val\G1\TC_192\TC_192_598.bmp,TC_192
C:\Users\User\Desktop\20210910yolo_train\val\G1\TC_192\TC_192_599.bmp,TC_192
C:\Users\User\Desktop\20210910yolo_train\val\G1\TC_192\TC_192_6.bmp,TC_192
C:\Users\User\Desktop\20210910yolo_train\val\G1\TC_192\TC_192_60.bmp,TC_192
C:\Users\User\Desktop\20210910yolo_train\val\G1\TC_192\TC_192_600.bmp,TC_192
C:\Users\User\Desktop\20210910yolo_train\val\G1\TC_192\TC_192_601.bmp,TC_192
C:\Users\User\Desktop\20210910yolo_train\val\G1\TC_192\TC_192_602.bmp,TC_192
C:\Users\User\Desktop\20210910yolo_train\val\G1\TC_192\TC_192_603.bmp,No
C:\Users\User\Desktop\20210910yolo_train\val\G1\TC_192\TC_192_604.bmp,TC_192
C:\Users\User\Desktop\20210910yolo_train\val\G1\TC_192\TC_192_605.bmp,TC_192
C:\Users\User\Desktop\20210910yolo_train\val\G1\TC_192\TC_192_606.bmp,TC_192
C:\Users\User\Desktop\20210910yolo_train\val\G1\TC_192\TC_192_607.bmp,TC_192
C:\Users\User\Desktop\20210910yolo_train\val\G1\TC_192\TC_192_608.bmp,TC_192
C:\Users\User\Desktop\20210910yolo_train\val\G1\TC_192\TC_192_609.bmp,TC_192
C:\Users\User\Desktop\20210910yolo_train\val\G1\TC_192\TC_192_61.bmp,TC_192
C:\Users\User\Desktop\20210910yolo_train\val\G1\TC_192\TC_192_610.bmp,TC_192
C:\Users\User\Desktop\20210910yolo_train\val\G1\TC_192\TC_192_611.bmp,TC_192
C:\Users\User\Desktop\20210910yolo_train\val\G1\TC_192\TC_192_612.bmp,TC_192
C:\Users\User\Desktop\20210910yolo_train\val\G1\TC_192\TC_192_613.bmp,TC_192
C:\Users\User\Desktop\20210910yolo_train\val\G1\TC_192\TC_192_614.bmp,TC_192
C:\Users\User\Desktop\20210910yolo_train\val\G1\TC_192\TC_192_615.bmp,TC_192
C:\Users\User\Desktop\20210910yolo_train\val\G1\TC_192\TC_192_616.bmp,TC_192
C:\Users\User\Desktop\20210910yolo_train\val\G1\TC_192\TC_192_617.bmp,TC_192
C:\Users\User\Desktop\20210910yolo_train\val\G1\TC_192\TC_192_618.bmp,TC_192
C:\Users\User\Desktop\20210910yolo_train\val\G1\TC_192\TC_192_619.bmp,TC_192
C:\Users\User\Desktop\20210910yolo_train\val\G1\TC_192\TC_192_62.bmp,TC_192
C:\Users\User\Desktop\20210910yolo_train\val\G1\TC_192\TC_192_620.bmp,TC_192
C:\Users\User\Desktop\20210910yolo_train\val\G1\TC_192\TC_192_621.bmp,TC_192
C:\Users\User\Desktop\20210910yolo_train\val\G1\TC_192\TC_192_622.bmp,TC_192
C:\Users\User\Desktop\20210910yolo_train\val\G1\TC_192\TC_192_623.bmp,TC_192
C:\Users\User\Desktop\20210910yolo_train\val\G1\TC_192\TC_192_624.bmp,TC_192
C:\Users\User\Desktop\20210910yolo_train\val\G1\TC_192\TC_192_625.bmp,TC_192
C:\Users\User\Desktop\20210910yolo_train\val\G1\TC_192\TC_192_626.bmp,TC_192
C:\Users\User\Desktop\20210910yolo_train\val\G1\TC_192\TC_192_627.bmp,TC_192
C:\Users\User\Desktop\20210910yolo_train\val\G1\TC_192\TC_192_628.bmp,TC_192
C:\Users\User\Desktop\20210910yolo_train\val\G1\TC_192\TC_192_629.bmp,TC_192
C:\Users\User\Desktop\20210910yolo_train\val\G1\TC_192\TC_192_63.bmp,TC_192
C:\Users\User\Desktop\20210910yolo_train\val\G1\TC_192\TC_192_630.bmp,TC_192
C:\Users\User\Desktop\20210910yolo_train\val\G1\TC_192\TC_192_631.bmp,TC_192
C:\Users\User\Desktop\20210910yolo_train\val\G1\TC_192\TC_192_632.bmp,TC_192
C:\Users\User\Desktop\20210910yolo_train\val\G1\TC_192\TC_192_633.bmp,TC_192
C:\Users\User\Desktop\20210910yolo_train\val\G1\TC_192\TC_192_634.bmp,TC_192
C:\Users\User\Desktop\20210910yolo_train\val\G1\TC_192\TC_192_635.bmp,TC_192
C:\Users\User\Desktop\20210910yolo_train\val\G1\TC_192\TC_192_636.bmp,TC_192
C:\Users\User\Desktop\20210910yolo_train\val\G1\TC_192\TC_192_637.bmp,TC_192
C:\Users\User\Desktop\20210910yolo_train\val\G1\TC_192\TC_192_638.bmp,TC_192
C:\Users\User\Desktop\20210910yolo_train\val\G1\TC_192\TC_192_639.bmp,TC_192
C:\Users\User\Desktop\20210910yolo_train\val\G1\TC_192\TC_192_64.bmp,TC_192
C:\Users\User\Desktop\20210910yolo_train\val\G1\TC_192\TC_192_640.bmp,TC_192
C:\Users\User\Desktop\20210910yolo_train\val\G1\TC_192\TC_192_641.bmp,TC_192
C:\Users\User\Desktop\20210910yolo_train\val\G1\TC_192\TC_192_642.bmp,TC_192
C:\Users\User\Desktop\20210910yolo_train\val\G1\TC_192\TC_192_643.bmp,TC_192
C:\Users\User\Desktop\20210910yolo_train\val\G1\TC_192\TC_192_644.bmp,TC_192
C:\Users\User\Desktop\20210910yolo_train\val\G1\TC_192\TC_192_645.bmp,TC_192
C:\Users\User\Desktop\20210910yolo_train\val\G1\TC_192\TC_192_646.bmp,TC_192
C:\Users\User\Desktop\20210910yolo_train\val\G1\TC_192\TC_192_647.bmp,TC_192
C:\Users\User\Desktop\20210910yolo_train\val\G1\TC_192\TC_192_648.bmp,TC_192
C:\Users\User\Desktop\20210910yolo_train\val\G1\TC_192\TC_192_649.bmp,TC_192
C:\Users\User\Desktop\20210910yolo_train\val\G1\TC_192\TC_192_65.bmp,TC_192
C:\Users\User\Desktop\20210910yolo_train\val\G1\TC_192\TC_192_650.bmp,TC_192
C:\Users\User\Desktop\20210910yolo_train\val\G1\TC_192\TC_192_651.bmp,TC_192
C:\Users\User\Desktop\20210910yolo_train\val\G1\TC_192\TC_192_652.bmp,TC_192
C:\Users\User\Desktop\20210910yolo_train\val\G1\TC_192\TC_192_653.bmp,TC_192
C:\Users\User\Desktop\20210910yolo_train\val\G1\TC_192\TC_192_654.bmp,TC_192
C:\Users\User\Desktop\20210910yolo_train\val\G1\TC_192\TC_192_655.bmp,TC_192
C:\Users\User\Desktop\20210910yolo_train\val\G1\TC_192\TC_192_656.bmp,TC_192
C:\Users\User\Desktop\20210910yolo_train\val\G1\TC_192\TC_192_657.bmp,TC_192
C:\Users\User\Desktop\20210910yolo_train\val\G1\TC_192\TC_192_658.bmp,TC_192
C:\Users\User\Desktop\20210910yolo_train\val\G1\TC_192\TC_192_659.bmp,TC_192
C:\Users\User\Desktop\20210910yolo_train\val\G1\TC_192\TC_192_66.bmp,TC_192
C:\Users\User\Desktop\20210910yolo_train\val\G1\TC_192\TC_192_660.bmp,No
C:\Users\User\Desktop\20210910yolo_train\val\G1\TC_192\TC_192_661.bmp,TC_192
C:\Users\User\Desktop\20210910yolo_train\val\G1\TC_192\TC_192_662.bmp,TC_192
C:\Users\User\Desktop\20210910yolo_train\val\G1\TC_192\TC_192_663.bmp,TC_192
C:\Users\User\Desktop\20210910yolo_train\val\G1\TC_192\TC_192_664.bmp,TC_192
C:\Users\User\Desktop\20210910yolo_train\val\G1\TC_192\TC_192_665.bmp,TC_192
C:\Users\User\Desktop\20210910yolo_train\val\G1\TC_192\TC_192_666.bmp,TC_192
C:\Users\User\Desktop\20210910yolo_train\val\G1\TC_192\TC_192_667.bmp,TC_192
C:\Users\User\Desktop\20210910yolo_train\val\G1\TC_192\TC_192_668.bmp,TC_192
C:\Users\User\Desktop\20210910yolo_train\val\G1\TC_192\TC_192_669.bmp,TC_192
C:\Users\User\Desktop\20210910yolo_train\val\G1\TC_192\TC_192_67.bmp,TC_192
C:\Users\User\Desktop\20210910yolo_train\val\G1\TC_192\TC_192_670.bmp,TC_192
C:\Users\User\Desktop\20210910yolo_train\val\G1\TC_192\TC_192_671.bmp,TC_192
C:\Users\User\Desktop\20210910yolo_train\val\G1\TC_192\TC_192_672.bmp,TC_192
C:\Users\User\Desktop\20210910yolo_train\val\G1\TC_192\TC_192_673.bmp,TC_192
C:\Users\User\Desktop\20210910yolo_train\val\G1\TC_192\TC_192_674.bmp,TC_192
C:\Users\User\Desktop\20210910yolo_train\val\G1\TC_192\TC_192_675.bmp,TC_192
C:\Users\User\Desktop\20210910yolo_train\val\G1\TC_192\TC_192_676.bmp,TC_192
C:\Users\User\Desktop\20210910yolo_train\val\G1\TC_192\TC_192_677.bmp,TC_192
C:\Users\User\Desktop\20210910yolo_train\val\G1\TC_192\TC_192_678.bmp,TC_192
C:\Users\User\Desktop\20210910yolo_train\val\G1\TC_192\TC_192_679.bmp,TC_192
C:\Users\User\Desktop\20210910yolo_train\val\G1\TC_192\TC_192_68.bmp,TC_192
C:\Users\User\Desktop\20210910yolo_train\val\G1\TC_192\TC_192_680.bmp,TC_192
C:\Users\User\Desktop\20210910yolo_train\val\G1\TC_192\TC_192_681.bmp,TC_192
C:\Users\User\Desktop\20210910yolo_train\val\G1\TC_192\TC_192_682.bmp,TC_192
C:\Users\User\Desktop\20210910yolo_train\val\G1\TC_192\TC_192_683.bmp,TC_192
C:\Users\User\Desktop\20210910yolo_train\val\G1\TC_192\TC_192_684.bmp,TC_192
C:\Users\User\Desktop\20210910yolo_train\val\G1\TC_192\TC_192_685.bmp,TC_192
C:\Users\User\Desktop\20210910yolo_train\val\G1\TC_192\TC_192_686.bmp,TC_192
C:\Users\User\Desktop\20210910yolo_train\val\G1\TC_192\TC_192_687.bmp,TC_192
C:\Users\User\Desktop\20210910yolo_train\val\G1\TC_192\TC_192_688.bmp,TC_192
C:\Users\User\Desktop\20210910yolo_train\val\G1\TC_192\TC_192_689.bmp,TC_192
C:\Users\User\Desktop\20210910yolo_train\val\G1\TC_192\TC_192_69.bmp,TC_192
C:\Users\User\Desktop\20210910yolo_train\val\G1\TC_192\TC_192_690.bmp,TC_192
C:\Users\User\Desktop\20210910yolo_train\val\G1\TC_192\TC_192_691.bmp,TC_192
C:\Users\User\Desktop\20210910yolo_train\val\G1\TC_192\TC_192_692.bmp,TC_192
C:\Users\User\Desktop\20210910yolo_train\val\G1\TC_192\TC_192_693.bmp,TC_192
C:\Users\User\Desktop\20210910yolo_train\val\G1\TC_192\TC_192_694.bmp,TC_192
C:\Users\User\Desktop\20210910yolo_train\val\G1\TC_192\TC_192_695.bmp,TC_192
C:\Users\User\Desktop\20210910yolo_train\val\G1\TC_192\TC_192_696.bmp,TC_192
C:\Users\User\Desktop\20210910yolo_train\val\G1\TC_192\TC_192_697.bmp,TC_192
C:\Users\User\Desktop\20210910yolo_train\val\G1\TC_192\TC_192_698.bmp,TC_192
C:\Users\User\Desktop\20210910yolo_train\val\G1\TC_192\TC_192_699.bmp,TC_192
C:\Users\User\Desktop\20210910yolo_train\val\G1\TC_192\TC_192_7.bmp,TC_192
C:\Users\User\Desktop\20210910yolo_train\val\G1\TC_192\TC_192_70.bmp,TC_192
C:\Users\User\Desktop\20210910yolo_train\val\G1\TC_192\TC_192_700.bmp,TC_192
C:\Users\User\Desktop\20210910yolo_train\val\G1\TC_192\TC_192_701.bmp,TC_192
C:\Users\User\Desktop\20210910yolo_train\val\G1\TC_192\TC_192_702.bmp,TC_192
C:\Users\User\Desktop\20210910yolo_train\val\G1\TC_192\TC_192_703.bmp,TC_192
C:\Users\User\Desktop\20210910yolo_train\val\G1\TC_192\TC_192_704.bmp,TC_192
C:\Users\User\Desktop\20210910yolo_train\val\G1\TC_192\TC_192_705.bmp,TC_192
C:\Users\User\Desktop\20210910yolo_train\val\G1\TC_192\TC_192_706.bmp,TC_192
C:\Users\User\Desktop\20210910yolo_train\val\G1\TC_192\TC_192_707.bmp,TC_192
C:\Users\User\Desktop\20210910yolo_train\val\G1\TC_192\TC_192_708.bmp,TC_192
C:\Users\User\Desktop\20210910yolo_train\val\G1\TC_192\TC_192_709.bmp,TC_192
C:\Users\User\Desktop\20210910yolo_train\val\G1\TC_192\TC_192_71.bmp,TC_192
C:\Users\User\Desktop\20210910yolo_train\val\G1\TC_192\TC_192_710.bmp,TC_192
C:\Users\User\Desktop\20210910yolo_train\val\G1\TC_192\TC_192_711.bmp,TC_192
C:\Users\User\Desktop\20210910yolo_train\val\G1\TC_192\TC_192_712.bmp,TC_192
C:\Users\User\Desktop\20210910yolo_train\val\G1\TC_192\TC_192_713.bmp,TC_192
C:\Users\User\Desktop\20210910yolo_train\val\G1\TC_192\TC_192_714.bmp,TC_192
C:\Users\User\Desktop\20210910yolo_train\val\G1\TC_192\TC_192_715.bmp,TC_192
C:\Users\User\Desktop\20210910yolo_train\val\G1\TC_192\TC_192_716.bmp,TC_192
C:\Users\User\Desktop\20210910yolo_train\val\G1\TC_192\TC_192_717.bmp,TC_192
C:\Users\User\Desktop\20210910yolo_train\val\G1\TC_192\TC_192_718.bmp,TC_192
C:\Users\User\Desktop\20210910yolo_train\val\G1\TC_192\TC_192_719.bmp,TC_192
C:\Users\User\Desktop\20210910yolo_train\val\G1\TC_192\TC_192_72.bmp,TC_192
C:\Users\User\Desktop\20210910yolo_train\val\G1\TC_192\TC_192_720.bmp,TC_192
C:\Users\User\Desktop\20210910yolo_train\val\G1\TC_192\TC_192_721.bmp,TC_192
C:\Users\User\Desktop\20210910yolo_train\val\G1\TC_192\TC_192_722.bmp,TC_192
C:\Users\User\Desktop\20210910yolo_train\val\G1\TC_192\TC_192_723.bmp,TC_192
C:\Users\User\Desktop\20210910yolo_train\val\G1\TC_192\TC_192_724.bmp,TC_192
C:\Users\User\Desktop\20210910yolo_train\val\G1\TC_192\TC_192_725.bmp,TC_192
C:\Users\User\Desktop\20210910yolo_train\val\G1\TC_192\TC_192_726.bmp,TC_192
C:\Users\User\Desktop\20210910yolo_train\val\G1\TC_192\TC_192_727.bmp,TC_192
C:\Users\User\Desktop\20210910yolo_train\val\G1\TC_192\TC_192_728.bmp,TC_192
C:\Users\User\Desktop\20210910yolo_train\val\G1\TC_192\TC_192_729.bmp,TC_192
C:\Users\User\Desktop\20210910yolo_train\val\G1\TC_192\TC_192_73.bmp,TC_192
C:\Users\User\Desktop\20210910yolo_train\val\G1\TC_192\TC_192_730.bmp,TC_192
C:\Users\User\Desktop\20210910yolo_train\val\G1\TC_192\TC_192_731.bmp,TC_192
C:\Users\User\Desktop\20210910yolo_train\val\G1\TC_192\TC_192_732.bmp,TC_192
C:\Users\User\Desktop\20210910yolo_train\val\G1\TC_192\TC_192_733.bmp,TC_192
C:\Users\User\Desktop\20210910yolo_train\val\G1\TC_192\TC_192_734.bmp,TC_192
C:\Users\User\Desktop\20210910yolo_train\val\G1\TC_192\TC_192_735.bmp,TC_192
C:\Users\User\Desktop\20210910yolo_train\val\G1\TC_192\TC_192_736.bmp,TC_192
C:\Users\User\Desktop\20210910yolo_train\val\G1\TC_192\TC_192_737.bmp,TC_192
C:\Users\User\Desktop\20210910yolo_train\val\G1\TC_192\TC_192_738.bmp,TC_192
C:\Users\User\Desktop\20210910yolo_train\val\G1\TC_192\TC_192_739.bmp,TC_192
C:\Users\User\Desktop\20210910yolo_train\val\G1\TC_192\TC_192_74.bmp,TC_192
C:\Users\User\Desktop\20210910yolo_train\val\G1\TC_192\TC_192_740.bmp,TC_192
C:\Users\User\Desktop\20210910yolo_train\val\G1\TC_192\TC_192_741.bmp,TC_192
C:\Users\User\Desktop\20210910yolo_train\val\G1\TC_192\TC_192_742.bmp,TC_192
C:\Users\User\Desktop\20210910yolo_train\val\G1\TC_192\TC_192_743.bmp,No
C:\Users\User\Desktop\20210910yolo_train\val\G1\TC_192\TC_192_744.bmp,TC_192
C:\Users\User\Desktop\20210910yolo_train\val\G1\TC_192\TC_192_745.bmp,TC_192
C:\Users\User\Desktop\20210910yolo_train\val\G1\TC_192\TC_192_746.bmp,TC_192
C:\Users\User\Desktop\20210910yolo_train\val\G1\TC_192\TC_192_747.bmp,TC_192
C:\Users\User\Desktop\20210910yolo_train\val\G1\TC_192\TC_192_748.bmp,TC_192
C:\Users\User\Desktop\20210910yolo_train\val\G1\TC_192\TC_192_749.bmp,TC_192
C:\Users\User\Desktop\20210910yolo_train\val\G1\TC_192\TC_192_75.bmp,TC_192
C:\Users\User\Desktop\20210910yolo_train\val\G1\TC_192\TC_192_750.bmp,TC_192
C:\Users\User\Desktop\20210910yolo_train\val\G1\TC_192\TC_192_751.bmp,TC_192
C:\Users\User\Desktop\20210910yolo_train\val\G1\TC_192\TC_192_752.bmp,TC_192
C:\Users\User\Desktop\20210910yolo_train\val\G1\TC_192\TC_192_753.bmp,TC_192
C:\Users\User\Desktop\20210910yolo_train\val\G1\TC_192\TC_192_754.bmp,TC_192
C:\Users\User\Desktop\20210910yolo_train\val\G1\TC_192\TC_192_755.bmp,TC_192
C:\Users\User\Desktop\20210910yolo_train\val\G1\TC_192\TC_192_756.bmp,TC_192
C:\Users\User\Desktop\20210910yolo_train\val\G1\TC_192\TC_192_757.bmp,TC_192
C:\Users\User\Desktop\20210910yolo_train\val\G1\TC_192\TC_192_758.bmp,TC_192
C:\Users\User\Desktop\20210910yolo_train\val\G1\TC_192\TC_192_759.bmp,TC_192
C:\Users\User\Desktop\20210910yolo_train\val\G1\TC_192\TC_192_76.bmp,TC_192
C:\Users\User\Desktop\20210910yolo_train\val\G1\TC_192\TC_192_760.bmp,TC_192
C:\Users\User\Desktop\20210910yolo_train\val\G1\TC_192\TC_192_761.bmp,TC_192
C:\Users\User\Desktop\20210910yolo_train\val\G1\TC_192\TC_192_762.bmp,TC_192
C:\Users\User\Desktop\20210910yolo_train\val\G1\TC_192\TC_192_763.bmp,TC_192
C:\Users\User\Desktop\20210910yolo_train\val\G1\TC_192\TC_192_764.bmp,TC_192
C:\Users\User\Desktop\20210910yolo_train\val\G1\TC_192\TC_192_765.bmp,TC_192
C:\Users\User\Desktop\20210910yolo_train\val\G1\TC_192\TC_192_766.bmp,TC_192
C:\Users\User\Desktop\20210910yolo_train\val\G1\TC_192\TC_192_767.bmp,TC_192
C:\Users\User\Desktop\20210910yolo_train\val\G1\TC_192\TC_192_768.bmp,TC_192
C:\Users\User\Desktop\20210910yolo_train\val\G1\TC_192\TC_192_769.bmp,TC_192
C:\Users\User\Desktop\20210910yolo_train\val\G1\TC_192\TC_192_77.bmp,TC_192
C:\Users\User\Desktop\20210910yolo_train\val\G1\TC_192\TC_192_770.bmp,TC_192
C:\Users\User\Desktop\20210910yolo_train\val\G1\TC_192\TC_192_771.bmp,TC_192
C:\Users\User\Desktop\20210910yolo_train\val\G1\TC_192\TC_192_772.bmp,TC_192
C:\Users\User\Desktop\20210910yolo_train\val\G1\TC_192\TC_192_773.bmp,TC_192
C:\Users\User\Desktop\20210910yolo_train\val\G1\TC_192\TC_192_774.bmp,TN_11
C:\Users\User\Desktop\20210910yolo_train\val\G1\TC_192\TC_192_775.bmp,TC_192
C:\Users\User\Desktop\20210910yolo_train\val\G1\TC_192\TC_192_776.bmp,TC_192
C:\Users\User\Desktop\20210910yolo_train\val\G1\TC_192\TC_192_777.bmp,No
C:\Users\User\Desktop\20210910yolo_train\val\G1\TC_192\TC_192_778.bmp,TC_192
C:\Users\User\Desktop\20210910yolo_train\val\G1\TC_192\TC_192_779.bmp,TC_192
C:\Users\User\Desktop\20210910yolo_train\val\G1\TC_192\TC_192_78.bmp,TC_192
C:\Users\User\Desktop\20210910yolo_train\val\G1\TC_192\TC_192_780.bmp,TC_192
C:\Users\User\Desktop\20210910yolo_train\val\G1\TC_192\TC_192_781.bmp,TC_192
C:\Users\User\Desktop\20210910yolo_train\val\G1\TC_192\TC_192_782.bmp,TC_192
C:\Users\User\Desktop\20210910yolo_train\val\G1\TC_192\TC_192_783.bmp,TC_192
C:\Users\User\Desktop\20210910yolo_train\val\G1\TC_192\TC_192_784.bmp,TC_192
C:\Users\User\Desktop\20210910yolo_train\val\G1\TC_192\TC_192_785.bmp,TC_192
C:\Users\User\Desktop\20210910yolo_train\val\G1\TC_192\TC_192_786.bmp,TC_192
C:\Users\User\Desktop\20210910yolo_train\val\G1\TC_192\TC_192_787.bmp,TC_192
C:\Users\User\Desktop\20210910yolo_train\val\G1\TC_192\TC_192_788.bmp,TC_192
C:\Users\User\Desktop\20210910yolo_train\val\G1\TC_192\TC_192_789.bmp,TC_192
C:\Users\User\Desktop\20210910yolo_train\val\G1\TC_192\TC_192_79.bmp,TC_192
C:\Users\User\Desktop\20210910yolo_train\val\G1\TC_192\TC_192_790.bmp,TC_192
C:\Users\User\Desktop\20210910yolo_train\val\G1\TC_192\TC_192_791.bmp,TC_192
C:\Users\User\Desktop\20210910yolo_train\val\G1\TC_192\TC_192_792.bmp,TC_192
C:\Users\User\Desktop\20210910yolo_train\val\G1\TC_192\TC_192_793.bmp,TC_192
C:\Users\User\Desktop\20210910yolo_train\val\G1\TC_192\TC_192_794.bmp,TC_192
C:\Users\User\Desktop\20210910yolo_train\val\G1\TC_192\TC_192_795.bmp,TC_192
C:\Users\User\Desktop\20210910yolo_train\val\G1\TC_192\TC_192_796.bmp,TC_192
C:\Users\User\Desktop\20210910yolo_train\val\G1\TC_192\TC_192_797.bmp,TC_192
C:\Users\User\Desktop\20210910yolo_train\val\G1\TC_192\TC_192_798.bmp,TC_192
C:\Users\User\Desktop\20210910yolo_train\val\G1\TC_192\TC_192_799.bmp,TC_192
C:\Users\User\Desktop\20210910yolo_train\val\G1\TC_192\TC_192_8.bmp,TC_192
C:\Users\User\Desktop\20210910yolo_train\val\G1\TC_192\TC_192_80.bmp,TC_192
C:\Users\User\Desktop\20210910yolo_train\val\G1\TC_192\TC_192_800.bmp,TC_192
C:\Users\User\Desktop\20210910yolo_train\val\G1\TC_192\TC_192_801.bmp,TC_192
C:\Users\User\Desktop\20210910yolo_train\val\G1\TC_192\TC_192_802.bmp,TC_192
C:\Users\User\Desktop\20210910yolo_train\val\G1\TC_192\TC_192_803.bmp,TC_192
C:\Users\User\Desktop\20210910yolo_train\val\G1\TC_192\TC_192_804.bmp,TC_192
C:\Users\User\Desktop\20210910yolo_train\val\G1\TC_192\TC_192_805.bmp,TC_192
C:\Users\User\Desktop\20210910yolo_train\val\G1\TC_192\TC_192_806.bmp,TC_192
C:\Users\User\Desktop\20210910yolo_train\val\G1\TC_192\TC_192_807.bmp,TC_192
C:\Users\User\Desktop\20210910yolo_train\val\G1\TC_192\TC_192_808.bmp,TC_192
C:\Users\User\Desktop\20210910yolo_train\val\G1\TC_192\TC_192_809.bmp,TC_192
C:\Users\User\Desktop\20210910yolo_train\val\G1\TC_192\TC_192_81.bmp,TC_192
C:\Users\User\Desktop\20210910yolo_train\val\G1\TC_192\TC_192_810.bmp,TC_192
C:\Users\User\Desktop\20210910yolo_train\val\G1\TC_192\TC_192_811.bmp,TC_192
C:\Users\User\Desktop\20210910yolo_train\val\G1\TC_192\TC_192_812.bmp,TC_192
C:\Users\User\Desktop\20210910yolo_train\val\G1\TC_192\TC_192_813.bmp,TC_192
C:\Users\User\Desktop\20210910yolo_train\val\G1\TC_192\TC_192_814.bmp,TC_192
C:\Users\User\Desktop\20210910yolo_train\val\G1\TC_192\TC_192_815.bmp,TC_192
C:\Users\User\Desktop\20210910yolo_train\val\G1\TC_192\TC_192_816.bmp,TC_192
C:\Users\User\Desktop\20210910yolo_train\val\G1\TC_192\TC_192_817.bmp,TC_192
C:\Users\User\Desktop\20210910yolo_train\val\G1\TC_192\TC_192_818.bmp,TC_192
C:\Users\User\Desktop\20210910yolo_train\val\G1\TC_192\TC_192_819.bmp,TC_192
C:\Users\User\Desktop\20210910yolo_train\val\G1\TC_192\TC_192_82.bmp,TC_192
C:\Users\User\Desktop\20210910yolo_train\val\G1\TC_192\TC_192_820.bmp,TC_192
C:\Users\User\Desktop\20210910yolo_train\val\G1\TC_192\TC_192_821.bmp,TC_192
C:\Users\User\Desktop\20210910yolo_train\val\G1\TC_192\TC_192_822.bmp,TC_192
C:\Users\User\Desktop\20210910yolo_train\val\G1\TC_192\TC_192_823.bmp,TC_192
C:\Users\User\Desktop\20210910yolo_train\val\G1\TC_192\TC_192_824.bmp,TC_192
C:\Users\User\Desktop\20210910yolo_train\val\G1\TC_192\TC_192_825.bmp,TC_192
C:\Users\User\Desktop\20210910yolo_train\val\G1\TC_192\TC_192_826.bmp,TC_192
C:\Users\User\Desktop\20210910yolo_train\val\G1\TC_192\TC_192_827.bmp,TC_192
C:\Users\User\Desktop\20210910yolo_train\val\G1\TC_192\TC_192_828.bmp,TC_192
C:\Users\User\Desktop\20210910yolo_train\val\G1\TC_192\TC_192_829.bmp,TC_192
C:\Users\User\Desktop\20210910yolo_train\val\G1\TC_192\TC_192_83.bmp,TC_192
C:\Users\User\Desktop\20210910yolo_train\val\G1\TC_192\TC_192_830.bmp,TC_192
C:\Users\User\Desktop\20210910yolo_train\val\G1\TC_192\TC_192_831.bmp,TC_192
C:\Users\User\Desktop\20210910yolo_train\val\G1\TC_192\TC_192_832.bmp,TC_192
C:\Users\User\Desktop\20210910yolo_train\val\G1\TC_192\TC_192_833.bmp,TC_192
C:\Users\User\Desktop\20210910yolo_train\val\G1\TC_192\TC_192_834.bmp,TC_192
C:\Users\User\Desktop\20210910yolo_train\val\G1\TC_192\TC_192_835.bmp,TC_192
C:\Users\User\Desktop\20210910yolo_train\val\G1\TC_192\TC_192_836.bmp,TC_192
C:\Users\User\Desktop\20210910yolo_train\val\G1\TC_192\TC_192_837.bmp,TC_192
C:\Users\User\Desktop\20210910yolo_train\val\G1\TC_192\TC_192_838.bmp,TC_192
C:\Users\User\Desktop\20210910yolo_train\val\G1\TC_192\TC_192_839.bmp,TC_192
C:\Users\User\Desktop\20210910yolo_train\val\G1\TC_192\TC_192_84.bmp,TC_192
C:\Users\User\Desktop\20210910yolo_train\val\G1\TC_192\TC_192_840.bmp,TC_192
C:\Users\User\Desktop\20210910yolo_train\val\G1\TC_192\TC_192_841.bmp,TC_192
C:\Users\User\Desktop\20210910yolo_train\val\G1\TC_192\TC_192_842.bmp,TC_192
C:\Users\User\Desktop\20210910yolo_train\val\G1\TC_192\TC_192_843.bmp,TC_192
C:\Users\User\Desktop\20210910yolo_train\val\G1\TC_192\TC_192_844.bmp,TC_192
C:\Users\User\Desktop\20210910yolo_train\val\G1\TC_192\TC_192_845.bmp,TC_192
C:\Users\User\Desktop\20210910yolo_train\val\G1\TC_192\TC_192_846.bmp,TC_192
C:\Users\User\Desktop\20210910yolo_train\val\G1\TC_192\TC_192_847.bmp,TC_192
C:\Users\User\Desktop\20210910yolo_train\val\G1\TC_192\TC_192_848.bmp,TC_192
C:\Users\User\Desktop\20210910yolo_train\val\G1\TC_192\TC_192_849.bmp,TC_192
C:\Users\User\Desktop\20210910yolo_train\val\G1\TC_192\TC_192_85.bmp,TC_192
C:\Users\User\Desktop\20210910yolo_train\val\G1\TC_192\TC_192_850.bmp,TC_192
C:\Users\User\Desktop\20210910yolo_train\val\G1\TC_192\TC_192_851.bmp,TC_192
C:\Users\User\Desktop\20210910yolo_train\val\G1\TC_192\TC_192_852.bmp,TC_192
C:\Users\User\Desktop\20210910yolo_train\val\G1\TC_192\TC_192_853.bmp,TC_192
C:\Users\User\Desktop\20210910yolo_train\val\G1\TC_192\TC_192_854.bmp,TN_11
C:\Users\User\Desktop\20210910yolo_train\val\G1\TC_192\TC_192_855.bmp,TC_192
C:\Users\User\Desktop\20210910yolo_train\val\G1\TC_192\TC_192_856.bmp,TC_192
C:\Users\User\Desktop\20210910yolo_train\val\G1\TC_192\TC_192_857.bmp,TC_192
C:\Users\User\Desktop\20210910yolo_train\val\G1\TC_192\TC_192_858.bmp,TC_192
C:\Users\User\Desktop\20210910yolo_train\val\G1\TC_192\TC_192_859.bmp,TC_192
C:\Users\User\Desktop\20210910yolo_train\val\G1\TC_192\TC_192_86.bmp,No
C:\Users\User\Desktop\20210910yolo_train\val\G1\TC_192\TC_192_860.bmp,TC_192
C:\Users\User\Desktop\20210910yolo_train\val\G1\TC_192\TC_192_861.bmp,TC_192
C:\Users\User\Desktop\20210910yolo_train\val\G1\TC_192\TC_192_862.bmp,TC_192
C:\Users\User\Desktop\20210910yolo_train\val\G1\TC_192\TC_192_863.bmp,TC_192
C:\Users\User\Desktop\20210910yolo_train\val\G1\TC_192\TC_192_864.bmp,TC_192
C:\Users\User\Desktop\20210910yolo_train\val\G1\TC_192\TC_192_865.bmp,TC_192
C:\Users\User\Desktop\20210910yolo_train\val\G1\TC_192\TC_192_866.bmp,TC_192
C:\Users\User\Desktop\20210910yolo_train\val\G1\TC_192\TC_192_867.bmp,TC_192
C:\Users\User\Desktop\20210910yolo_train\val\G1\TC_192\TC_192_868.bmp,TC_192
C:\Users\User\Desktop\20210910yolo_train\val\G1\TC_192\TC_192_869.bmp,TC_192
C:\Users\User\Desktop\20210910yolo_train\val\G1\TC_192\TC_192_87.bmp,TC_192
C:\Users\User\Desktop\20210910yolo_train\val\G1\TC_192\TC_192_870.bmp,TC_192
C:\Users\User\Desktop\20210910yolo_train\val\G1\TC_192\TC_192_871.bmp,TC_192
C:\Users\User\Desktop\20210910yolo_train\val\G1\TC_192\TC_192_872.bmp,TC_192
C:\Users\User\Desktop\20210910yolo_train\val\G1\TC_192\TC_192_873.bmp,TC_192
C:\Users\User\Desktop\20210910yolo_train\val\G1\TC_192\TC_192_874.bmp,TC_192
C:\Users\User\Desktop\20210910yolo_train\val\G1\TC_192\TC_192_875.bmp,TC_192
C:\Users\User\Desktop\20210910yolo_train\val\G1\TC_192\TC_192_876.bmp,TC_192
C:\Users\User\Desktop\20210910yolo_train\val\G1\TC_192\TC_192_877.bmp,TC_192
C:\Users\User\Desktop\20210910yolo_train\val\G1\TC_192\TC_192_878.bmp,TC_192
C:\Users\User\Desktop\20210910yolo_train\val\G1\TC_192\TC_192_879.bmp,TC_192
C:\Users\User\Desktop\20210910yolo_train\val\G1\TC_192\TC_192_88.bmp,TC_192
C:\Users\User\Desktop\20210910yolo_train\val\G1\TC_192\TC_192_880.bmp,TC_192
C:\Users\User\Desktop\20210910yolo_train\val\G1\TC_192\TC_192_881.bmp,TC_192
C:\Users\User\Desktop\20210910yolo_train\val\G1\TC_192\TC_192_882.bmp,TC_192
C:\Users\User\Desktop\20210910yolo_train\val\G1\TC_192\TC_192_883.bmp,TC_192
C:\Users\User\Desktop\20210910yolo_train\val\G1\TC_192\TC_192_884.bmp,TC_192
C:\Users\User\Desktop\20210910yolo_train\val\G1\TC_192\TC_192_885.bmp,TC_192
C:\Users\User\Desktop\20210910yolo_train\val\G1\TC_192\TC_192_886.bmp,TC_192
C:\Users\User\Desktop\20210910yolo_train\val\G1\TC_192\TC_192_887.bmp,TC_192
C:\Users\User\Desktop\20210910yolo_train\val\G1\TC_192\TC_192_888.bmp,TC_192
C:\Users\User\Desktop\20210910yolo_train\val\G1\TC_192\TC_192_889.bmp,TC_192
C:\Users\User\Desktop\20210910yolo_train\val\G1\TC_192\TC_192_89.bmp,TC_192
C:\Users\User\Desktop\20210910yolo_train\val\G1\TC_192\TC_192_890.bmp,TC_192
C:\Users\User\Desktop\20210910yolo_train\val\G1\TC_192\TC_192_891.bmp,TC_192
C:\Users\User\Desktop\20210910yolo_train\val\G1\TC_192\TC_192_892.bmp,TC_192
C:\Users\User\Desktop\20210910yolo_train\val\G1\TC_192\TC_192_893.bmp,TC_192
C:\Users\User\Desktop\20210910yolo_train\val\G1\TC_192\TC_192_894.bmp,TC_192
C:\Users\User\Desktop\20210910yolo_train\val\G1\TC_192\TC_192_895.bmp,TC_192
C:\Users\User\Desktop\20210910yolo_train\val\G1\TC_192\TC_192_896.bmp,TC_192
C:\Users\User\Desktop\20210910yolo_train\val\G1\TC_192\TC_192_897.bmp,TC_192
C:\Users\User\Desktop\20210910yolo_train\val\G1\TC_192\TC_192_898.bmp,TC_192
C:\Users\User\Desktop\20210910yolo_train\val\G1\TC_192\TC_192_899.bmp,TC_192
C:\Users\User\Desktop\20210910yolo_train\val\G1\TC_192\TC_192_9.bmp,TC_192
C:\Users\User\Desktop\20210910yolo_train\val\G1\TC_192\TC_192_90.bmp,TC_192
C:\Users\User\Desktop\20210910yolo_train\val\G1\TC_192\TC_192_900.bmp,TC_192
C:\Users\User\Desktop\20210910yolo_train\val\G1\TC_192\TC_192_901.bmp,TC_192
C:\Users\User\Desktop\20210910yolo_train\val\G1\TC_192\TC_192_902.bmp,TC_192
C:\Users\User\Desktop\20210910yolo_train\val\G1\TC_192\TC_192_903.bmp,TC_192
C:\Users\User\Desktop\20210910yolo_train\val\G1\TC_192\TC_192_904.bmp,TK_9
C:\Users\User\Desktop\20210910yolo_train\val\G1\TC_192\TC_192_905.bmp,TC_192
C:\Users\User\Desktop\20210910yolo_train\val\G1\TC_192\TC_192_906.bmp,TC_192
C:\Users\User\Desktop\20210910yolo_train\val\G1\TC_192\TC_192_907.bmp,TC_192
C:\Users\User\Desktop\20210910yolo_train\val\G1\TC_192\TC_192_908.bmp,TC_192
C:\Users\User\Desktop\20210910yolo_train\val\G1\TC_192\TC_192_909.bmp,TC_192
C:\Users\User\Desktop\20210910yolo_train\val\G1\TC_192\TC_192_91.bmp,TC_192
C:\Users\User\Desktop\20210910yolo_train\val\G1\TC_192\TC_192_910.bmp,TC_192
C:\Users\User\Desktop\20210910yolo_train\val\G1\TC_192\TC_192_911.bmp,TC_192
C:\Users\User\Desktop\20210910yolo_train\val\G1\TC_192\TC_192_912.bmp,TC_192
C:\Users\User\Desktop\20210910yolo_train\val\G1\TC_192\TC_192_913.bmp,TC_192
C:\Users\User\Desktop\20210910yolo_train\val\G1\TC_192\TC_192_914.bmp,TC_192
C:\Users\User\Desktop\20210910yolo_train\val\G1\TC_192\TC_192_915.bmp,TC_192
C:\Users\User\Desktop\20210910yolo_train\val\G1\TC_192\TC_192_916.bmp,No
C:\Users\User\Desktop\20210910yolo_train\val\G1\TC_192\TC_192_917.bmp,TC_192
C:\Users\User\Desktop\20210910yolo_train\val\G1\TC_192\TC_192_918.bmp,TC_192
C:\Users\User\Desktop\20210910yolo_train\val\G1\TC_192\TC_192_919.bmp,TC_192
C:\Users\User\Desktop\20210910yolo_train\val\G1\TC_192\TC_192_92.bmp,TC_192
C:\Users\User\Desktop\20210910yolo_train\val\G1\TC_192\TC_192_920.bmp,TC_192
C:\Users\User\Desktop\20210910yolo_train\val\G1\TC_192\TC_192_921.bmp,TC_192
C:\Users\User\Desktop\20210910yolo_train\val\G1\TC_192\TC_192_922.bmp,TC_192
C:\Users\User\Desktop\20210910yolo_train\val\G1\TC_192\TC_192_923.bmp,TC_192
C:\Users\User\Desktop\20210910yolo_train\val\G1\TC_192\TC_192_924.bmp,TC_192
C:\Users\User\Desktop\20210910yolo_train\val\G1\TC_192\TC_192_925.bmp,TC_192
C:\Users\User\Desktop\20210910yolo_train\val\G1\TC_192\TC_192_926.bmp,TC_192
C:\Users\User\Desktop\20210910yolo_train\val\G1\TC_192\TC_192_927.bmp,TC_192
C:\Users\User\Desktop\20210910yolo_train\val\G1\TC_192\TC_192_928.bmp,TC_192
C:\Users\User\Desktop\20210910yolo_train\val\G1\TC_192\TC_192_929.bmp,TC_192
C:\Users\User\Desktop\20210910yolo_train\val\G1\TC_192\TC_192_93.bmp,TC_192
C:\Users\User\Desktop\20210910yolo_train\val\G1\TC_192\TC_192_930.bmp,TC_192
C:\Users\User\Desktop\20210910yolo_train\val\G1\TC_192\TC_192_931.bmp,TC_192
C:\Users\User\Desktop\20210910yolo_train\val\G1\TC_192\TC_192_932.bmp,TC_192
C:\Users\User\Desktop\20210910yolo_train\val\G1\TC_192\TC_192_933.bmp,TC_192
C:\Users\User\Desktop\20210910yolo_train\val\G1\TC_192\TC_192_934.bmp,TC_192
C:\Users\User\Desktop\20210910yolo_train\val\G1\TC_192\TC_192_935.bmp,TC_192
C:\Users\User\Desktop\20210910yolo_train\val\G1\TC_192\TC_192_936.bmp,TC_192
C:\Users\User\Desktop\20210910yolo_train\val\G1\TC_192\TC_192_937.bmp,TC_192
C:\Users\User\Desktop\20210910yolo_train\val\G1\TC_192\TC_192_938.bmp,TC_192
C:\Users\User\Desktop\20210910yolo_train\val\G1\TC_192\TC_192_939.bmp,TC_192
C:\Users\User\Desktop\20210910yolo_train\val\G1\TC_192\TC_192_94.bmp,TC_192
C:\Users\User\Desktop\20210910yolo_train\val\G1\TC_192\TC_192_940.bmp,TC_192
C:\Users\User\Desktop\20210910yolo_train\val\G1\TC_192\TC_192_941.bmp,TC_192
C:\Users\User\Desktop\20210910yolo_train\val\G1\TC_192\TC_192_942.bmp,TC_192
C:\Users\User\Desktop\20210910yolo_train\val\G1\TC_192\TC_192_943.bmp,TC_192
C:\Users\User\Desktop\20210910yolo_train\val\G1\TC_192\TC_192_944.bmp,TC_192
C:\Users\User\Desktop\20210910yolo_train\val\G1\TC_192\TC_192_945.bmp,TC_192
C:\Users\User\Desktop\20210910yolo_train\val\G1\TC_192\TC_192_946.bmp,TC_192
C:\Users\User\Desktop\20210910yolo_train\val\G1\TC_192\TC_192_947.bmp,TC_192
C:\Users\User\Desktop\20210910yolo_train\val\G1\TC_192\TC_192_948.bmp,TC_192
C:\Users\User\Desktop\20210910yolo_train\val\G1\TC_192\TC_192_949.bmp,TC_192
C:\Users\User\Desktop\20210910yolo_train\val\G1\TC_192\TC_192_95.bmp,TC_192
C:\Users\User\Desktop\20210910yolo_train\val\G1\TC_192\TC_192_950.bmp,TC_192
C:\Users\User\Desktop\20210910yolo_train\val\G1\TC_192\TC_192_951.bmp,TC_192
C:\Users\User\Desktop\20210910yolo_train\val\G1\TC_192\TC_192_952.bmp,TC_192
C:\Users\User\Desktop\20210910yolo_train\val\G1\TC_192\TC_192_953.bmp,TC_192
C:\Users\User\Desktop\20210910yolo_train\val\G1\TC_192\TC_192_954.bmp,TC_192
C:\Users\User\Desktop\20210910yolo_train\val\G1\TC_192\TC_192_955.bmp,TC_192
C:\Users\User\Desktop\20210910yolo_train\val\G1\TC_192\TC_192_956.bmp,TC_192
C:\Users\User\Desktop\20210910yolo_train\val\G1\TC_192\TC_192_957.bmp,TC_192
C:\Users\User\Desktop\20210910yolo_train\val\G1\TC_192\TC_192_958.bmp,TC_192
C:\Users\User\Desktop\20210910yolo_train\val\G1\TC_192\TC_192_959.bmp,TC_192
C:\Users\User\Desktop\20210910yolo_train\val\G1\TC_192\TC_192_96.bmp,TC_192
C:\Users\User\Desktop\20210910yolo_train\val\G1\TC_192\TC_192_960.bmp,TC_192
C:\Users\User\Desktop\20210910yolo_train\val\G1\TC_192\TC_192_961.bmp,TC_192
C:\Users\User\Desktop\20210910yolo_train\val\G1\TC_192\TC_192_962.bmp,TC_192
C:\Users\User\Desktop\20210910yolo_train\val\G1\TC_192\TC_192_963.bmp,TC_192
C:\Users\User\Desktop\20210910yolo_train\val\G1\TC_192\TC_192_964.bmp,TC_192
C:\Users\User\Desktop\20210910yolo_train\val\G1\TC_192\TC_192_965.bmp,No
C:\Users\User\Desktop\20210910yolo_train\val\G1\TC_192\TC_192_966.bmp,TC_192
C:\Users\User\Desktop\20210910yolo_train\val\G1\TC_192\TC_192_967.bmp,TC_192
C:\Users\User\Desktop\20210910yolo_train\val\G1\TC_192\TC_192_968.bmp,TC_192
C:\Users\User\Desktop\20210910yolo_train\val\G1\TC_192\TC_192_969.bmp,TC_192
C:\Users\User\Desktop\20210910yolo_train\val\G1\TC_192\TC_192_97.bmp,TC_192
C:\Users\User\Desktop\20210910yolo_train\val\G1\TC_192\TC_192_970.bmp,TC_192
C:\Users\User\Desktop\20210910yolo_train\val\G1\TC_192\TC_192_971.bmp,TC_192
C:\Users\User\Desktop\20210910yolo_train\val\G1\TC_192\TC_192_972.bmp,TN_11
C:\Users\User\Desktop\20210910yolo_train\val\G1\TC_192\TC_192_973.bmp,TC_192
C:\Users\User\Desktop\20210910yolo_train\val\G1\TC_192\TC_192_974.bmp,TC_192
C:\Users\User\Desktop\20210910yolo_train\val\G1\TC_192\TC_192_975.bmp,TC_192
C:\Users\User\Desktop\20210910yolo_train\val\G1\TC_192\TC_192_976.bmp,TC_192
C:\Users\User\Desktop\20210910yolo_train\val\G1\TC_192\TC_192_977.bmp,TC_192
C:\Users\User\Desktop\20210910yolo_train\val\G1\TC_192\TC_192_978.bmp,TC_192
C:\Users\User\Desktop\20210910yolo_train\val\G1\TC_192\TC_192_979.bmp,TC_192
C:\Users\User\Desktop\20210910yolo_train\val\G1\TC_192\TC_192_98.bmp,TC_192
C:\Users\User\Desktop\20210910yolo_train\val\G1\TC_192\TC_192_980.bmp,TC_192
C:\Users\User\Desktop\20210910yolo_train\val\G1\TC_192\TC_192_981.bmp,TC_192
C:\Users\User\Desktop\20210910yolo_train\val\G1\TC_192\TC_192_982.bmp,TC_192
C:\Users\User\Desktop\20210910yolo_train\val\G1\TC_192\TC_192_983.bmp,TC_192
C:\Users\User\Desktop\20210910yolo_train\val\G1\TC_192\TC_192_984.bmp,TC_192
C:\Users\User\Desktop\20210910yolo_train\val\G1\TC_192\TC_192_985.bmp,TC_192
C:\Users\User\Desktop\20210910yolo_train\val\G1\TC_192\TC_192_986.bmp,TC_192
C:\Users\User\Desktop\20210910yolo_train\val\G1\TC_192\TC_192_987.bmp,TC_192
C:\Users\User\Desktop\20210910yolo_train\val\G1\TC_192\TC_192_988.bmp,TC_192
C:\Users\User\Desktop\20210910yolo_train\val\G1\TC_192\TC_192_989.bmp,TC_192
C:\Users\User\Desktop\20210910yolo_train\val\G1\TC_192\TC_192_99.bmp,TC_192
C:\Users\User\Desktop\20210910yolo_train\val\G1\TC_192\TC_192_990.bmp,TC_192
C:\Users\User\Desktop\20210910yolo_train\val\G1\TC_192\TC_192_991.bmp,TC_192
C:\Users\User\Desktop\20210910yolo_train\val\G1\TC_192\TC_192_992.bmp,TC_192
C:\Users\User\Desktop\20210910yolo_train\val\G1\TC_192\TC_192_993.bmp,TC_192
C:\Users\User\Desktop\20210910yolo_train\val\G1\TC_192\TC_192_994.bmp,TC_192
C:\Users\User\Desktop\20210910yolo_train\val\G1\TC_192\TC_192_995.bmp,TC_192
C:\Users\User\Desktop\20210910yolo_train\val\G1\TC_192\TC_192_996.bmp,TC_192
C:\Users\User\Desktop\20210910yolo_train\val\G1\TC_192\TC_192_997.bmp,TC_192
C:\Users\User\Desktop\20210910yolo_train\val\G1\TC_192\TC_192_998.bmp,TC_192
C:\Users\User\Desktop\20210910yolo_train\val\G1\TC_192\TC_192_999.bmp,TC_192


TC_192,1000,Accurate: 98.3 %
TCS_10,TC_192,TK_14,TK_9,TN_11,No
0,983,1,2,3,11
