C:\Users\User\Desktop\20210910yolo_train\val\G1\TCS_10\TCS_10_1.bmp,TCS_10
C:\Users\User\Desktop\20210910yolo_train\val\G1\TCS_10\TCS_10_10.bmp,TCS_10
C:\Users\User\Desktop\20210910yolo_train\val\G1\TCS_10\TCS_10_100.bmp,TCS_10
C:\Users\User\Desktop\20210910yolo_train\val\G1\TCS_10\TCS_10_1000.bmp,TCS_10
C:\Users\User\Desktop\20210910yolo_train\val\G1\TCS_10\TCS_10_101.bmp,TCS_10
C:\Users\User\Desktop\20210910yolo_train\val\G1\TCS_10\TCS_10_102.bmp,TCS_10
C:\Users\User\Desktop\20210910yolo_train\val\G1\TCS_10\TCS_10_103.bmp,TCS_10
C:\Users\User\Desktop\20210910yolo_train\val\G1\TCS_10\TCS_10_104.bmp,TCS_10
C:\Users\User\Desktop\20210910yolo_train\val\G1\TCS_10\TCS_10_105.bmp,TCS_10
C:\Users\User\Desktop\20210910yolo_train\val\G1\TCS_10\TCS_10_106.bmp,TCS_10
C:\Users\User\Desktop\20210910yolo_train\val\G1\TCS_10\TCS_10_107.bmp,TCS_10
C:\Users\User\Desktop\20210910yolo_train\val\G1\TCS_10\TCS_10_108.bmp,TCS_10
C:\Users\User\Desktop\20210910yolo_train\val\G1\TCS_10\TCS_10_109.bmp,TCS_10
C:\Users\User\Desktop\20210910yolo_train\val\G1\TCS_10\TCS_10_11.bmp,TCS_10
C:\Users\User\Desktop\20210910yolo_train\val\G1\TCS_10\TCS_10_110.bmp,TCS_10
C:\Users\User\Desktop\20210910yolo_train\val\G1\TCS_10\TCS_10_111.bmp,TCS_10
C:\Users\User\Desktop\20210910yolo_train\val\G1\TCS_10\TCS_10_112.bmp,TCS_10
C:\Users\User\Desktop\20210910yolo_train\val\G1\TCS_10\TCS_10_113.bmp,TCS_10
C:\Users\User\Desktop\20210910yolo_train\val\G1\TCS_10\TCS_10_114.bmp,TCS_10
C:\Users\User\Desktop\20210910yolo_train\val\G1\TCS_10\TCS_10_115.bmp,TCS_10
C:\Users\User\Desktop\20210910yolo_train\val\G1\TCS_10\TCS_10_116.bmp,TCS_10
C:\Users\User\Desktop\20210910yolo_train\val\G1\TCS_10\TCS_10_117.bmp,TCS_10
C:\Users\User\Desktop\20210910yolo_train\val\G1\TCS_10\TCS_10_118.bmp,TCS_10
C:\Users\User\Desktop\20210910yolo_train\val\G1\TCS_10\TCS_10_119.bmp,TCS_10
C:\Users\User\Desktop\20210910yolo_train\val\G1\TCS_10\TCS_10_12.bmp,TCS_10
C:\Users\User\Desktop\20210910yolo_train\val\G1\TCS_10\TCS_10_120.bmp,TCS_10
C:\Users\User\Desktop\20210910yolo_train\val\G1\TCS_10\TCS_10_121.bmp,TCS_10
C:\Users\User\Desktop\20210910yolo_train\val\G1\TCS_10\TCS_10_122.bmp,TCS_10
C:\Users\User\Desktop\20210910yolo_train\val\G1\TCS_10\TCS_10_123.bmp,TCS_10
C:\Users\User\Desktop\20210910yolo_train\val\G1\TCS_10\TCS_10_124.bmp,TCS_10
C:\Users\User\Desktop\20210910yolo_train\val\G1\TCS_10\TCS_10_125.bmp,TCS_10
C:\Users\User\Desktop\20210910yolo_train\val\G1\TCS_10\TCS_10_126.bmp,TCS_10
C:\Users\User\Desktop\20210910yolo_train\val\G1\TCS_10\TCS_10_127.bmp,TCS_10
C:\Users\User\Desktop\20210910yolo_train\val\G1\TCS_10\TCS_10_128.bmp,TCS_10
C:\Users\User\Desktop\20210910yolo_train\val\G1\TCS_10\TCS_10_129.bmp,TCS_10
C:\Users\User\Desktop\20210910yolo_train\val\G1\TCS_10\TCS_10_13.bmp,TCS_10
C:\Users\User\Desktop\20210910yolo_train\val\G1\TCS_10\TCS_10_130.bmp,TCS_10
C:\Users\User\Desktop\20210910yolo_train\val\G1\TCS_10\TCS_10_131.bmp,TCS_10
C:\Users\User\Desktop\20210910yolo_train\val\G1\TCS_10\TCS_10_132.bmp,TCS_10
C:\Users\User\Desktop\20210910yolo_train\val\G1\TCS_10\TCS_10_133.bmp,TCS_10
C:\Users\User\Desktop\20210910yolo_train\val\G1\TCS_10\TCS_10_134.bmp,TCS_10
C:\Users\User\Desktop\20210910yolo_train\val\G1\TCS_10\TCS_10_135.bmp,TCS_10
C:\Users\User\Desktop\20210910yolo_train\val\G1\TCS_10\TCS_10_136.bmp,TCS_10
C:\Users\User\Desktop\20210910yolo_train\val\G1\TCS_10\TCS_10_137.bmp,TCS_10
C:\Users\User\Desktop\20210910yolo_train\val\G1\TCS_10\TCS_10_138.bmp,TCS_10
C:\Users\User\Desktop\20210910yolo_train\val\G1\TCS_10\TCS_10_139.bmp,TCS_10
C:\Users\User\Desktop\20210910yolo_train\val\G1\TCS_10\TCS_10_14.bmp,TCS_10
C:\Users\User\Desktop\20210910yolo_train\val\G1\TCS_10\TCS_10_140.bmp,TCS_10
C:\Users\User\Desktop\20210910yolo_train\val\G1\TCS_10\TCS_10_141.bmp,TCS_10
C:\Users\User\Desktop\20210910yolo_train\val\G1\TCS_10\TCS_10_142.bmp,TCS_10
C:\Users\User\Desktop\20210910yolo_train\val\G1\TCS_10\TCS_10_143.bmp,TCS_10
C:\Users\User\Desktop\20210910yolo_train\val\G1\TCS_10\TCS_10_144.bmp,TCS_10
C:\Users\User\Desktop\20210910yolo_train\val\G1\TCS_10\TCS_10_145.bmp,TCS_10
C:\Users\User\Desktop\20210910yolo_train\val\G1\TCS_10\TCS_10_146.bmp,TCS_10
C:\Users\User\Desktop\20210910yolo_train\val\G1\TCS_10\TCS_10_147.bmp,TCS_10
C:\Users\User\Desktop\20210910yolo_train\val\G1\TCS_10\TCS_10_148.bmp,TCS_10
C:\Users\User\Desktop\20210910yolo_train\val\G1\TCS_10\TCS_10_149.bmp,TCS_10
C:\Users\User\Desktop\20210910yolo_train\val\G1\TCS_10\TCS_10_15.bmp,TCS_10
C:\Users\User\Desktop\20210910yolo_train\val\G1\TCS_10\TCS_10_150.bmp,TCS_10
C:\Users\User\Desktop\20210910yolo_train\val\G1\TCS_10\TCS_10_151.bmp,TCS_10
C:\Users\User\Desktop\20210910yolo_train\val\G1\TCS_10\TCS_10_152.bmp,TCS_10
C:\Users\User\Desktop\20210910yolo_train\val\G1\TCS_10\TCS_10_153.bmp,TCS_10
C:\Users\User\Desktop\20210910yolo_train\val\G1\TCS_10\TCS_10_154.bmp,TCS_10
C:\Users\User\Desktop\20210910yolo_train\val\G1\TCS_10\TCS_10_155.bmp,TCS_10
C:\Users\User\Desktop\20210910yolo_train\val\G1\TCS_10\TCS_10_156.bmp,TCS_10
C:\Users\User\Desktop\20210910yolo_train\val\G1\TCS_10\TCS_10_157.bmp,TCS_10
C:\Users\User\Desktop\20210910yolo_train\val\G1\TCS_10\TCS_10_158.bmp,TCS_10
C:\Users\User\Desktop\20210910yolo_train\val\G1\TCS_10\TCS_10_159.bmp,TCS_10
C:\Users\User\Desktop\20210910yolo_train\val\G1\TCS_10\TCS_10_16.bmp,TCS_10
C:\Users\User\Desktop\20210910yolo_train\val\G1\TCS_10\TCS_10_160.bmp,TCS_10
C:\Users\User\Desktop\20210910yolo_train\val\G1\TCS_10\TCS_10_161.bmp,TCS_10
C:\Users\User\Desktop\20210910yolo_train\val\G1\TCS_10\TCS_10_162.bmp,TCS_10
C:\Users\User\Desktop\20210910yolo_train\val\G1\TCS_10\TCS_10_163.bmp,TCS_10
C:\Users\User\Desktop\20210910yolo_train\val\G1\TCS_10\TCS_10_164.bmp,TCS_10
C:\Users\User\Desktop\20210910yolo_train\val\G1\TCS_10\TCS_10_165.bmp,TCS_10
C:\Users\User\Desktop\20210910yolo_train\val\G1\TCS_10\TCS_10_166.bmp,TCS_10
C:\Users\User\Desktop\20210910yolo_train\val\G1\TCS_10\TCS_10_167.bmp,TCS_10
C:\Users\User\Desktop\20210910yolo_train\val\G1\TCS_10\TCS_10_168.bmp,TCS_10
C:\Users\User\Desktop\20210910yolo_train\val\G1\TCS_10\TCS_10_169.bmp,TCS_10
C:\Users\User\Desktop\20210910yolo_train\val\G1\TCS_10\TCS_10_17.bmp,TCS_10
C:\Users\User\Desktop\20210910yolo_train\val\G1\TCS_10\TCS_10_170.bmp,TCS_10
C:\Users\User\Desktop\20210910yolo_train\val\G1\TCS_10\TCS_10_171.bmp,TCS_10
C:\Users\User\Desktop\20210910yolo_train\val\G1\TCS_10\TCS_10_172.bmp,TCS_10
C:\Users\User\Desktop\20210910yolo_train\val\G1\TCS_10\TCS_10_173.bmp,TCS_10
C:\Users\User\Desktop\20210910yolo_train\val\G1\TCS_10\TCS_10_174.bmp,TCS_10
C:\Users\User\Desktop\20210910yolo_train\val\G1\TCS_10\TCS_10_175.bmp,TCS_10
C:\Users\User\Desktop\20210910yolo_train\val\G1\TCS_10\TCS_10_176.bmp,TCS_10
C:\Users\User\Desktop\20210910yolo_train\val\G1\TCS_10\TCS_10_177.bmp,TCS_10
C:\Users\User\Desktop\20210910yolo_train\val\G1\TCS_10\TCS_10_178.bmp,TCS_10
C:\Users\User\Desktop\20210910yolo_train\val\G1\TCS_10\TCS_10_179.bmp,TCS_10
C:\Users\User\Desktop\20210910yolo_train\val\G1\TCS_10\TCS_10_18.bmp,TCS_10
C:\Users\User\Desktop\20210910yolo_train\val\G1\TCS_10\TCS_10_180.bmp,TCS_10
C:\Users\User\Desktop\20210910yolo_train\val\G1\TCS_10\TCS_10_181.bmp,TCS_10
C:\Users\User\Desktop\20210910yolo_train\val\G1\TCS_10\TCS_10_182.bmp,TCS_10
C:\Users\User\Desktop\20210910yolo_train\val\G1\TCS_10\TCS_10_183.bmp,TCS_10
C:\Users\User\Desktop\20210910yolo_train\val\G1\TCS_10\TCS_10_184.bmp,TCS_10
C:\Users\User\Desktop\20210910yolo_train\val\G1\TCS_10\TCS_10_185.bmp,TCS_10
C:\Users\User\Desktop\20210910yolo_train\val\G1\TCS_10\TCS_10_186.bmp,TCS_10
C:\Users\User\Desktop\20210910yolo_train\val\G1\TCS_10\TCS_10_187.bmp,TCS_10
C:\Users\User\Desktop\20210910yolo_train\val\G1\TCS_10\TCS_10_188.bmp,TCS_10
C:\Users\User\Desktop\20210910yolo_train\val\G1\TCS_10\TCS_10_189.bmp,TCS_10
C:\Users\User\Desktop\20210910yolo_train\val\G1\TCS_10\TCS_10_19.bmp,TCS_10
C:\Users\User\Desktop\20210910yolo_train\val\G1\TCS_10\TCS_10_190.bmp,TCS_10
C:\Users\User\Desktop\20210910yolo_train\val\G1\TCS_10\TCS_10_191.bmp,TCS_10
C:\Users\User\Desktop\20210910yolo_train\val\G1\TCS_10\TCS_10_192.bmp,TCS_10
C:\Users\User\Desktop\20210910yolo_train\val\G1\TCS_10\TCS_10_193.bmp,TCS_10
C:\Users\User\Desktop\20210910yolo_train\val\G1\TCS_10\TCS_10_194.bmp,TCS_10
C:\Users\User\Desktop\20210910yolo_train\val\G1\TCS_10\TCS_10_195.bmp,TCS_10
C:\Users\User\Desktop\20210910yolo_train\val\G1\TCS_10\TCS_10_196.bmp,TCS_10
C:\Users\User\Desktop\20210910yolo_train\val\G1\TCS_10\TCS_10_197.bmp,TCS_10
C:\Users\User\Desktop\20210910yolo_train\val\G1\TCS_10\TCS_10_198.bmp,TCS_10
C:\Users\User\Desktop\20210910yolo_train\val\G1\TCS_10\TCS_10_199.bmp,TCS_10
C:\Users\User\Desktop\20210910yolo_train\val\G1\TCS_10\TCS_10_2.bmp,TCS_10
C:\Users\User\Desktop\20210910yolo_train\val\G1\TCS_10\TCS_10_20.bmp,TCS_10
C:\Users\User\Desktop\20210910yolo_train\val\G1\TCS_10\TCS_10_200.bmp,TCS_10
C:\Users\User\Desktop\20210910yolo_train\val\G1\TCS_10\TCS_10_201.bmp,TCS_10
C:\Users\User\Desktop\20210910yolo_train\val\G1\TCS_10\TCS_10_202.bmp,TCS_10
C:\Users\User\Desktop\20210910yolo_train\val\G1\TCS_10\TCS_10_203.bmp,TCS_10
C:\Users\User\Desktop\20210910yolo_train\val\G1\TCS_10\TCS_10_204.bmp,TCS_10
C:\Users\User\Desktop\20210910yolo_train\val\G1\TCS_10\TCS_10_205.bmp,TCS_10
C:\Users\User\Desktop\20210910yolo_train\val\G1\TCS_10\TCS_10_206.bmp,TCS_10
C:\Users\User\Desktop\20210910yolo_train\val\G1\TCS_10\TCS_10_207.bmp,TCS_10
C:\Users\User\Desktop\20210910yolo_train\val\G1\TCS_10\TCS_10_208.bmp,TCS_10
C:\Users\User\Desktop\20210910yolo_train\val\G1\TCS_10\TCS_10_209.bmp,TCS_10
C:\Users\User\Desktop\20210910yolo_train\val\G1\TCS_10\TCS_10_21.bmp,TCS_10
C:\Users\User\Desktop\20210910yolo_train\val\G1\TCS_10\TCS_10_210.bmp,TCS_10
C:\Users\User\Desktop\20210910yolo_train\val\G1\TCS_10\TCS_10_211.bmp,TCS_10
C:\Users\User\Desktop\20210910yolo_train\val\G1\TCS_10\TCS_10_212.bmp,TCS_10
C:\Users\User\Desktop\20210910yolo_train\val\G1\TCS_10\TCS_10_213.bmp,TCS_10
C:\Users\User\Desktop\20210910yolo_train\val\G1\TCS_10\TCS_10_214.bmp,TCS_10
C:\Users\User\Desktop\20210910yolo_train\val\G1\TCS_10\TCS_10_215.bmp,TCS_10
C:\Users\User\Desktop\20210910yolo_train\val\G1\TCS_10\TCS_10_216.bmp,TCS_10
C:\Users\User\Desktop\20210910yolo_train\val\G1\TCS_10\TCS_10_217.bmp,TCS_10
C:\Users\User\Desktop\20210910yolo_train\val\G1\TCS_10\TCS_10_218.bmp,TCS_10
C:\Users\User\Desktop\20210910yolo_train\val\G1\TCS_10\TCS_10_219.bmp,TCS_10
C:\Users\User\Desktop\20210910yolo_train\val\G1\TCS_10\TCS_10_22.bmp,TCS_10
C:\Users\User\Desktop\20210910yolo_train\val\G1\TCS_10\TCS_10_220.bmp,TCS_10
C:\Users\User\Desktop\20210910yolo_train\val\G1\TCS_10\TCS_10_221.bmp,TCS_10
C:\Users\User\Desktop\20210910yolo_train\val\G1\TCS_10\TCS_10_222.bmp,TCS_10
C:\Users\User\Desktop\20210910yolo_train\val\G1\TCS_10\TCS_10_223.bmp,TCS_10
C:\Users\User\Desktop\20210910yolo_train\val\G1\TCS_10\TCS_10_224.bmp,TCS_10
C:\Users\User\Desktop\20210910yolo_train\val\G1\TCS_10\TCS_10_225.bmp,TCS_10
C:\Users\User\Desktop\20210910yolo_train\val\G1\TCS_10\TCS_10_226.bmp,TCS_10
C:\Users\User\Desktop\20210910yolo_train\val\G1\TCS_10\TCS_10_227.bmp,TCS_10
C:\Users\User\Desktop\20210910yolo_train\val\G1\TCS_10\TCS_10_228.bmp,TCS_10
C:\Users\User\Desktop\20210910yolo_train\val\G1\TCS_10\TCS_10_229.bmp,TCS_10
C:\Users\User\Desktop\20210910yolo_train\val\G1\TCS_10\TCS_10_23.bmp,TCS_10
C:\Users\User\Desktop\20210910yolo_train\val\G1\TCS_10\TCS_10_230.bmp,TCS_10
C:\Users\User\Desktop\20210910yolo_train\val\G1\TCS_10\TCS_10_231.bmp,TCS_10
C:\Users\User\Desktop\20210910yolo_train\val\G1\TCS_10\TCS_10_232.bmp,TCS_10
C:\Users\User\Desktop\20210910yolo_train\val\G1\TCS_10\TCS_10_233.bmp,TCS_10
C:\Users\User\Desktop\20210910yolo_train\val\G1\TCS_10\TCS_10_234.bmp,TCS_10
C:\Users\User\Desktop\20210910yolo_train\val\G1\TCS_10\TCS_10_235.bmp,TCS_10
C:\Users\User\Desktop\20210910yolo_train\val\G1\TCS_10\TCS_10_236.bmp,TCS_10
C:\Users\User\Desktop\20210910yolo_train\val\G1\TCS_10\TCS_10_237.bmp,TCS_10
C:\Users\User\Desktop\20210910yolo_train\val\G1\TCS_10\TCS_10_238.bmp,TCS_10
C:\Users\User\Desktop\20210910yolo_train\val\G1\TCS_10\TCS_10_239.bmp,TCS_10
C:\Users\User\Desktop\20210910yolo_train\val\G1\TCS_10\TCS_10_24.bmp,TCS_10
C:\Users\User\Desktop\20210910yolo_train\val\G1\TCS_10\TCS_10_240.bmp,TCS_10
C:\Users\User\Desktop\20210910yolo_train\val\G1\TCS_10\TCS_10_241.bmp,TCS_10
C:\Users\User\Desktop\20210910yolo_train\val\G1\TCS_10\TCS_10_242.bmp,TCS_10
C:\Users\User\Desktop\20210910yolo_train\val\G1\TCS_10\TCS_10_243.bmp,TCS_10
C:\Users\User\Desktop\20210910yolo_train\val\G1\TCS_10\TCS_10_244.bmp,TCS_10
C:\Users\User\Desktop\20210910yolo_train\val\G1\TCS_10\TCS_10_245.bmp,TCS_10
C:\Users\User\Desktop\20210910yolo_train\val\G1\TCS_10\TCS_10_246.bmp,TCS_10
C:\Users\User\Desktop\20210910yolo_train\val\G1\TCS_10\TCS_10_247.bmp,TCS_10
C:\Users\User\Desktop\20210910yolo_train\val\G1\TCS_10\TCS_10_248.bmp,TCS_10
C:\Users\User\Desktop\20210910yolo_train\val\G1\TCS_10\TCS_10_249.bmp,TCS_10
C:\Users\User\Desktop\20210910yolo_train\val\G1\TCS_10\TCS_10_25.bmp,TCS_10
C:\Users\User\Desktop\20210910yolo_train\val\G1\TCS_10\TCS_10_250.bmp,TCS_10
C:\Users\User\Desktop\20210910yolo_train\val\G1\TCS_10\TCS_10_251.bmp,TCS_10
C:\Users\User\Desktop\20210910yolo_train\val\G1\TCS_10\TCS_10_252.bmp,TCS_10
C:\Users\User\Desktop\20210910yolo_train\val\G1\TCS_10\TCS_10_253.bmp,TCS_10
C:\Users\User\Desktop\20210910yolo_train\val\G1\TCS_10\TCS_10_254.bmp,TCS_10
C:\Users\User\Desktop\20210910yolo_train\val\G1\TCS_10\TCS_10_255.bmp,TCS_10
C:\Users\User\Desktop\20210910yolo_train\val\G1\TCS_10\TCS_10_256.bmp,TCS_10
C:\Users\User\Desktop\20210910yolo_train\val\G1\TCS_10\TCS_10_257.bmp,TCS_10
C:\Users\User\Desktop\20210910yolo_train\val\G1\TCS_10\TCS_10_258.bmp,TCS_10
C:\Users\User\Desktop\20210910yolo_train\val\G1\TCS_10\TCS_10_259.bmp,TCS_10
C:\Users\User\Desktop\20210910yolo_train\val\G1\TCS_10\TCS_10_26.bmp,TCS_10
C:\Users\User\Desktop\20210910yolo_train\val\G1\TCS_10\TCS_10_260.bmp,TCS_10
C:\Users\User\Desktop\20210910yolo_train\val\G1\TCS_10\TCS_10_261.bmp,TCS_10
C:\Users\User\Desktop\20210910yolo_train\val\G1\TCS_10\TCS_10_262.bmp,TCS_10
C:\Users\User\Desktop\20210910yolo_train\val\G1\TCS_10\TCS_10_263.bmp,TCS_10
C:\Users\User\Desktop\20210910yolo_train\val\G1\TCS_10\TCS_10_264.bmp,TCS_10
C:\Users\User\Desktop\20210910yolo_train\val\G1\TCS_10\TCS_10_265.bmp,TCS_10
C:\Users\User\Desktop\20210910yolo_train\val\G1\TCS_10\TCS_10_266.bmp,TCS_10
C:\Users\User\Desktop\20210910yolo_train\val\G1\TCS_10\TCS_10_267.bmp,TCS_10
C:\Users\User\Desktop\20210910yolo_train\val\G1\TCS_10\TCS_10_268.bmp,TCS_10
C:\Users\User\Desktop\20210910yolo_train\val\G1\TCS_10\TCS_10_269.bmp,TCS_10
C:\Users\User\Desktop\20210910yolo_train\val\G1\TCS_10\TCS_10_27.bmp,TCS_10
C:\Users\User\Desktop\20210910yolo_train\val\G1\TCS_10\TCS_10_270.bmp,TCS_10
C:\Users\User\Desktop\20210910yolo_train\val\G1\TCS_10\TCS_10_271.bmp,TCS_10
C:\Users\User\Desktop\20210910yolo_train\val\G1\TCS_10\TCS_10_272.bmp,TCS_10
C:\Users\User\Desktop\20210910yolo_train\val\G1\TCS_10\TCS_10_273.bmp,TCS_10
C:\Users\User\Desktop\20210910yolo_train\val\G1\TCS_10\TCS_10_274.bmp,TCS_10
C:\Users\User\Desktop\20210910yolo_train\val\G1\TCS_10\TCS_10_275.bmp,TCS_10
C:\Users\User\Desktop\20210910yolo_train\val\G1\TCS_10\TCS_10_276.bmp,TCS_10
C:\Users\User\Desktop\20210910yolo_train\val\G1\TCS_10\TCS_10_277.bmp,TCS_10
C:\Users\User\Desktop\20210910yolo_train\val\G1\TCS_10\TCS_10_278.bmp,TCS_10
C:\Users\User\Desktop\20210910yolo_train\val\G1\TCS_10\TCS_10_279.bmp,TCS_10
C:\Users\User\Desktop\20210910yolo_train\val\G1\TCS_10\TCS_10_28.bmp,TCS_10
C:\Users\User\Desktop\20210910yolo_train\val\G1\TCS_10\TCS_10_280.bmp,TCS_10
C:\Users\User\Desktop\20210910yolo_train\val\G1\TCS_10\TCS_10_281.bmp,TCS_10
C:\Users\User\Desktop\20210910yolo_train\val\G1\TCS_10\TCS_10_282.bmp,TCS_10
C:\Users\User\Desktop\20210910yolo_train\val\G1\TCS_10\TCS_10_283.bmp,TCS_10
C:\Users\User\Desktop\20210910yolo_train\val\G1\TCS_10\TCS_10_284.bmp,TCS_10
C:\Users\User\Desktop\20210910yolo_train\val\G1\TCS_10\TCS_10_285.bmp,TCS_10
C:\Users\User\Desktop\20210910yolo_train\val\G1\TCS_10\TCS_10_286.bmp,TCS_10
C:\Users\User\Desktop\20210910yolo_train\val\G1\TCS_10\TCS_10_287.bmp,TCS_10
C:\Users\User\Desktop\20210910yolo_train\val\G1\TCS_10\TCS_10_288.bmp,TCS_10
C:\Users\User\Desktop\20210910yolo_train\val\G1\TCS_10\TCS_10_289.bmp,TCS_10
C:\Users\User\Desktop\20210910yolo_train\val\G1\TCS_10\TCS_10_29.bmp,TCS_10
C:\Users\User\Desktop\20210910yolo_train\val\G1\TCS_10\TCS_10_290.bmp,TCS_10
C:\Users\User\Desktop\20210910yolo_train\val\G1\TCS_10\TCS_10_291.bmp,TCS_10
C:\Users\User\Desktop\20210910yolo_train\val\G1\TCS_10\TCS_10_292.bmp,TCS_10
C:\Users\User\Desktop\20210910yolo_train\val\G1\TCS_10\TCS_10_293.bmp,TCS_10
C:\Users\User\Desktop\20210910yolo_train\val\G1\TCS_10\TCS_10_294.bmp,TCS_10
C:\Users\User\Desktop\20210910yolo_train\val\G1\TCS_10\TCS_10_295.bmp,TCS_10
C:\Users\User\Desktop\20210910yolo_train\val\G1\TCS_10\TCS_10_296.bmp,TCS_10
C:\Users\User\Desktop\20210910yolo_train\val\G1\TCS_10\TCS_10_297.bmp,TCS_10
C:\Users\User\Desktop\20210910yolo_train\val\G1\TCS_10\TCS_10_298.bmp,TCS_10
C:\Users\User\Desktop\20210910yolo_train\val\G1\TCS_10\TCS_10_299.bmp,TCS_10
C:\Users\User\Desktop\20210910yolo_train\val\G1\TCS_10\TCS_10_3.bmp,TCS_10
C:\Users\User\Desktop\20210910yolo_train\val\G1\TCS_10\TCS_10_30.bmp,TCS_10
C:\Users\User\Desktop\20210910yolo_train\val\G1\TCS_10\TCS_10_300.bmp,TCS_10
C:\Users\User\Desktop\20210910yolo_train\val\G1\TCS_10\TCS_10_301.bmp,TCS_10
C:\Users\User\Desktop\20210910yolo_train\val\G1\TCS_10\TCS_10_302.bmp,TCS_10
C:\Users\User\Desktop\20210910yolo_train\val\G1\TCS_10\TCS_10_303.bmp,TCS_10
C:\Users\User\Desktop\20210910yolo_train\val\G1\TCS_10\TCS_10_304.bmp,TCS_10
C:\Users\User\Desktop\20210910yolo_train\val\G1\TCS_10\TCS_10_305.bmp,TCS_10
C:\Users\User\Desktop\20210910yolo_train\val\G1\TCS_10\TCS_10_306.bmp,TCS_10
C:\Users\User\Desktop\20210910yolo_train\val\G1\TCS_10\TCS_10_307.bmp,TCS_10
C:\Users\User\Desktop\20210910yolo_train\val\G1\TCS_10\TCS_10_308.bmp,TCS_10
C:\Users\User\Desktop\20210910yolo_train\val\G1\TCS_10\TCS_10_309.bmp,TCS_10
C:\Users\User\Desktop\20210910yolo_train\val\G1\TCS_10\TCS_10_31.bmp,TCS_10
C:\Users\User\Desktop\20210910yolo_train\val\G1\TCS_10\TCS_10_310.bmp,TCS_10
C:\Users\User\Desktop\20210910yolo_train\val\G1\TCS_10\TCS_10_311.bmp,TCS_10
C:\Users\User\Desktop\20210910yolo_train\val\G1\TCS_10\TCS_10_312.bmp,TCS_10
C:\Users\User\Desktop\20210910yolo_train\val\G1\TCS_10\TCS_10_313.bmp,TCS_10
C:\Users\User\Desktop\20210910yolo_train\val\G1\TCS_10\TCS_10_314.bmp,TCS_10
C:\Users\User\Desktop\20210910yolo_train\val\G1\TCS_10\TCS_10_315.bmp,TCS_10
C:\Users\User\Desktop\20210910yolo_train\val\G1\TCS_10\TCS_10_316.bmp,TCS_10
C:\Users\User\Desktop\20210910yolo_train\val\G1\TCS_10\TCS_10_317.bmp,TCS_10
C:\Users\User\Desktop\20210910yolo_train\val\G1\TCS_10\TCS_10_318.bmp,TCS_10
C:\Users\User\Desktop\20210910yolo_train\val\G1\TCS_10\TCS_10_319.bmp,TCS_10
C:\Users\User\Desktop\20210910yolo_train\val\G1\TCS_10\TCS_10_32.bmp,TCS_10
C:\Users\User\Desktop\20210910yolo_train\val\G1\TCS_10\TCS_10_320.bmp,TCS_10
C:\Users\User\Desktop\20210910yolo_train\val\G1\TCS_10\TCS_10_321.bmp,TCS_10
C:\Users\User\Desktop\20210910yolo_train\val\G1\TCS_10\TCS_10_322.bmp,TCS_10
C:\Users\User\Desktop\20210910yolo_train\val\G1\TCS_10\TCS_10_323.bmp,TCS_10
C:\Users\User\Desktop\20210910yolo_train\val\G1\TCS_10\TCS_10_324.bmp,TCS_10
C:\Users\User\Desktop\20210910yolo_train\val\G1\TCS_10\TCS_10_325.bmp,TCS_10
C:\Users\User\Desktop\20210910yolo_train\val\G1\TCS_10\TCS_10_326.bmp,TCS_10
C:\Users\User\Desktop\20210910yolo_train\val\G1\TCS_10\TCS_10_327.bmp,TCS_10
C:\Users\User\Desktop\20210910yolo_train\val\G1\TCS_10\TCS_10_328.bmp,TCS_10
C:\Users\User\Desktop\20210910yolo_train\val\G1\TCS_10\TCS_10_329.bmp,TCS_10
C:\Users\User\Desktop\20210910yolo_train\val\G1\TCS_10\TCS_10_33.bmp,TCS_10
C:\Users\User\Desktop\20210910yolo_train\val\G1\TCS_10\TCS_10_330.bmp,TCS_10
C:\Users\User\Desktop\20210910yolo_train\val\G1\TCS_10\TCS_10_331.bmp,TCS_10
C:\Users\User\Desktop\20210910yolo_train\val\G1\TCS_10\TCS_10_332.bmp,TCS_10
C:\Users\User\Desktop\20210910yolo_train\val\G1\TCS_10\TCS_10_333.bmp,TCS_10
C:\Users\User\Desktop\20210910yolo_train\val\G1\TCS_10\TCS_10_334.bmp,TCS_10
C:\Users\User\Desktop\20210910yolo_train\val\G1\TCS_10\TCS_10_335.bmp,TCS_10
C:\Users\User\Desktop\20210910yolo_train\val\G1\TCS_10\TCS_10_336.bmp,TCS_10
C:\Users\User\Desktop\20210910yolo_train\val\G1\TCS_10\TCS_10_337.bmp,TCS_10
C:\Users\User\Desktop\20210910yolo_train\val\G1\TCS_10\TCS_10_338.bmp,TCS_10
C:\Users\User\Desktop\20210910yolo_train\val\G1\TCS_10\TCS_10_339.bmp,TCS_10
C:\Users\User\Desktop\20210910yolo_train\val\G1\TCS_10\TCS_10_34.bmp,TCS_10
C:\Users\User\Desktop\20210910yolo_train\val\G1\TCS_10\TCS_10_340.bmp,TCS_10
C:\Users\User\Desktop\20210910yolo_train\val\G1\TCS_10\TCS_10_341.bmp,TCS_10
C:\Users\User\Desktop\20210910yolo_train\val\G1\TCS_10\TCS_10_342.bmp,TCS_10
C:\Users\User\Desktop\20210910yolo_train\val\G1\TCS_10\TCS_10_343.bmp,TCS_10
C:\Users\User\Desktop\20210910yolo_train\val\G1\TCS_10\TCS_10_344.bmp,TCS_10
C:\Users\User\Desktop\20210910yolo_train\val\G1\TCS_10\TCS_10_345.bmp,TCS_10
C:\Users\User\Desktop\20210910yolo_train\val\G1\TCS_10\TCS_10_346.bmp,TCS_10
C:\Users\User\Desktop\20210910yolo_train\val\G1\TCS_10\TCS_10_347.bmp,TCS_10
C:\Users\User\Desktop\20210910yolo_train\val\G1\TCS_10\TCS_10_348.bmp,TCS_10
C:\Users\User\Desktop\20210910yolo_train\val\G1\TCS_10\TCS_10_349.bmp,TCS_10
C:\Users\User\Desktop\20210910yolo_train\val\G1\TCS_10\TCS_10_35.bmp,TCS_10
C:\Users\User\Desktop\20210910yolo_train\val\G1\TCS_10\TCS_10_350.bmp,TCS_10
C:\Users\User\Desktop\20210910yolo_train\val\G1\TCS_10\TCS_10_351.bmp,TCS_10
C:\Users\User\Desktop\20210910yolo_train\val\G1\TCS_10\TCS_10_352.bmp,TCS_10
C:\Users\User\Desktop\20210910yolo_train\val\G1\TCS_10\TCS_10_353.bmp,TCS_10
C:\Users\User\Desktop\20210910yolo_train\val\G1\TCS_10\TCS_10_354.bmp,TCS_10
C:\Users\User\Desktop\20210910yolo_train\val\G1\TCS_10\TCS_10_355.bmp,TCS_10
C:\Users\User\Desktop\20210910yolo_train\val\G1\TCS_10\TCS_10_356.bmp,TCS_10
C:\Users\User\Desktop\20210910yolo_train\val\G1\TCS_10\TCS_10_357.bmp,TCS_10
C:\Users\User\Desktop\20210910yolo_train\val\G1\TCS_10\TCS_10_358.bmp,TCS_10
C:\Users\User\Desktop\20210910yolo_train\val\G1\TCS_10\TCS_10_359.bmp,TCS_10
C:\Users\User\Desktop\20210910yolo_train\val\G1\TCS_10\TCS_10_36.bmp,TCS_10
C:\Users\User\Desktop\20210910yolo_train\val\G1\TCS_10\TCS_10_360.bmp,TCS_10
C:\Users\User\Desktop\20210910yolo_train\val\G1\TCS_10\TCS_10_361.bmp,TCS_10
C:\Users\User\Desktop\20210910yolo_train\val\G1\TCS_10\TCS_10_362.bmp,TCS_10
C:\Users\User\Desktop\20210910yolo_train\val\G1\TCS_10\TCS_10_363.bmp,TCS_10
C:\Users\User\Desktop\20210910yolo_train\val\G1\TCS_10\TCS_10_364.bmp,TCS_10
C:\Users\User\Desktop\20210910yolo_train\val\G1\TCS_10\TCS_10_365.bmp,TCS_10
C:\Users\User\Desktop\20210910yolo_train\val\G1\TCS_10\TCS_10_366.bmp,TCS_10
C:\Users\User\Desktop\20210910yolo_train\val\G1\TCS_10\TCS_10_367.bmp,TCS_10
C:\Users\User\Desktop\20210910yolo_train\val\G1\TCS_10\TCS_10_368.bmp,TCS_10
C:\Users\User\Desktop\20210910yolo_train\val\G1\TCS_10\TCS_10_369.bmp,TCS_10
C:\Users\User\Desktop\20210910yolo_train\val\G1\TCS_10\TCS_10_37.bmp,TCS_10
C:\Users\User\Desktop\20210910yolo_train\val\G1\TCS_10\TCS_10_370.bmp,TCS_10
C:\Users\User\Desktop\20210910yolo_train\val\G1\TCS_10\TCS_10_371.bmp,TCS_10
C:\Users\User\Desktop\20210910yolo_train\val\G1\TCS_10\TCS_10_372.bmp,TCS_10
C:\Users\User\Desktop\20210910yolo_train\val\G1\TCS_10\TCS_10_373.bmp,TCS_10
C:\Users\User\Desktop\20210910yolo_train\val\G1\TCS_10\TCS_10_374.bmp,TCS_10
C:\Users\User\Desktop\20210910yolo_train\val\G1\TCS_10\TCS_10_375.bmp,TCS_10
C:\Users\User\Desktop\20210910yolo_train\val\G1\TCS_10\TCS_10_376.bmp,TCS_10
C:\Users\User\Desktop\20210910yolo_train\val\G1\TCS_10\TCS_10_377.bmp,TCS_10
C:\Users\User\Desktop\20210910yolo_train\val\G1\TCS_10\TCS_10_378.bmp,TCS_10
C:\Users\User\Desktop\20210910yolo_train\val\G1\TCS_10\TCS_10_379.bmp,TCS_10
C:\Users\User\Desktop\20210910yolo_train\val\G1\TCS_10\TCS_10_38.bmp,TCS_10
C:\Users\User\Desktop\20210910yolo_train\val\G1\TCS_10\TCS_10_380.bmp,TCS_10
C:\Users\User\Desktop\20210910yolo_train\val\G1\TCS_10\TCS_10_381.bmp,TCS_10
C:\Users\User\Desktop\20210910yolo_train\val\G1\TCS_10\TCS_10_382.bmp,TCS_10
C:\Users\User\Desktop\20210910yolo_train\val\G1\TCS_10\TCS_10_383.bmp,TCS_10
C:\Users\User\Desktop\20210910yolo_train\val\G1\TCS_10\TCS_10_384.bmp,TCS_10
C:\Users\User\Desktop\20210910yolo_train\val\G1\TCS_10\TCS_10_385.bmp,TCS_10
C:\Users\User\Desktop\20210910yolo_train\val\G1\TCS_10\TCS_10_386.bmp,TCS_10
C:\Users\User\Desktop\20210910yolo_train\val\G1\TCS_10\TCS_10_387.bmp,TCS_10
C:\Users\User\Desktop\20210910yolo_train\val\G1\TCS_10\TCS_10_388.bmp,TCS_10
C:\Users\User\Desktop\20210910yolo_train\val\G1\TCS_10\TCS_10_389.bmp,TCS_10
C:\Users\User\Desktop\20210910yolo_train\val\G1\TCS_10\TCS_10_39.bmp,TCS_10
C:\Users\User\Desktop\20210910yolo_train\val\G1\TCS_10\TCS_10_390.bmp,TCS_10
C:\Users\User\Desktop\20210910yolo_train\val\G1\TCS_10\TCS_10_391.bmp,TCS_10
C:\Users\User\Desktop\20210910yolo_train\val\G1\TCS_10\TCS_10_392.bmp,TCS_10
C:\Users\User\Desktop\20210910yolo_train\val\G1\TCS_10\TCS_10_393.bmp,TCS_10
C:\Users\User\Desktop\20210910yolo_train\val\G1\TCS_10\TCS_10_394.bmp,TCS_10
C:\Users\User\Desktop\20210910yolo_train\val\G1\TCS_10\TCS_10_395.bmp,TCS_10
C:\Users\User\Desktop\20210910yolo_train\val\G1\TCS_10\TCS_10_396.bmp,TCS_10
C:\Users\User\Desktop\20210910yolo_train\val\G1\TCS_10\TCS_10_397.bmp,TCS_10
C:\Users\User\Desktop\20210910yolo_train\val\G1\TCS_10\TCS_10_398.bmp,TCS_10
C:\Users\User\Desktop\20210910yolo_train\val\G1\TCS_10\TCS_10_399.bmp,TCS_10
C:\Users\User\Desktop\20210910yolo_train\val\G1\TCS_10\TCS_10_4.bmp,TCS_10
C:\Users\User\Desktop\20210910yolo_train\val\G1\TCS_10\TCS_10_40.bmp,TCS_10
C:\Users\User\Desktop\20210910yolo_train\val\G1\TCS_10\TCS_10_400.bmp,TCS_10
C:\Users\User\Desktop\20210910yolo_train\val\G1\TCS_10\TCS_10_401.bmp,TCS_10
C:\Users\User\Desktop\20210910yolo_train\val\G1\TCS_10\TCS_10_402.bmp,TCS_10
C:\Users\User\Desktop\20210910yolo_train\val\G1\TCS_10\TCS_10_403.bmp,TCS_10
C:\Users\User\Desktop\20210910yolo_train\val\G1\TCS_10\TCS_10_404.bmp,TCS_10
C:\Users\User\Desktop\20210910yolo_train\val\G1\TCS_10\TCS_10_405.bmp,TCS_10
C:\Users\User\Desktop\20210910yolo_train\val\G1\TCS_10\TCS_10_406.bmp,TCS_10
C:\Users\User\Desktop\20210910yolo_train\val\G1\TCS_10\TCS_10_407.bmp,TCS_10
C:\Users\User\Desktop\20210910yolo_train\val\G1\TCS_10\TCS_10_408.bmp,TCS_10
C:\Users\User\Desktop\20210910yolo_train\val\G1\TCS_10\TCS_10_409.bmp,TCS_10
C:\Users\User\Desktop\20210910yolo_train\val\G1\TCS_10\TCS_10_41.bmp,TCS_10
C:\Users\User\Desktop\20210910yolo_train\val\G1\TCS_10\TCS_10_410.bmp,TCS_10
C:\Users\User\Desktop\20210910yolo_train\val\G1\TCS_10\TCS_10_411.bmp,TCS_10
C:\Users\User\Desktop\20210910yolo_train\val\G1\TCS_10\TCS_10_412.bmp,TCS_10
C:\Users\User\Desktop\20210910yolo_train\val\G1\TCS_10\TCS_10_413.bmp,TCS_10
C:\Users\User\Desktop\20210910yolo_train\val\G1\TCS_10\TCS_10_414.bmp,TCS_10
C:\Users\User\Desktop\20210910yolo_train\val\G1\TCS_10\TCS_10_415.bmp,TCS_10
C:\Users\User\Desktop\20210910yolo_train\val\G1\TCS_10\TCS_10_416.bmp,TCS_10
C:\Users\User\Desktop\20210910yolo_train\val\G1\TCS_10\TCS_10_417.bmp,TCS_10
C:\Users\User\Desktop\20210910yolo_train\val\G1\TCS_10\TCS_10_418.bmp,TCS_10
C:\Users\User\Desktop\20210910yolo_train\val\G1\TCS_10\TCS_10_419.bmp,TCS_10
C:\Users\User\Desktop\20210910yolo_train\val\G1\TCS_10\TCS_10_42.bmp,TCS_10
C:\Users\User\Desktop\20210910yolo_train\val\G1\TCS_10\TCS_10_420.bmp,TCS_10
C:\Users\User\Desktop\20210910yolo_train\val\G1\TCS_10\TCS_10_421.bmp,TCS_10
C:\Users\User\Desktop\20210910yolo_train\val\G1\TCS_10\TCS_10_422.bmp,TCS_10
C:\Users\User\Desktop\20210910yolo_train\val\G1\TCS_10\TCS_10_423.bmp,TCS_10
C:\Users\User\Desktop\20210910yolo_train\val\G1\TCS_10\TCS_10_424.bmp,TCS_10
C:\Users\User\Desktop\20210910yolo_train\val\G1\TCS_10\TCS_10_425.bmp,TCS_10
C:\Users\User\Desktop\20210910yolo_train\val\G1\TCS_10\TCS_10_426.bmp,TCS_10
C:\Users\User\Desktop\20210910yolo_train\val\G1\TCS_10\TCS_10_427.bmp,TCS_10
C:\Users\User\Desktop\20210910yolo_train\val\G1\TCS_10\TCS_10_428.bmp,TCS_10
C:\Users\User\Desktop\20210910yolo_train\val\G1\TCS_10\TCS_10_429.bmp,TCS_10
C:\Users\User\Desktop\20210910yolo_train\val\G1\TCS_10\TCS_10_43.bmp,TCS_10
C:\Users\User\Desktop\20210910yolo_train\val\G1\TCS_10\TCS_10_430.bmp,TCS_10
C:\Users\User\Desktop\20210910yolo_train\val\G1\TCS_10\TCS_10_431.bmp,TCS_10
C:\Users\User\Desktop\20210910yolo_train\val\G1\TCS_10\TCS_10_432.bmp,TCS_10
C:\Users\User\Desktop\20210910yolo_train\val\G1\TCS_10\TCS_10_433.bmp,TCS_10
C:\Users\User\Desktop\20210910yolo_train\val\G1\TCS_10\TCS_10_434.bmp,TCS_10
C:\Users\User\Desktop\20210910yolo_train\val\G1\TCS_10\TCS_10_435.bmp,TCS_10
C:\Users\User\Desktop\20210910yolo_train\val\G1\TCS_10\TCS_10_436.bmp,TCS_10
C:\Users\User\Desktop\20210910yolo_train\val\G1\TCS_10\TCS_10_437.bmp,TCS_10
C:\Users\User\Desktop\20210910yolo_train\val\G1\TCS_10\TCS_10_438.bmp,TCS_10
C:\Users\User\Desktop\20210910yolo_train\val\G1\TCS_10\TCS_10_439.bmp,TCS_10
C:\Users\User\Desktop\20210910yolo_train\val\G1\TCS_10\TCS_10_44.bmp,TCS_10
C:\Users\User\Desktop\20210910yolo_train\val\G1\TCS_10\TCS_10_440.bmp,TCS_10
C:\Users\User\Desktop\20210910yolo_train\val\G1\TCS_10\TCS_10_441.bmp,TCS_10
C:\Users\User\Desktop\20210910yolo_train\val\G1\TCS_10\TCS_10_442.bmp,TCS_10
C:\Users\User\Desktop\20210910yolo_train\val\G1\TCS_10\TCS_10_443.bmp,TCS_10
C:\Users\User\Desktop\20210910yolo_train\val\G1\TCS_10\TCS_10_444.bmp,TCS_10
C:\Users\User\Desktop\20210910yolo_train\val\G1\TCS_10\TCS_10_445.bmp,TCS_10
C:\Users\User\Desktop\20210910yolo_train\val\G1\TCS_10\TCS_10_446.bmp,TCS_10
C:\Users\User\Desktop\20210910yolo_train\val\G1\TCS_10\TCS_10_447.bmp,TCS_10
C:\Users\User\Desktop\20210910yolo_train\val\G1\TCS_10\TCS_10_448.bmp,TCS_10
C:\Users\User\Desktop\20210910yolo_train\val\G1\TCS_10\TCS_10_449.bmp,TCS_10
C:\Users\User\Desktop\20210910yolo_train\val\G1\TCS_10\TCS_10_45.bmp,TCS_10
C:\Users\User\Desktop\20210910yolo_train\val\G1\TCS_10\TCS_10_450.bmp,TCS_10
C:\Users\User\Desktop\20210910yolo_train\val\G1\TCS_10\TCS_10_451.bmp,TCS_10
C:\Users\User\Desktop\20210910yolo_train\val\G1\TCS_10\TCS_10_452.bmp,TCS_10
C:\Users\User\Desktop\20210910yolo_train\val\G1\TCS_10\TCS_10_453.bmp,TCS_10
C:\Users\User\Desktop\20210910yolo_train\val\G1\TCS_10\TCS_10_454.bmp,TCS_10
C:\Users\User\Desktop\20210910yolo_train\val\G1\TCS_10\TCS_10_455.bmp,TCS_10
C:\Users\User\Desktop\20210910yolo_train\val\G1\TCS_10\TCS_10_456.bmp,TCS_10
C:\Users\User\Desktop\20210910yolo_train\val\G1\TCS_10\TCS_10_457.bmp,TCS_10
C:\Users\User\Desktop\20210910yolo_train\val\G1\TCS_10\TCS_10_458.bmp,TCS_10
C:\Users\User\Desktop\20210910yolo_train\val\G1\TCS_10\TCS_10_459.bmp,TCS_10
C:\Users\User\Desktop\20210910yolo_train\val\G1\TCS_10\TCS_10_46.bmp,TCS_10
C:\Users\User\Desktop\20210910yolo_train\val\G1\TCS_10\TCS_10_460.bmp,TCS_10
C:\Users\User\Desktop\20210910yolo_train\val\G1\TCS_10\TCS_10_461.bmp,TCS_10
C:\Users\User\Desktop\20210910yolo_train\val\G1\TCS_10\TCS_10_462.bmp,TCS_10
C:\Users\User\Desktop\20210910yolo_train\val\G1\TCS_10\TCS_10_463.bmp,TCS_10
C:\Users\User\Desktop\20210910yolo_train\val\G1\TCS_10\TCS_10_464.bmp,TCS_10
C:\Users\User\Desktop\20210910yolo_train\val\G1\TCS_10\TCS_10_465.bmp,TCS_10
C:\Users\User\Desktop\20210910yolo_train\val\G1\TCS_10\TCS_10_466.bmp,TCS_10
C:\Users\User\Desktop\20210910yolo_train\val\G1\TCS_10\TCS_10_467.bmp,TCS_10
C:\Users\User\Desktop\20210910yolo_train\val\G1\TCS_10\TCS_10_468.bmp,TCS_10
C:\Users\User\Desktop\20210910yolo_train\val\G1\TCS_10\TCS_10_469.bmp,TCS_10
C:\Users\User\Desktop\20210910yolo_train\val\G1\TCS_10\TCS_10_47.bmp,TCS_10
C:\Users\User\Desktop\20210910yolo_train\val\G1\TCS_10\TCS_10_470.bmp,TCS_10
C:\Users\User\Desktop\20210910yolo_train\val\G1\TCS_10\TCS_10_471.bmp,TCS_10
C:\Users\User\Desktop\20210910yolo_train\val\G1\TCS_10\TCS_10_472.bmp,TCS_10
C:\Users\User\Desktop\20210910yolo_train\val\G1\TCS_10\TCS_10_473.bmp,TCS_10
C:\Users\User\Desktop\20210910yolo_train\val\G1\TCS_10\TCS_10_474.bmp,TCS_10
C:\Users\User\Desktop\20210910yolo_train\val\G1\TCS_10\TCS_10_475.bmp,TCS_10
C:\Users\User\Desktop\20210910yolo_train\val\G1\TCS_10\TCS_10_476.bmp,TCS_10
C:\Users\User\Desktop\20210910yolo_train\val\G1\TCS_10\TCS_10_477.bmp,TCS_10
C:\Users\User\Desktop\20210910yolo_train\val\G1\TCS_10\TCS_10_478.bmp,TCS_10
C:\Users\User\Desktop\20210910yolo_train\val\G1\TCS_10\TCS_10_479.bmp,TCS_10
C:\Users\User\Desktop\20210910yolo_train\val\G1\TCS_10\TCS_10_48.bmp,TCS_10
C:\Users\User\Desktop\20210910yolo_train\val\G1\TCS_10\TCS_10_480.bmp,TCS_10
C:\Users\User\Desktop\20210910yolo_train\val\G1\TCS_10\TCS_10_481.bmp,TCS_10
C:\Users\User\Desktop\20210910yolo_train\val\G1\TCS_10\TCS_10_482.bmp,TCS_10
C:\Users\User\Desktop\20210910yolo_train\val\G1\TCS_10\TCS_10_483.bmp,TCS_10
C:\Users\User\Desktop\20210910yolo_train\val\G1\TCS_10\TCS_10_484.bmp,TCS_10
C:\Users\User\Desktop\20210910yolo_train\val\G1\TCS_10\TCS_10_485.bmp,TCS_10
C:\Users\User\Desktop\20210910yolo_train\val\G1\TCS_10\TCS_10_486.bmp,TCS_10
C:\Users\User\Desktop\20210910yolo_train\val\G1\TCS_10\TCS_10_487.bmp,TCS_10
C:\Users\User\Desktop\20210910yolo_train\val\G1\TCS_10\TCS_10_488.bmp,TCS_10
C:\Users\User\Desktop\20210910yolo_train\val\G1\TCS_10\TCS_10_489.bmp,TCS_10
C:\Users\User\Desktop\20210910yolo_train\val\G1\TCS_10\TCS_10_49.bmp,TCS_10
C:\Users\User\Desktop\20210910yolo_train\val\G1\TCS_10\TCS_10_490.bmp,TCS_10
C:\Users\User\Desktop\20210910yolo_train\val\G1\TCS_10\TCS_10_491.bmp,TCS_10
C:\Users\User\Desktop\20210910yolo_train\val\G1\TCS_10\TCS_10_492.bmp,TCS_10
C:\Users\User\Desktop\20210910yolo_train\val\G1\TCS_10\TCS_10_493.bmp,TCS_10
C:\Users\User\Desktop\20210910yolo_train\val\G1\TCS_10\TCS_10_494.bmp,TCS_10
C:\Users\User\Desktop\20210910yolo_train\val\G1\TCS_10\TCS_10_495.bmp,TCS_10
C:\Users\User\Desktop\20210910yolo_train\val\G1\TCS_10\TCS_10_496.bmp,TCS_10
C:\Users\User\Desktop\20210910yolo_train\val\G1\TCS_10\TCS_10_497.bmp,TCS_10
C:\Users\User\Desktop\20210910yolo_train\val\G1\TCS_10\TCS_10_498.bmp,TCS_10
C:\Users\User\Desktop\20210910yolo_train\val\G1\TCS_10\TCS_10_499.bmp,TCS_10
C:\Users\User\Desktop\20210910yolo_train\val\G1\TCS_10\TCS_10_5.bmp,TCS_10
C:\Users\User\Desktop\20210910yolo_train\val\G1\TCS_10\TCS_10_50.bmp,TCS_10
C:\Users\User\Desktop\20210910yolo_train\val\G1\TCS_10\TCS_10_500.bmp,TCS_10
C:\Users\User\Desktop\20210910yolo_train\val\G1\TCS_10\TCS_10_501.bmp,TCS_10
C:\Users\User\Desktop\20210910yolo_train\val\G1\TCS_10\TCS_10_502.bmp,TCS_10
C:\Users\User\Desktop\20210910yolo_train\val\G1\TCS_10\TCS_10_503.bmp,TCS_10
C:\Users\User\Desktop\20210910yolo_train\val\G1\TCS_10\TCS_10_504.bmp,TCS_10
C:\Users\User\Desktop\20210910yolo_train\val\G1\TCS_10\TCS_10_505.bmp,TCS_10
C:\Users\User\Desktop\20210910yolo_train\val\G1\TCS_10\TCS_10_506.bmp,TCS_10
C:\Users\User\Desktop\20210910yolo_train\val\G1\TCS_10\TCS_10_507.bmp,TCS_10
C:\Users\User\Desktop\20210910yolo_train\val\G1\TCS_10\TCS_10_508.bmp,TCS_10
C:\Users\User\Desktop\20210910yolo_train\val\G1\TCS_10\TCS_10_509.bmp,TCS_10
C:\Users\User\Desktop\20210910yolo_train\val\G1\TCS_10\TCS_10_51.bmp,TCS_10
C:\Users\User\Desktop\20210910yolo_train\val\G1\TCS_10\TCS_10_510.bmp,TCS_10
C:\Users\User\Desktop\20210910yolo_train\val\G1\TCS_10\TCS_10_511.bmp,TCS_10
C:\Users\User\Desktop\20210910yolo_train\val\G1\TCS_10\TCS_10_512.bmp,TCS_10
C:\Users\User\Desktop\20210910yolo_train\val\G1\TCS_10\TCS_10_513.bmp,TCS_10
C:\Users\User\Desktop\20210910yolo_train\val\G1\TCS_10\TCS_10_514.bmp,TCS_10
C:\Users\User\Desktop\20210910yolo_train\val\G1\TCS_10\TCS_10_515.bmp,TCS_10
C:\Users\User\Desktop\20210910yolo_train\val\G1\TCS_10\TCS_10_516.bmp,TCS_10
C:\Users\User\Desktop\20210910yolo_train\val\G1\TCS_10\TCS_10_517.bmp,TCS_10
C:\Users\User\Desktop\20210910yolo_train\val\G1\TCS_10\TCS_10_518.bmp,TCS_10
C:\Users\User\Desktop\20210910yolo_train\val\G1\TCS_10\TCS_10_519.bmp,TCS_10
C:\Users\User\Desktop\20210910yolo_train\val\G1\TCS_10\TCS_10_52.bmp,TCS_10
C:\Users\User\Desktop\20210910yolo_train\val\G1\TCS_10\TCS_10_520.bmp,TCS_10
C:\Users\User\Desktop\20210910yolo_train\val\G1\TCS_10\TCS_10_521.bmp,TCS_10
C:\Users\User\Desktop\20210910yolo_train\val\G1\TCS_10\TCS_10_522.bmp,TCS_10
C:\Users\User\Desktop\20210910yolo_train\val\G1\TCS_10\TCS_10_523.bmp,TCS_10
C:\Users\User\Desktop\20210910yolo_train\val\G1\TCS_10\TCS_10_524.bmp,TCS_10
C:\Users\User\Desktop\20210910yolo_train\val\G1\TCS_10\TCS_10_525.bmp,TCS_10
C:\Users\User\Desktop\20210910yolo_train\val\G1\TCS_10\TCS_10_526.bmp,TCS_10
C:\Users\User\Desktop\20210910yolo_train\val\G1\TCS_10\TCS_10_527.bmp,TCS_10
C:\Users\User\Desktop\20210910yolo_train\val\G1\TCS_10\TCS_10_528.bmp,TCS_10
C:\Users\User\Desktop\20210910yolo_train\val\G1\TCS_10\TCS_10_529.bmp,TCS_10
C:\Users\User\Desktop\20210910yolo_train\val\G1\TCS_10\TCS_10_53.bmp,TCS_10
C:\Users\User\Desktop\20210910yolo_train\val\G1\TCS_10\TCS_10_530.bmp,TCS_10
C:\Users\User\Desktop\20210910yolo_train\val\G1\TCS_10\TCS_10_531.bmp,TCS_10
C:\Users\User\Desktop\20210910yolo_train\val\G1\TCS_10\TCS_10_532.bmp,TCS_10
C:\Users\User\Desktop\20210910yolo_train\val\G1\TCS_10\TCS_10_533.bmp,TCS_10
C:\Users\User\Desktop\20210910yolo_train\val\G1\TCS_10\TCS_10_534.bmp,TCS_10
C:\Users\User\Desktop\20210910yolo_train\val\G1\TCS_10\TCS_10_535.bmp,TCS_10
C:\Users\User\Desktop\20210910yolo_train\val\G1\TCS_10\TCS_10_536.bmp,TCS_10
C:\Users\User\Desktop\20210910yolo_train\val\G1\TCS_10\TCS_10_537.bmp,TCS_10
C:\Users\User\Desktop\20210910yolo_train\val\G1\TCS_10\TCS_10_538.bmp,TCS_10
C:\Users\User\Desktop\20210910yolo_train\val\G1\TCS_10\TCS_10_539.bmp,TCS_10
C:\Users\User\Desktop\20210910yolo_train\val\G1\TCS_10\TCS_10_54.bmp,TCS_10
C:\Users\User\Desktop\20210910yolo_train\val\G1\TCS_10\TCS_10_540.bmp,TCS_10
C:\Users\User\Desktop\20210910yolo_train\val\G1\TCS_10\TCS_10_541.bmp,TCS_10
C:\Users\User\Desktop\20210910yolo_train\val\G1\TCS_10\TCS_10_542.bmp,TCS_10
C:\Users\User\Desktop\20210910yolo_train\val\G1\TCS_10\TCS_10_543.bmp,TCS_10
C:\Users\User\Desktop\20210910yolo_train\val\G1\TCS_10\TCS_10_544.bmp,TCS_10
C:\Users\User\Desktop\20210910yolo_train\val\G1\TCS_10\TCS_10_545.bmp,TCS_10
C:\Users\User\Desktop\20210910yolo_train\val\G1\TCS_10\TCS_10_546.bmp,TCS_10
C:\Users\User\Desktop\20210910yolo_train\val\G1\TCS_10\TCS_10_547.bmp,TCS_10
C:\Users\User\Desktop\20210910yolo_train\val\G1\TCS_10\TCS_10_548.bmp,TCS_10
C:\Users\User\Desktop\20210910yolo_train\val\G1\TCS_10\TCS_10_549.bmp,TCS_10
C:\Users\User\Desktop\20210910yolo_train\val\G1\TCS_10\TCS_10_55.bmp,TCS_10
C:\Users\User\Desktop\20210910yolo_train\val\G1\TCS_10\TCS_10_550.bmp,TCS_10
C:\Users\User\Desktop\20210910yolo_train\val\G1\TCS_10\TCS_10_551.bmp,TCS_10
C:\Users\User\Desktop\20210910yolo_train\val\G1\TCS_10\TCS_10_552.bmp,TCS_10
C:\Users\User\Desktop\20210910yolo_train\val\G1\TCS_10\TCS_10_553.bmp,TCS_10
C:\Users\User\Desktop\20210910yolo_train\val\G1\TCS_10\TCS_10_554.bmp,TCS_10
C:\Users\User\Desktop\20210910yolo_train\val\G1\TCS_10\TCS_10_555.bmp,TCS_10
C:\Users\User\Desktop\20210910yolo_train\val\G1\TCS_10\TCS_10_556.bmp,TCS_10
C:\Users\User\Desktop\20210910yolo_train\val\G1\TCS_10\TCS_10_557.bmp,TCS_10
C:\Users\User\Desktop\20210910yolo_train\val\G1\TCS_10\TCS_10_558.bmp,TCS_10
C:\Users\User\Desktop\20210910yolo_train\val\G1\TCS_10\TCS_10_559.bmp,TCS_10
C:\Users\User\Desktop\20210910yolo_train\val\G1\TCS_10\TCS_10_56.bmp,TCS_10
C:\Users\User\Desktop\20210910yolo_train\val\G1\TCS_10\TCS_10_560.bmp,TCS_10
C:\Users\User\Desktop\20210910yolo_train\val\G1\TCS_10\TCS_10_561.bmp,TCS_10
C:\Users\User\Desktop\20210910yolo_train\val\G1\TCS_10\TCS_10_562.bmp,TCS_10
C:\Users\User\Desktop\20210910yolo_train\val\G1\TCS_10\TCS_10_563.bmp,TCS_10
C:\Users\User\Desktop\20210910yolo_train\val\G1\TCS_10\TCS_10_564.bmp,TCS_10
C:\Users\User\Desktop\20210910yolo_train\val\G1\TCS_10\TCS_10_565.bmp,TCS_10
C:\Users\User\Desktop\20210910yolo_train\val\G1\TCS_10\TCS_10_566.bmp,TCS_10
C:\Users\User\Desktop\20210910yolo_train\val\G1\TCS_10\TCS_10_567.bmp,TCS_10
C:\Users\User\Desktop\20210910yolo_train\val\G1\TCS_10\TCS_10_568.bmp,TCS_10
C:\Users\User\Desktop\20210910yolo_train\val\G1\TCS_10\TCS_10_569.bmp,TCS_10
C:\Users\User\Desktop\20210910yolo_train\val\G1\TCS_10\TCS_10_57.bmp,TCS_10
C:\Users\User\Desktop\20210910yolo_train\val\G1\TCS_10\TCS_10_570.bmp,TCS_10
C:\Users\User\Desktop\20210910yolo_train\val\G1\TCS_10\TCS_10_571.bmp,TCS_10
C:\Users\User\Desktop\20210910yolo_train\val\G1\TCS_10\TCS_10_572.bmp,TCS_10
C:\Users\User\Desktop\20210910yolo_train\val\G1\TCS_10\TCS_10_573.bmp,TCS_10
C:\Users\User\Desktop\20210910yolo_train\val\G1\TCS_10\TCS_10_574.bmp,TCS_10
C:\Users\User\Desktop\20210910yolo_train\val\G1\TCS_10\TCS_10_575.bmp,TCS_10
C:\Users\User\Desktop\20210910yolo_train\val\G1\TCS_10\TCS_10_576.bmp,TCS_10
C:\Users\User\Desktop\20210910yolo_train\val\G1\TCS_10\TCS_10_577.bmp,TCS_10
C:\Users\User\Desktop\20210910yolo_train\val\G1\TCS_10\TCS_10_578.bmp,TCS_10
C:\Users\User\Desktop\20210910yolo_train\val\G1\TCS_10\TCS_10_579.bmp,TCS_10
C:\Users\User\Desktop\20210910yolo_train\val\G1\TCS_10\TCS_10_58.bmp,TCS_10
C:\Users\User\Desktop\20210910yolo_train\val\G1\TCS_10\TCS_10_580.bmp,TCS_10
C:\Users\User\Desktop\20210910yolo_train\val\G1\TCS_10\TCS_10_581.bmp,TCS_10
C:\Users\User\Desktop\20210910yolo_train\val\G1\TCS_10\TCS_10_582.bmp,TCS_10
C:\Users\User\Desktop\20210910yolo_train\val\G1\TCS_10\TCS_10_583.bmp,TCS_10
C:\Users\User\Desktop\20210910yolo_train\val\G1\TCS_10\TCS_10_584.bmp,TCS_10
C:\Users\User\Desktop\20210910yolo_train\val\G1\TCS_10\TCS_10_585.bmp,TCS_10
C:\Users\User\Desktop\20210910yolo_train\val\G1\TCS_10\TCS_10_586.bmp,TCS_10
C:\Users\User\Desktop\20210910yolo_train\val\G1\TCS_10\TCS_10_587.bmp,TCS_10
C:\Users\User\Desktop\20210910yolo_train\val\G1\TCS_10\TCS_10_588.bmp,TCS_10
C:\Users\User\Desktop\20210910yolo_train\val\G1\TCS_10\TCS_10_589.bmp,TCS_10
C:\Users\User\Desktop\20210910yolo_train\val\G1\TCS_10\TCS_10_59.bmp,TCS_10
C:\Users\User\Desktop\20210910yolo_train\val\G1\TCS_10\TCS_10_590.bmp,TCS_10
C:\Users\User\Desktop\20210910yolo_train\val\G1\TCS_10\TCS_10_591.bmp,TCS_10
C:\Users\User\Desktop\20210910yolo_train\val\G1\TCS_10\TCS_10_592.bmp,TCS_10
C:\Users\User\Desktop\20210910yolo_train\val\G1\TCS_10\TCS_10_593.bmp,TCS_10
C:\Users\User\Desktop\20210910yolo_train\val\G1\TCS_10\TCS_10_594.bmp,TCS_10
C:\Users\User\Desktop\20210910yolo_train\val\G1\TCS_10\TCS_10_595.bmp,TCS_10
C:\Users\User\Desktop\20210910yolo_train\val\G1\TCS_10\TCS_10_596.bmp,TCS_10
C:\Users\User\Desktop\20210910yolo_train\val\G1\TCS_10\TCS_10_597.bmp,TCS_10
C:\Users\User\Desktop\20210910yolo_train\val\G1\TCS_10\TCS_10_598.bmp,TCS_10
C:\Users\User\Desktop\20210910yolo_train\val\G1\TCS_10\TCS_10_599.bmp,TCS_10
C:\Users\User\Desktop\20210910yolo_train\val\G1\TCS_10\TCS_10_6.bmp,TCS_10
C:\Users\User\Desktop\20210910yolo_train\val\G1\TCS_10\TCS_10_60.bmp,TCS_10
C:\Users\User\Desktop\20210910yolo_train\val\G1\TCS_10\TCS_10_600.bmp,TCS_10
C:\Users\User\Desktop\20210910yolo_train\val\G1\TCS_10\TCS_10_601.bmp,TCS_10
C:\Users\User\Desktop\20210910yolo_train\val\G1\TCS_10\TCS_10_602.bmp,TCS_10
C:\Users\User\Desktop\20210910yolo_train\val\G1\TCS_10\TCS_10_603.bmp,TCS_10
C:\Users\User\Desktop\20210910yolo_train\val\G1\TCS_10\TCS_10_604.bmp,TCS_10
C:\Users\User\Desktop\20210910yolo_train\val\G1\TCS_10\TCS_10_605.bmp,TCS_10
C:\Users\User\Desktop\20210910yolo_train\val\G1\TCS_10\TCS_10_606.bmp,TCS_10
C:\Users\User\Desktop\20210910yolo_train\val\G1\TCS_10\TCS_10_607.bmp,TCS_10
C:\Users\User\Desktop\20210910yolo_train\val\G1\TCS_10\TCS_10_608.bmp,TCS_10
C:\Users\User\Desktop\20210910yolo_train\val\G1\TCS_10\TCS_10_609.bmp,TCS_10
C:\Users\User\Desktop\20210910yolo_train\val\G1\TCS_10\TCS_10_61.bmp,TCS_10
C:\Users\User\Desktop\20210910yolo_train\val\G1\TCS_10\TCS_10_610.bmp,TCS_10
C:\Users\User\Desktop\20210910yolo_train\val\G1\TCS_10\TCS_10_611.bmp,TCS_10
C:\Users\User\Desktop\20210910yolo_train\val\G1\TCS_10\TCS_10_612.bmp,TCS_10
C:\Users\User\Desktop\20210910yolo_train\val\G1\TCS_10\TCS_10_613.bmp,TCS_10
C:\Users\User\Desktop\20210910yolo_train\val\G1\TCS_10\TCS_10_614.bmp,TCS_10
C:\Users\User\Desktop\20210910yolo_train\val\G1\TCS_10\TCS_10_615.bmp,TCS_10
C:\Users\User\Desktop\20210910yolo_train\val\G1\TCS_10\TCS_10_616.bmp,TCS_10
C:\Users\User\Desktop\20210910yolo_train\val\G1\TCS_10\TCS_10_617.bmp,TCS_10
C:\Users\User\Desktop\20210910yolo_train\val\G1\TCS_10\TCS_10_618.bmp,TCS_10
C:\Users\User\Desktop\20210910yolo_train\val\G1\TCS_10\TCS_10_619.bmp,TCS_10
C:\Users\User\Desktop\20210910yolo_train\val\G1\TCS_10\TCS_10_62.bmp,TCS_10
C:\Users\User\Desktop\20210910yolo_train\val\G1\TCS_10\TCS_10_620.bmp,TCS_10
C:\Users\User\Desktop\20210910yolo_train\val\G1\TCS_10\TCS_10_621.bmp,TCS_10
C:\Users\User\Desktop\20210910yolo_train\val\G1\TCS_10\TCS_10_622.bmp,TCS_10
C:\Users\User\Desktop\20210910yolo_train\val\G1\TCS_10\TCS_10_623.bmp,TCS_10
C:\Users\User\Desktop\20210910yolo_train\val\G1\TCS_10\TCS_10_624.bmp,TCS_10
C:\Users\User\Desktop\20210910yolo_train\val\G1\TCS_10\TCS_10_625.bmp,TCS_10
C:\Users\User\Desktop\20210910yolo_train\val\G1\TCS_10\TCS_10_626.bmp,TCS_10
C:\Users\User\Desktop\20210910yolo_train\val\G1\TCS_10\TCS_10_627.bmp,TCS_10
C:\Users\User\Desktop\20210910yolo_train\val\G1\TCS_10\TCS_10_628.bmp,TCS_10
C:\Users\User\Desktop\20210910yolo_train\val\G1\TCS_10\TCS_10_629.bmp,TCS_10
C:\Users\User\Desktop\20210910yolo_train\val\G1\TCS_10\TCS_10_63.bmp,TCS_10
C:\Users\User\Desktop\20210910yolo_train\val\G1\TCS_10\TCS_10_630.bmp,TCS_10
C:\Users\User\Desktop\20210910yolo_train\val\G1\TCS_10\TCS_10_631.bmp,TCS_10
C:\Users\User\Desktop\20210910yolo_train\val\G1\TCS_10\TCS_10_632.bmp,TCS_10
C:\Users\User\Desktop\20210910yolo_train\val\G1\TCS_10\TCS_10_633.bmp,TCS_10
C:\Users\User\Desktop\20210910yolo_train\val\G1\TCS_10\TCS_10_634.bmp,TCS_10
C:\Users\User\Desktop\20210910yolo_train\val\G1\TCS_10\TCS_10_635.bmp,TCS_10
C:\Users\User\Desktop\20210910yolo_train\val\G1\TCS_10\TCS_10_636.bmp,TCS_10
C:\Users\User\Desktop\20210910yolo_train\val\G1\TCS_10\TCS_10_637.bmp,TCS_10
C:\Users\User\Desktop\20210910yolo_train\val\G1\TCS_10\TCS_10_638.bmp,TCS_10
C:\Users\User\Desktop\20210910yolo_train\val\G1\TCS_10\TCS_10_639.bmp,TCS_10
C:\Users\User\Desktop\20210910yolo_train\val\G1\TCS_10\TCS_10_64.bmp,TCS_10
C:\Users\User\Desktop\20210910yolo_train\val\G1\TCS_10\TCS_10_640.bmp,TCS_10
C:\Users\User\Desktop\20210910yolo_train\val\G1\TCS_10\TCS_10_641.bmp,TCS_10
C:\Users\User\Desktop\20210910yolo_train\val\G1\TCS_10\TCS_10_642.bmp,TCS_10
C:\Users\User\Desktop\20210910yolo_train\val\G1\TCS_10\TCS_10_643.bmp,TCS_10
C:\Users\User\Desktop\20210910yolo_train\val\G1\TCS_10\TCS_10_644.bmp,TCS_10
C:\Users\User\Desktop\20210910yolo_train\val\G1\TCS_10\TCS_10_645.bmp,TCS_10
C:\Users\User\Desktop\20210910yolo_train\val\G1\TCS_10\TCS_10_646.bmp,TCS_10
C:\Users\User\Desktop\20210910yolo_train\val\G1\TCS_10\TCS_10_647.bmp,TCS_10
C:\Users\User\Desktop\20210910yolo_train\val\G1\TCS_10\TCS_10_648.bmp,TCS_10
C:\Users\User\Desktop\20210910yolo_train\val\G1\TCS_10\TCS_10_649.bmp,TCS_10
C:\Users\User\Desktop\20210910yolo_train\val\G1\TCS_10\TCS_10_65.bmp,TCS_10
C:\Users\User\Desktop\20210910yolo_train\val\G1\TCS_10\TCS_10_650.bmp,TCS_10
C:\Users\User\Desktop\20210910yolo_train\val\G1\TCS_10\TCS_10_651.bmp,TCS_10
C:\Users\User\Desktop\20210910yolo_train\val\G1\TCS_10\TCS_10_652.bmp,TCS_10
C:\Users\User\Desktop\20210910yolo_train\val\G1\TCS_10\TCS_10_653.bmp,TCS_10
C:\Users\User\Desktop\20210910yolo_train\val\G1\TCS_10\TCS_10_654.bmp,TCS_10
C:\Users\User\Desktop\20210910yolo_train\val\G1\TCS_10\TCS_10_655.bmp,TCS_10
C:\Users\User\Desktop\20210910yolo_train\val\G1\TCS_10\TCS_10_656.bmp,TCS_10
C:\Users\User\Desktop\20210910yolo_train\val\G1\TCS_10\TCS_10_657.bmp,TCS_10
C:\Users\User\Desktop\20210910yolo_train\val\G1\TCS_10\TCS_10_658.bmp,TCS_10
C:\Users\User\Desktop\20210910yolo_train\val\G1\TCS_10\TCS_10_659.bmp,TCS_10
C:\Users\User\Desktop\20210910yolo_train\val\G1\TCS_10\TCS_10_66.bmp,TCS_10
C:\Users\User\Desktop\20210910yolo_train\val\G1\TCS_10\TCS_10_660.bmp,TCS_10
C:\Users\User\Desktop\20210910yolo_train\val\G1\TCS_10\TCS_10_661.bmp,TCS_10
C:\Users\User\Desktop\20210910yolo_train\val\G1\TCS_10\TCS_10_662.bmp,TCS_10
C:\Users\User\Desktop\20210910yolo_train\val\G1\TCS_10\TCS_10_663.bmp,TCS_10
C:\Users\User\Desktop\20210910yolo_train\val\G1\TCS_10\TCS_10_664.bmp,TCS_10
C:\Users\User\Desktop\20210910yolo_train\val\G1\TCS_10\TCS_10_665.bmp,TCS_10
C:\Users\User\Desktop\20210910yolo_train\val\G1\TCS_10\TCS_10_666.bmp,TCS_10
C:\Users\User\Desktop\20210910yolo_train\val\G1\TCS_10\TCS_10_667.bmp,TCS_10
C:\Users\User\Desktop\20210910yolo_train\val\G1\TCS_10\TCS_10_668.bmp,TCS_10
C:\Users\User\Desktop\20210910yolo_train\val\G1\TCS_10\TCS_10_669.bmp,TCS_10
C:\Users\User\Desktop\20210910yolo_train\val\G1\TCS_10\TCS_10_67.bmp,TCS_10
C:\Users\User\Desktop\20210910yolo_train\val\G1\TCS_10\TCS_10_670.bmp,TCS_10
C:\Users\User\Desktop\20210910yolo_train\val\G1\TCS_10\TCS_10_671.bmp,TCS_10
C:\Users\User\Desktop\20210910yolo_train\val\G1\TCS_10\TCS_10_672.bmp,TCS_10
C:\Users\User\Desktop\20210910yolo_train\val\G1\TCS_10\TCS_10_673.bmp,TCS_10
C:\Users\User\Desktop\20210910yolo_train\val\G1\TCS_10\TCS_10_674.bmp,TCS_10
C:\Users\User\Desktop\20210910yolo_train\val\G1\TCS_10\TCS_10_675.bmp,TCS_10
C:\Users\User\Desktop\20210910yolo_train\val\G1\TCS_10\TCS_10_676.bmp,TCS_10
C:\Users\User\Desktop\20210910yolo_train\val\G1\TCS_10\TCS_10_677.bmp,TCS_10
C:\Users\User\Desktop\20210910yolo_train\val\G1\TCS_10\TCS_10_678.bmp,TCS_10
C:\Users\User\Desktop\20210910yolo_train\val\G1\TCS_10\TCS_10_679.bmp,TCS_10
C:\Users\User\Desktop\20210910yolo_train\val\G1\TCS_10\TCS_10_68.bmp,TCS_10
C:\Users\User\Desktop\20210910yolo_train\val\G1\TCS_10\TCS_10_680.bmp,TCS_10
C:\Users\User\Desktop\20210910yolo_train\val\G1\TCS_10\TCS_10_681.bmp,TCS_10
C:\Users\User\Desktop\20210910yolo_train\val\G1\TCS_10\TCS_10_682.bmp,TCS_10
C:\Users\User\Desktop\20210910yolo_train\val\G1\TCS_10\TCS_10_683.bmp,TCS_10
C:\Users\User\Desktop\20210910yolo_train\val\G1\TCS_10\TCS_10_684.bmp,TCS_10
C:\Users\User\Desktop\20210910yolo_train\val\G1\TCS_10\TCS_10_685.bmp,TCS_10
C:\Users\User\Desktop\20210910yolo_train\val\G1\TCS_10\TCS_10_686.bmp,TCS_10
C:\Users\User\Desktop\20210910yolo_train\val\G1\TCS_10\TCS_10_687.bmp,TCS_10
C:\Users\User\Desktop\20210910yolo_train\val\G1\TCS_10\TCS_10_688.bmp,TCS_10
C:\Users\User\Desktop\20210910yolo_train\val\G1\TCS_10\TCS_10_689.bmp,TCS_10
C:\Users\User\Desktop\20210910yolo_train\val\G1\TCS_10\TCS_10_69.bmp,TCS_10
C:\Users\User\Desktop\20210910yolo_train\val\G1\TCS_10\TCS_10_690.bmp,TCS_10
C:\Users\User\Desktop\20210910yolo_train\val\G1\TCS_10\TCS_10_691.bmp,TCS_10
C:\Users\User\Desktop\20210910yolo_train\val\G1\TCS_10\TCS_10_692.bmp,TCS_10
C:\Users\User\Desktop\20210910yolo_train\val\G1\TCS_10\TCS_10_693.bmp,TCS_10
C:\Users\User\Desktop\20210910yolo_train\val\G1\TCS_10\TCS_10_694.bmp,TCS_10
C:\Users\User\Desktop\20210910yolo_train\val\G1\TCS_10\TCS_10_695.bmp,TCS_10
C:\Users\User\Desktop\20210910yolo_train\val\G1\TCS_10\TCS_10_696.bmp,TCS_10
C:\Users\User\Desktop\20210910yolo_train\val\G1\TCS_10\TCS_10_697.bmp,TCS_10
C:\Users\User\Desktop\20210910yolo_train\val\G1\TCS_10\TCS_10_698.bmp,TCS_10
C:\Users\User\Desktop\20210910yolo_train\val\G1\TCS_10\TCS_10_699.bmp,TCS_10
C:\Users\User\Desktop\20210910yolo_train\val\G1\TCS_10\TCS_10_7.bmp,TCS_10
C:\Users\User\Desktop\20210910yolo_train\val\G1\TCS_10\TCS_10_70.bmp,TCS_10
C:\Users\User\Desktop\20210910yolo_train\val\G1\TCS_10\TCS_10_700.bmp,TCS_10
C:\Users\User\Desktop\20210910yolo_train\val\G1\TCS_10\TCS_10_701.bmp,TCS_10
C:\Users\User\Desktop\20210910yolo_train\val\G1\TCS_10\TCS_10_702.bmp,TCS_10
C:\Users\User\Desktop\20210910yolo_train\val\G1\TCS_10\TCS_10_703.bmp,TCS_10
C:\Users\User\Desktop\20210910yolo_train\val\G1\TCS_10\TCS_10_704.bmp,TCS_10
C:\Users\User\Desktop\20210910yolo_train\val\G1\TCS_10\TCS_10_705.bmp,TCS_10
C:\Users\User\Desktop\20210910yolo_train\val\G1\TCS_10\TCS_10_706.bmp,TCS_10
C:\Users\User\Desktop\20210910yolo_train\val\G1\TCS_10\TCS_10_707.bmp,TCS_10
C:\Users\User\Desktop\20210910yolo_train\val\G1\TCS_10\TCS_10_708.bmp,TCS_10
C:\Users\User\Desktop\20210910yolo_train\val\G1\TCS_10\TCS_10_709.bmp,TCS_10
C:\Users\User\Desktop\20210910yolo_train\val\G1\TCS_10\TCS_10_71.bmp,TCS_10
C:\Users\User\Desktop\20210910yolo_train\val\G1\TCS_10\TCS_10_710.bmp,TCS_10
C:\Users\User\Desktop\20210910yolo_train\val\G1\TCS_10\TCS_10_711.bmp,TCS_10
C:\Users\User\Desktop\20210910yolo_train\val\G1\TCS_10\TCS_10_712.bmp,TCS_10
C:\Users\User\Desktop\20210910yolo_train\val\G1\TCS_10\TCS_10_713.bmp,TCS_10
C:\Users\User\Desktop\20210910yolo_train\val\G1\TCS_10\TCS_10_714.bmp,TCS_10
C:\Users\User\Desktop\20210910yolo_train\val\G1\TCS_10\TCS_10_715.bmp,TCS_10
C:\Users\User\Desktop\20210910yolo_train\val\G1\TCS_10\TCS_10_716.bmp,TCS_10
C:\Users\User\Desktop\20210910yolo_train\val\G1\TCS_10\TCS_10_717.bmp,TCS_10
C:\Users\User\Desktop\20210910yolo_train\val\G1\TCS_10\TCS_10_718.bmp,TCS_10
C:\Users\User\Desktop\20210910yolo_train\val\G1\TCS_10\TCS_10_719.bmp,TCS_10
C:\Users\User\Desktop\20210910yolo_train\val\G1\TCS_10\TCS_10_72.bmp,TCS_10
C:\Users\User\Desktop\20210910yolo_train\val\G1\TCS_10\TCS_10_720.bmp,TCS_10
C:\Users\User\Desktop\20210910yolo_train\val\G1\TCS_10\TCS_10_721.bmp,TCS_10
C:\Users\User\Desktop\20210910yolo_train\val\G1\TCS_10\TCS_10_722.bmp,TCS_10
C:\Users\User\Desktop\20210910yolo_train\val\G1\TCS_10\TCS_10_723.bmp,TCS_10
C:\Users\User\Desktop\20210910yolo_train\val\G1\TCS_10\TCS_10_724.bmp,TCS_10
C:\Users\User\Desktop\20210910yolo_train\val\G1\TCS_10\TCS_10_725.bmp,TCS_10
C:\Users\User\Desktop\20210910yolo_train\val\G1\TCS_10\TCS_10_726.bmp,TCS_10
C:\Users\User\Desktop\20210910yolo_train\val\G1\TCS_10\TCS_10_727.bmp,TCS_10
C:\Users\User\Desktop\20210910yolo_train\val\G1\TCS_10\TCS_10_728.bmp,TCS_10
C:\Users\User\Desktop\20210910yolo_train\val\G1\TCS_10\TCS_10_729.bmp,TCS_10
C:\Users\User\Desktop\20210910yolo_train\val\G1\TCS_10\TCS_10_73.bmp,TCS_10
C:\Users\User\Desktop\20210910yolo_train\val\G1\TCS_10\TCS_10_730.bmp,TCS_10
C:\Users\User\Desktop\20210910yolo_train\val\G1\TCS_10\TCS_10_731.bmp,TCS_10
C:\Users\User\Desktop\20210910yolo_train\val\G1\TCS_10\TCS_10_732.bmp,TCS_10
C:\Users\User\Desktop\20210910yolo_train\val\G1\TCS_10\TCS_10_733.bmp,TCS_10
C:\Users\User\Desktop\20210910yolo_train\val\G1\TCS_10\TCS_10_734.bmp,TCS_10
C:\Users\User\Desktop\20210910yolo_train\val\G1\TCS_10\TCS_10_735.bmp,TCS_10
C:\Users\User\Desktop\20210910yolo_train\val\G1\TCS_10\TCS_10_736.bmp,TCS_10
C:\Users\User\Desktop\20210910yolo_train\val\G1\TCS_10\TCS_10_737.bmp,TCS_10
C:\Users\User\Desktop\20210910yolo_train\val\G1\TCS_10\TCS_10_738.bmp,TCS_10
C:\Users\User\Desktop\20210910yolo_train\val\G1\TCS_10\TCS_10_739.bmp,TCS_10
C:\Users\User\Desktop\20210910yolo_train\val\G1\TCS_10\TCS_10_74.bmp,TCS_10
C:\Users\User\Desktop\20210910yolo_train\val\G1\TCS_10\TCS_10_740.bmp,TCS_10
C:\Users\User\Desktop\20210910yolo_train\val\G1\TCS_10\TCS_10_741.bmp,TCS_10
C:\Users\User\Desktop\20210910yolo_train\val\G1\TCS_10\TCS_10_742.bmp,TCS_10
C:\Users\User\Desktop\20210910yolo_train\val\G1\TCS_10\TCS_10_743.bmp,TCS_10
C:\Users\User\Desktop\20210910yolo_train\val\G1\TCS_10\TCS_10_744.bmp,TCS_10
C:\Users\User\Desktop\20210910yolo_train\val\G1\TCS_10\TCS_10_745.bmp,TCS_10
C:\Users\User\Desktop\20210910yolo_train\val\G1\TCS_10\TCS_10_746.bmp,TCS_10
C:\Users\User\Desktop\20210910yolo_train\val\G1\TCS_10\TCS_10_747.bmp,TCS_10
C:\Users\User\Desktop\20210910yolo_train\val\G1\TCS_10\TCS_10_748.bmp,TCS_10
C:\Users\User\Desktop\20210910yolo_train\val\G1\TCS_10\TCS_10_749.bmp,TCS_10
C:\Users\User\Desktop\20210910yolo_train\val\G1\TCS_10\TCS_10_75.bmp,TCS_10
C:\Users\User\Desktop\20210910yolo_train\val\G1\TCS_10\TCS_10_750.bmp,TCS_10
C:\Users\User\Desktop\20210910yolo_train\val\G1\TCS_10\TCS_10_751.bmp,TCS_10
C:\Users\User\Desktop\20210910yolo_train\val\G1\TCS_10\TCS_10_752.bmp,TCS_10
C:\Users\User\Desktop\20210910yolo_train\val\G1\TCS_10\TCS_10_753.bmp,TCS_10
C:\Users\User\Desktop\20210910yolo_train\val\G1\TCS_10\TCS_10_754.bmp,TCS_10
C:\Users\User\Desktop\20210910yolo_train\val\G1\TCS_10\TCS_10_755.bmp,TCS_10
C:\Users\User\Desktop\20210910yolo_train\val\G1\TCS_10\TCS_10_756.bmp,TCS_10
C:\Users\User\Desktop\20210910yolo_train\val\G1\TCS_10\TCS_10_757.bmp,TCS_10
C:\Users\User\Desktop\20210910yolo_train\val\G1\TCS_10\TCS_10_758.bmp,TCS_10
C:\Users\User\Desktop\20210910yolo_train\val\G1\TCS_10\TCS_10_759.bmp,TCS_10
C:\Users\User\Desktop\20210910yolo_train\val\G1\TCS_10\TCS_10_76.bmp,TCS_10
C:\Users\User\Desktop\20210910yolo_train\val\G1\TCS_10\TCS_10_760.bmp,TCS_10
C:\Users\User\Desktop\20210910yolo_train\val\G1\TCS_10\TCS_10_761.bmp,TCS_10
C:\Users\User\Desktop\20210910yolo_train\val\G1\TCS_10\TCS_10_762.bmp,TCS_10
C:\Users\User\Desktop\20210910yolo_train\val\G1\TCS_10\TCS_10_763.bmp,TCS_10
C:\Users\User\Desktop\20210910yolo_train\val\G1\TCS_10\TCS_10_764.bmp,TCS_10
C:\Users\User\Desktop\20210910yolo_train\val\G1\TCS_10\TCS_10_765.bmp,TCS_10
C:\Users\User\Desktop\20210910yolo_train\val\G1\TCS_10\TCS_10_766.bmp,TCS_10
C:\Users\User\Desktop\20210910yolo_train\val\G1\TCS_10\TCS_10_767.bmp,TCS_10
C:\Users\User\Desktop\20210910yolo_train\val\G1\TCS_10\TCS_10_768.bmp,TCS_10
C:\Users\User\Desktop\20210910yolo_train\val\G1\TCS_10\TCS_10_769.bmp,TCS_10
C:\Users\User\Desktop\20210910yolo_train\val\G1\TCS_10\TCS_10_77.bmp,TCS_10
C:\Users\User\Desktop\20210910yolo_train\val\G1\TCS_10\TCS_10_770.bmp,TCS_10
C:\Users\User\Desktop\20210910yolo_train\val\G1\TCS_10\TCS_10_771.bmp,TCS_10
C:\Users\User\Desktop\20210910yolo_train\val\G1\TCS_10\TCS_10_772.bmp,TCS_10
C:\Users\User\Desktop\20210910yolo_train\val\G1\TCS_10\TCS_10_773.bmp,TCS_10
C:\Users\User\Desktop\20210910yolo_train\val\G1\TCS_10\TCS_10_774.bmp,TCS_10
C:\Users\User\Desktop\20210910yolo_train\val\G1\TCS_10\TCS_10_775.bmp,TCS_10
C:\Users\User\Desktop\20210910yolo_train\val\G1\TCS_10\TCS_10_776.bmp,TCS_10
C:\Users\User\Desktop\20210910yolo_train\val\G1\TCS_10\TCS_10_777.bmp,TCS_10
C:\Users\User\Desktop\20210910yolo_train\val\G1\TCS_10\TCS_10_778.bmp,TCS_10
C:\Users\User\Desktop\20210910yolo_train\val\G1\TCS_10\TCS_10_779.bmp,TCS_10
C:\Users\User\Desktop\20210910yolo_train\val\G1\TCS_10\TCS_10_78.bmp,TCS_10
C:\Users\User\Desktop\20210910yolo_train\val\G1\TCS_10\TCS_10_780.bmp,TCS_10
C:\Users\User\Desktop\20210910yolo_train\val\G1\TCS_10\TCS_10_781.bmp,TCS_10
C:\Users\User\Desktop\20210910yolo_train\val\G1\TCS_10\TCS_10_782.bmp,TCS_10
C:\Users\User\Desktop\20210910yolo_train\val\G1\TCS_10\TCS_10_783.bmp,TCS_10
C:\Users\User\Desktop\20210910yolo_train\val\G1\TCS_10\TCS_10_784.bmp,TCS_10
C:\Users\User\Desktop\20210910yolo_train\val\G1\TCS_10\TCS_10_785.bmp,TCS_10
C:\Users\User\Desktop\20210910yolo_train\val\G1\TCS_10\TCS_10_786.bmp,TCS_10
C:\Users\User\Desktop\20210910yolo_train\val\G1\TCS_10\TCS_10_787.bmp,TCS_10
C:\Users\User\Desktop\20210910yolo_train\val\G1\TCS_10\TCS_10_788.bmp,TCS_10
C:\Users\User\Desktop\20210910yolo_train\val\G1\TCS_10\TCS_10_789.bmp,TCS_10
C:\Users\User\Desktop\20210910yolo_train\val\G1\TCS_10\TCS_10_79.bmp,TCS_10
C:\Users\User\Desktop\20210910yolo_train\val\G1\TCS_10\TCS_10_790.bmp,TCS_10
C:\Users\User\Desktop\20210910yolo_train\val\G1\TCS_10\TCS_10_791.bmp,TCS_10
C:\Users\User\Desktop\20210910yolo_train\val\G1\TCS_10\TCS_10_792.bmp,TCS_10
C:\Users\User\Desktop\20210910yolo_train\val\G1\TCS_10\TCS_10_793.bmp,TCS_10
C:\Users\User\Desktop\20210910yolo_train\val\G1\TCS_10\TCS_10_794.bmp,TCS_10
C:\Users\User\Desktop\20210910yolo_train\val\G1\TCS_10\TCS_10_795.bmp,TCS_10
C:\Users\User\Desktop\20210910yolo_train\val\G1\TCS_10\TCS_10_796.bmp,TCS_10
C:\Users\User\Desktop\20210910yolo_train\val\G1\TCS_10\TCS_10_797.bmp,TCS_10
C:\Users\User\Desktop\20210910yolo_train\val\G1\TCS_10\TCS_10_798.bmp,TCS_10
C:\Users\User\Desktop\20210910yolo_train\val\G1\TCS_10\TCS_10_799.bmp,TCS_10
C:\Users\User\Desktop\20210910yolo_train\val\G1\TCS_10\TCS_10_8.bmp,TCS_10
C:\Users\User\Desktop\20210910yolo_train\val\G1\TCS_10\TCS_10_80.bmp,TCS_10
C:\Users\User\Desktop\20210910yolo_train\val\G1\TCS_10\TCS_10_800.bmp,TCS_10
C:\Users\User\Desktop\20210910yolo_train\val\G1\TCS_10\TCS_10_801.bmp,TCS_10
C:\Users\User\Desktop\20210910yolo_train\val\G1\TCS_10\TCS_10_802.bmp,TCS_10
C:\Users\User\Desktop\20210910yolo_train\val\G1\TCS_10\TCS_10_803.bmp,TCS_10
C:\Users\User\Desktop\20210910yolo_train\val\G1\TCS_10\TCS_10_804.bmp,TCS_10
C:\Users\User\Desktop\20210910yolo_train\val\G1\TCS_10\TCS_10_805.bmp,TCS_10
C:\Users\User\Desktop\20210910yolo_train\val\G1\TCS_10\TCS_10_806.bmp,TCS_10
C:\Users\User\Desktop\20210910yolo_train\val\G1\TCS_10\TCS_10_807.bmp,TCS_10
C:\Users\User\Desktop\20210910yolo_train\val\G1\TCS_10\TCS_10_808.bmp,TCS_10
C:\Users\User\Desktop\20210910yolo_train\val\G1\TCS_10\TCS_10_809.bmp,TCS_10
C:\Users\User\Desktop\20210910yolo_train\val\G1\TCS_10\TCS_10_81.bmp,TCS_10
C:\Users\User\Desktop\20210910yolo_train\val\G1\TCS_10\TCS_10_810.bmp,TCS_10
C:\Users\User\Desktop\20210910yolo_train\val\G1\TCS_10\TCS_10_811.bmp,TCS_10
C:\Users\User\Desktop\20210910yolo_train\val\G1\TCS_10\TCS_10_812.bmp,TCS_10
C:\Users\User\Desktop\20210910yolo_train\val\G1\TCS_10\TCS_10_813.bmp,TCS_10
C:\Users\User\Desktop\20210910yolo_train\val\G1\TCS_10\TCS_10_814.bmp,TCS_10
C:\Users\User\Desktop\20210910yolo_train\val\G1\TCS_10\TCS_10_815.bmp,TCS_10
C:\Users\User\Desktop\20210910yolo_train\val\G1\TCS_10\TCS_10_816.bmp,TCS_10
C:\Users\User\Desktop\20210910yolo_train\val\G1\TCS_10\TCS_10_817.bmp,TCS_10
C:\Users\User\Desktop\20210910yolo_train\val\G1\TCS_10\TCS_10_818.bmp,TCS_10
C:\Users\User\Desktop\20210910yolo_train\val\G1\TCS_10\TCS_10_819.bmp,TCS_10
C:\Users\User\Desktop\20210910yolo_train\val\G1\TCS_10\TCS_10_82.bmp,TCS_10
C:\Users\User\Desktop\20210910yolo_train\val\G1\TCS_10\TCS_10_820.bmp,TCS_10
C:\Users\User\Desktop\20210910yolo_train\val\G1\TCS_10\TCS_10_821.bmp,TCS_10
C:\Users\User\Desktop\20210910yolo_train\val\G1\TCS_10\TCS_10_822.bmp,TCS_10
C:\Users\User\Desktop\20210910yolo_train\val\G1\TCS_10\TCS_10_823.bmp,TCS_10
C:\Users\User\Desktop\20210910yolo_train\val\G1\TCS_10\TCS_10_824.bmp,TCS_10
C:\Users\User\Desktop\20210910yolo_train\val\G1\TCS_10\TCS_10_825.bmp,TCS_10
C:\Users\User\Desktop\20210910yolo_train\val\G1\TCS_10\TCS_10_826.bmp,TCS_10
C:\Users\User\Desktop\20210910yolo_train\val\G1\TCS_10\TCS_10_827.bmp,TCS_10
C:\Users\User\Desktop\20210910yolo_train\val\G1\TCS_10\TCS_10_828.bmp,TCS_10
C:\Users\User\Desktop\20210910yolo_train\val\G1\TCS_10\TCS_10_829.bmp,TCS_10
C:\Users\User\Desktop\20210910yolo_train\val\G1\TCS_10\TCS_10_83.bmp,TCS_10
C:\Users\User\Desktop\20210910yolo_train\val\G1\TCS_10\TCS_10_830.bmp,TCS_10
C:\Users\User\Desktop\20210910yolo_train\val\G1\TCS_10\TCS_10_831.bmp,TCS_10
C:\Users\User\Desktop\20210910yolo_train\val\G1\TCS_10\TCS_10_832.bmp,TCS_10
C:\Users\User\Desktop\20210910yolo_train\val\G1\TCS_10\TCS_10_833.bmp,TCS_10
C:\Users\User\Desktop\20210910yolo_train\val\G1\TCS_10\TCS_10_834.bmp,TCS_10
C:\Users\User\Desktop\20210910yolo_train\val\G1\TCS_10\TCS_10_835.bmp,TCS_10
C:\Users\User\Desktop\20210910yolo_train\val\G1\TCS_10\TCS_10_836.bmp,TCS_10
C:\Users\User\Desktop\20210910yolo_train\val\G1\TCS_10\TCS_10_837.bmp,TCS_10
C:\Users\User\Desktop\20210910yolo_train\val\G1\TCS_10\TCS_10_838.bmp,TCS_10
C:\Users\User\Desktop\20210910yolo_train\val\G1\TCS_10\TCS_10_839.bmp,TCS_10
C:\Users\User\Desktop\20210910yolo_train\val\G1\TCS_10\TCS_10_84.bmp,TCS_10
C:\Users\User\Desktop\20210910yolo_train\val\G1\TCS_10\TCS_10_840.bmp,TCS_10
C:\Users\User\Desktop\20210910yolo_train\val\G1\TCS_10\TCS_10_841.bmp,TCS_10
C:\Users\User\Desktop\20210910yolo_train\val\G1\TCS_10\TCS_10_842.bmp,TCS_10
C:\Users\User\Desktop\20210910yolo_train\val\G1\TCS_10\TCS_10_843.bmp,TCS_10
C:\Users\User\Desktop\20210910yolo_train\val\G1\TCS_10\TCS_10_844.bmp,TCS_10
C:\Users\User\Desktop\20210910yolo_train\val\G1\TCS_10\TCS_10_845.bmp,TCS_10
C:\Users\User\Desktop\20210910yolo_train\val\G1\TCS_10\TCS_10_846.bmp,TCS_10
C:\Users\User\Desktop\20210910yolo_train\val\G1\TCS_10\TCS_10_847.bmp,TCS_10
C:\Users\User\Desktop\20210910yolo_train\val\G1\TCS_10\TCS_10_848.bmp,TCS_10
C:\Users\User\Desktop\20210910yolo_train\val\G1\TCS_10\TCS_10_849.bmp,TCS_10
C:\Users\User\Desktop\20210910yolo_train\val\G1\TCS_10\TCS_10_85.bmp,TCS_10
C:\Users\User\Desktop\20210910yolo_train\val\G1\TCS_10\TCS_10_850.bmp,TCS_10
C:\Users\User\Desktop\20210910yolo_train\val\G1\TCS_10\TCS_10_851.bmp,TCS_10
C:\Users\User\Desktop\20210910yolo_train\val\G1\TCS_10\TCS_10_852.bmp,TCS_10
C:\Users\User\Desktop\20210910yolo_train\val\G1\TCS_10\TCS_10_853.bmp,TCS_10
C:\Users\User\Desktop\20210910yolo_train\val\G1\TCS_10\TCS_10_854.bmp,TCS_10
C:\Users\User\Desktop\20210910yolo_train\val\G1\TCS_10\TCS_10_855.bmp,TCS_10
C:\Users\User\Desktop\20210910yolo_train\val\G1\TCS_10\TCS_10_856.bmp,TCS_10
C:\Users\User\Desktop\20210910yolo_train\val\G1\TCS_10\TCS_10_857.bmp,TCS_10
C:\Users\User\Desktop\20210910yolo_train\val\G1\TCS_10\TCS_10_858.bmp,TCS_10
C:\Users\User\Desktop\20210910yolo_train\val\G1\TCS_10\TCS_10_859.bmp,TCS_10
C:\Users\User\Desktop\20210910yolo_train\val\G1\TCS_10\TCS_10_86.bmp,TCS_10
C:\Users\User\Desktop\20210910yolo_train\val\G1\TCS_10\TCS_10_860.bmp,TCS_10
C:\Users\User\Desktop\20210910yolo_train\val\G1\TCS_10\TCS_10_861.bmp,TCS_10
C:\Users\User\Desktop\20210910yolo_train\val\G1\TCS_10\TCS_10_862.bmp,TCS_10
C:\Users\User\Desktop\20210910yolo_train\val\G1\TCS_10\TCS_10_863.bmp,TCS_10
C:\Users\User\Desktop\20210910yolo_train\val\G1\TCS_10\TCS_10_864.bmp,TCS_10
C:\Users\User\Desktop\20210910yolo_train\val\G1\TCS_10\TCS_10_865.bmp,TCS_10
C:\Users\User\Desktop\20210910yolo_train\val\G1\TCS_10\TCS_10_866.bmp,TCS_10
C:\Users\User\Desktop\20210910yolo_train\val\G1\TCS_10\TCS_10_867.bmp,TCS_10
C:\Users\User\Desktop\20210910yolo_train\val\G1\TCS_10\TCS_10_868.bmp,TCS_10
C:\Users\User\Desktop\20210910yolo_train\val\G1\TCS_10\TCS_10_869.bmp,TCS_10
C:\Users\User\Desktop\20210910yolo_train\val\G1\TCS_10\TCS_10_87.bmp,TCS_10
C:\Users\User\Desktop\20210910yolo_train\val\G1\TCS_10\TCS_10_870.bmp,TCS_10
C:\Users\User\Desktop\20210910yolo_train\val\G1\TCS_10\TCS_10_871.bmp,TCS_10
C:\Users\User\Desktop\20210910yolo_train\val\G1\TCS_10\TCS_10_872.bmp,TCS_10
C:\Users\User\Desktop\20210910yolo_train\val\G1\TCS_10\TCS_10_873.bmp,TCS_10
C:\Users\User\Desktop\20210910yolo_train\val\G1\TCS_10\TCS_10_874.bmp,TCS_10
C:\Users\User\Desktop\20210910yolo_train\val\G1\TCS_10\TCS_10_875.bmp,TCS_10
C:\Users\User\Desktop\20210910yolo_train\val\G1\TCS_10\TCS_10_876.bmp,TCS_10
C:\Users\User\Desktop\20210910yolo_train\val\G1\TCS_10\TCS_10_877.bmp,TCS_10
C:\Users\User\Desktop\20210910yolo_train\val\G1\TCS_10\TCS_10_878.bmp,TCS_10
C:\Users\User\Desktop\20210910yolo_train\val\G1\TCS_10\TCS_10_879.bmp,TCS_10
C:\Users\User\Desktop\20210910yolo_train\val\G1\TCS_10\TCS_10_88.bmp,TCS_10
C:\Users\User\Desktop\20210910yolo_train\val\G1\TCS_10\TCS_10_880.bmp,TCS_10
C:\Users\User\Desktop\20210910yolo_train\val\G1\TCS_10\TCS_10_881.bmp,TCS_10
C:\Users\User\Desktop\20210910yolo_train\val\G1\TCS_10\TCS_10_882.bmp,TCS_10
C:\Users\User\Desktop\20210910yolo_train\val\G1\TCS_10\TCS_10_883.bmp,TCS_10
C:\Users\User\Desktop\20210910yolo_train\val\G1\TCS_10\TCS_10_884.bmp,TCS_10
C:\Users\User\Desktop\20210910yolo_train\val\G1\TCS_10\TCS_10_885.bmp,TCS_10
C:\Users\User\Desktop\20210910yolo_train\val\G1\TCS_10\TCS_10_886.bmp,TCS_10
C:\Users\User\Desktop\20210910yolo_train\val\G1\TCS_10\TCS_10_887.bmp,TCS_10
C:\Users\User\Desktop\20210910yolo_train\val\G1\TCS_10\TCS_10_888.bmp,TCS_10
C:\Users\User\Desktop\20210910yolo_train\val\G1\TCS_10\TCS_10_889.bmp,TCS_10
C:\Users\User\Desktop\20210910yolo_train\val\G1\TCS_10\TCS_10_89.bmp,TCS_10
C:\Users\User\Desktop\20210910yolo_train\val\G1\TCS_10\TCS_10_890.bmp,TCS_10
C:\Users\User\Desktop\20210910yolo_train\val\G1\TCS_10\TCS_10_891.bmp,TCS_10
C:\Users\User\Desktop\20210910yolo_train\val\G1\TCS_10\TCS_10_892.bmp,TCS_10
C:\Users\User\Desktop\20210910yolo_train\val\G1\TCS_10\TCS_10_893.bmp,TCS_10
C:\Users\User\Desktop\20210910yolo_train\val\G1\TCS_10\TCS_10_894.bmp,TCS_10
C:\Users\User\Desktop\20210910yolo_train\val\G1\TCS_10\TCS_10_895.bmp,TCS_10
C:\Users\User\Desktop\20210910yolo_train\val\G1\TCS_10\TCS_10_896.bmp,TCS_10
C:\Users\User\Desktop\20210910yolo_train\val\G1\TCS_10\TCS_10_897.bmp,TCS_10
C:\Users\User\Desktop\20210910yolo_train\val\G1\TCS_10\TCS_10_898.bmp,TCS_10
C:\Users\User\Desktop\20210910yolo_train\val\G1\TCS_10\TCS_10_899.bmp,TCS_10
C:\Users\User\Desktop\20210910yolo_train\val\G1\TCS_10\TCS_10_9.bmp,TCS_10
C:\Users\User\Desktop\20210910yolo_train\val\G1\TCS_10\TCS_10_90.bmp,TCS_10
C:\Users\User\Desktop\20210910yolo_train\val\G1\TCS_10\TCS_10_900.bmp,TCS_10
C:\Users\User\Desktop\20210910yolo_train\val\G1\TCS_10\TCS_10_901.bmp,TCS_10
C:\Users\User\Desktop\20210910yolo_train\val\G1\TCS_10\TCS_10_902.bmp,TCS_10
C:\Users\User\Desktop\20210910yolo_train\val\G1\TCS_10\TCS_10_903.bmp,TCS_10
C:\Users\User\Desktop\20210910yolo_train\val\G1\TCS_10\TCS_10_904.bmp,TCS_10
C:\Users\User\Desktop\20210910yolo_train\val\G1\TCS_10\TCS_10_905.bmp,TCS_10
C:\Users\User\Desktop\20210910yolo_train\val\G1\TCS_10\TCS_10_906.bmp,TCS_10
C:\Users\User\Desktop\20210910yolo_train\val\G1\TCS_10\TCS_10_907.bmp,TCS_10
C:\Users\User\Desktop\20210910yolo_train\val\G1\TCS_10\TCS_10_908.bmp,TCS_10
C:\Users\User\Desktop\20210910yolo_train\val\G1\TCS_10\TCS_10_909.bmp,TCS_10
C:\Users\User\Desktop\20210910yolo_train\val\G1\TCS_10\TCS_10_91.bmp,TCS_10
C:\Users\User\Desktop\20210910yolo_train\val\G1\TCS_10\TCS_10_910.bmp,TCS_10
C:\Users\User\Desktop\20210910yolo_train\val\G1\TCS_10\TCS_10_911.bmp,TCS_10
C:\Users\User\Desktop\20210910yolo_train\val\G1\TCS_10\TCS_10_912.bmp,TCS_10
C:\Users\User\Desktop\20210910yolo_train\val\G1\TCS_10\TCS_10_913.bmp,TCS_10
C:\Users\User\Desktop\20210910yolo_train\val\G1\TCS_10\TCS_10_914.bmp,TCS_10
C:\Users\User\Desktop\20210910yolo_train\val\G1\TCS_10\TCS_10_915.bmp,TCS_10
C:\Users\User\Desktop\20210910yolo_train\val\G1\TCS_10\TCS_10_916.bmp,TCS_10
C:\Users\User\Desktop\20210910yolo_train\val\G1\TCS_10\TCS_10_917.bmp,TCS_10
C:\Users\User\Desktop\20210910yolo_train\val\G1\TCS_10\TCS_10_918.bmp,TCS_10
C:\Users\User\Desktop\20210910yolo_train\val\G1\TCS_10\TCS_10_919.bmp,TCS_10
C:\Users\User\Desktop\20210910yolo_train\val\G1\TCS_10\TCS_10_92.bmp,TCS_10
C:\Users\User\Desktop\20210910yolo_train\val\G1\TCS_10\TCS_10_920.bmp,TCS_10
C:\Users\User\Desktop\20210910yolo_train\val\G1\TCS_10\TCS_10_921.bmp,TCS_10
C:\Users\User\Desktop\20210910yolo_train\val\G1\TCS_10\TCS_10_922.bmp,TCS_10
C:\Users\User\Desktop\20210910yolo_train\val\G1\TCS_10\TCS_10_923.bmp,TCS_10
C:\Users\User\Desktop\20210910yolo_train\val\G1\TCS_10\TCS_10_924.bmp,TCS_10
C:\Users\User\Desktop\20210910yolo_train\val\G1\TCS_10\TCS_10_925.bmp,TCS_10
C:\Users\User\Desktop\20210910yolo_train\val\G1\TCS_10\TCS_10_926.bmp,TCS_10
C:\Users\User\Desktop\20210910yolo_train\val\G1\TCS_10\TCS_10_927.bmp,TCS_10
C:\Users\User\Desktop\20210910yolo_train\val\G1\TCS_10\TCS_10_928.bmp,TCS_10
C:\Users\User\Desktop\20210910yolo_train\val\G1\TCS_10\TCS_10_929.bmp,TCS_10
C:\Users\User\Desktop\20210910yolo_train\val\G1\TCS_10\TCS_10_93.bmp,TCS_10
C:\Users\User\Desktop\20210910yolo_train\val\G1\TCS_10\TCS_10_930.bmp,TCS_10
C:\Users\User\Desktop\20210910yolo_train\val\G1\TCS_10\TCS_10_931.bmp,TCS_10
C:\Users\User\Desktop\20210910yolo_train\val\G1\TCS_10\TCS_10_932.bmp,TCS_10
C:\Users\User\Desktop\20210910yolo_train\val\G1\TCS_10\TCS_10_933.bmp,TCS_10
C:\Users\User\Desktop\20210910yolo_train\val\G1\TCS_10\TCS_10_934.bmp,TCS_10
C:\Users\User\Desktop\20210910yolo_train\val\G1\TCS_10\TCS_10_935.bmp,TCS_10
C:\Users\User\Desktop\20210910yolo_train\val\G1\TCS_10\TCS_10_936.bmp,TCS_10
C:\Users\User\Desktop\20210910yolo_train\val\G1\TCS_10\TCS_10_937.bmp,TCS_10
C:\Users\User\Desktop\20210910yolo_train\val\G1\TCS_10\TCS_10_938.bmp,TCS_10
C:\Users\User\Desktop\20210910yolo_train\val\G1\TCS_10\TCS_10_939.bmp,TCS_10
C:\Users\User\Desktop\20210910yolo_train\val\G1\TCS_10\TCS_10_94.bmp,TCS_10
C:\Users\User\Desktop\20210910yolo_train\val\G1\TCS_10\TCS_10_940.bmp,TCS_10
C:\Users\User\Desktop\20210910yolo_train\val\G1\TCS_10\TCS_10_941.bmp,TCS_10
C:\Users\User\Desktop\20210910yolo_train\val\G1\TCS_10\TCS_10_942.bmp,TCS_10
C:\Users\User\Desktop\20210910yolo_train\val\G1\TCS_10\TCS_10_943.bmp,TCS_10
C:\Users\User\Desktop\20210910yolo_train\val\G1\TCS_10\TCS_10_944.bmp,TCS_10
C:\Users\User\Desktop\20210910yolo_train\val\G1\TCS_10\TCS_10_945.bmp,TCS_10
C:\Users\User\Desktop\20210910yolo_train\val\G1\TCS_10\TCS_10_946.bmp,TCS_10
C:\Users\User\Desktop\20210910yolo_train\val\G1\TCS_10\TCS_10_947.bmp,TCS_10
C:\Users\User\Desktop\20210910yolo_train\val\G1\TCS_10\TCS_10_948.bmp,TCS_10
C:\Users\User\Desktop\20210910yolo_train\val\G1\TCS_10\TCS_10_949.bmp,TCS_10
C:\Users\User\Desktop\20210910yolo_train\val\G1\TCS_10\TCS_10_95.bmp,TCS_10
C:\Users\User\Desktop\20210910yolo_train\val\G1\TCS_10\TCS_10_950.bmp,TCS_10
C:\Users\User\Desktop\20210910yolo_train\val\G1\TCS_10\TCS_10_951.bmp,TCS_10
C:\Users\User\Desktop\20210910yolo_train\val\G1\TCS_10\TCS_10_952.bmp,TCS_10
C:\Users\User\Desktop\20210910yolo_train\val\G1\TCS_10\TCS_10_953.bmp,TCS_10
C:\Users\User\Desktop\20210910yolo_train\val\G1\TCS_10\TCS_10_954.bmp,TCS_10
C:\Users\User\Desktop\20210910yolo_train\val\G1\TCS_10\TCS_10_955.bmp,TCS_10
C:\Users\User\Desktop\20210910yolo_train\val\G1\TCS_10\TCS_10_956.bmp,TCS_10
C:\Users\User\Desktop\20210910yolo_train\val\G1\TCS_10\TCS_10_957.bmp,TCS_10
C:\Users\User\Desktop\20210910yolo_train\val\G1\TCS_10\TCS_10_958.bmp,TCS_10
C:\Users\User\Desktop\20210910yolo_train\val\G1\TCS_10\TCS_10_959.bmp,TCS_10
C:\Users\User\Desktop\20210910yolo_train\val\G1\TCS_10\TCS_10_96.bmp,TCS_10
C:\Users\User\Desktop\20210910yolo_train\val\G1\TCS_10\TCS_10_960.bmp,TCS_10
C:\Users\User\Desktop\20210910yolo_train\val\G1\TCS_10\TCS_10_961.bmp,TCS_10
C:\Users\User\Desktop\20210910yolo_train\val\G1\TCS_10\TCS_10_962.bmp,TCS_10
C:\Users\User\Desktop\20210910yolo_train\val\G1\TCS_10\TCS_10_963.bmp,TCS_10
C:\Users\User\Desktop\20210910yolo_train\val\G1\TCS_10\TCS_10_964.bmp,TCS_10
C:\Users\User\Desktop\20210910yolo_train\val\G1\TCS_10\TCS_10_965.bmp,TCS_10
C:\Users\User\Desktop\20210910yolo_train\val\G1\TCS_10\TCS_10_966.bmp,TCS_10
C:\Users\User\Desktop\20210910yolo_train\val\G1\TCS_10\TCS_10_967.bmp,TCS_10
C:\Users\User\Desktop\20210910yolo_train\val\G1\TCS_10\TCS_10_968.bmp,TCS_10
C:\Users\User\Desktop\20210910yolo_train\val\G1\TCS_10\TCS_10_969.bmp,TCS_10
C:\Users\User\Desktop\20210910yolo_train\val\G1\TCS_10\TCS_10_97.bmp,TCS_10
C:\Users\User\Desktop\20210910yolo_train\val\G1\TCS_10\TCS_10_970.bmp,TCS_10
C:\Users\User\Desktop\20210910yolo_train\val\G1\TCS_10\TCS_10_971.bmp,TCS_10
C:\Users\User\Desktop\20210910yolo_train\val\G1\TCS_10\TCS_10_972.bmp,TCS_10
C:\Users\User\Desktop\20210910yolo_train\val\G1\TCS_10\TCS_10_973.bmp,TCS_10
C:\Users\User\Desktop\20210910yolo_train\val\G1\TCS_10\TCS_10_974.bmp,TCS_10
C:\Users\User\Desktop\20210910yolo_train\val\G1\TCS_10\TCS_10_975.bmp,TCS_10
C:\Users\User\Desktop\20210910yolo_train\val\G1\TCS_10\TCS_10_976.bmp,TCS_10
C:\Users\User\Desktop\20210910yolo_train\val\G1\TCS_10\TCS_10_977.bmp,TCS_10
C:\Users\User\Desktop\20210910yolo_train\val\G1\TCS_10\TCS_10_978.bmp,TCS_10
C:\Users\User\Desktop\20210910yolo_train\val\G1\TCS_10\TCS_10_979.bmp,TCS_10
C:\Users\User\Desktop\20210910yolo_train\val\G1\TCS_10\TCS_10_98.bmp,TCS_10
C:\Users\User\Desktop\20210910yolo_train\val\G1\TCS_10\TCS_10_980.bmp,TCS_10
C:\Users\User\Desktop\20210910yolo_train\val\G1\TCS_10\TCS_10_981.bmp,TCS_10
C:\Users\User\Desktop\20210910yolo_train\val\G1\TCS_10\TCS_10_982.bmp,TCS_10
C:\Users\User\Desktop\20210910yolo_train\val\G1\TCS_10\TCS_10_983.bmp,TCS_10
C:\Users\User\Desktop\20210910yolo_train\val\G1\TCS_10\TCS_10_984.bmp,TCS_10
C:\Users\User\Desktop\20210910yolo_train\val\G1\TCS_10\TCS_10_985.bmp,TCS_10
C:\Users\User\Desktop\20210910yolo_train\val\G1\TCS_10\TCS_10_986.bmp,TCS_10
C:\Users\User\Desktop\20210910yolo_train\val\G1\TCS_10\TCS_10_987.bmp,TCS_10
C:\Users\User\Desktop\20210910yolo_train\val\G1\TCS_10\TCS_10_988.bmp,TCS_10
C:\Users\User\Desktop\20210910yolo_train\val\G1\TCS_10\TCS_10_989.bmp,TCS_10
C:\Users\User\Desktop\20210910yolo_train\val\G1\TCS_10\TCS_10_99.bmp,TCS_10
C:\Users\User\Desktop\20210910yolo_train\val\G1\TCS_10\TCS_10_990.bmp,TCS_10
C:\Users\User\Desktop\20210910yolo_train\val\G1\TCS_10\TCS_10_991.bmp,TCS_10
C:\Users\User\Desktop\20210910yolo_train\val\G1\TCS_10\TCS_10_992.bmp,TCS_10
C:\Users\User\Desktop\20210910yolo_train\val\G1\TCS_10\TCS_10_993.bmp,TCS_10
C:\Users\User\Desktop\20210910yolo_train\val\G1\TCS_10\TCS_10_994.bmp,TCS_10
C:\Users\User\Desktop\20210910yolo_train\val\G1\TCS_10\TCS_10_995.bmp,TCS_10
C:\Users\User\Desktop\20210910yolo_train\val\G1\TCS_10\TCS_10_996.bmp,TCS_10
C:\Users\User\Desktop\20210910yolo_train\val\G1\TCS_10\TCS_10_997.bmp,TCS_10
C:\Users\User\Desktop\20210910yolo_train\val\G1\TCS_10\TCS_10_998.bmp,TCS_10
C:\Users\User\Desktop\20210910yolo_train\val\G1\TCS_10\TCS_10_999.bmp,TCS_10


TCS_10,1000,Accurate: 100 %
TCS_10,TC_192,TK_14,TK_9,TN_11,No
1000,0,0,0,0,0
