C:\Users\User\Desktop\水道樣本\KHS_7\KHS7_1.bmp,TK_9
C:\Users\User\Desktop\水道樣本\KHS_7\KHS7_10.bmp,TK_9
C:\Users\User\Desktop\水道樣本\KHS_7\KHS7_100.bmp,TK_9
C:\Users\User\Desktop\水道樣本\KHS_7\KHS7_1000.bmp,TK_9
C:\Users\User\Desktop\水道樣本\KHS_7\KHS7_1001.bmp,TK_9
C:\Users\User\Desktop\水道樣本\KHS_7\KHS7_1002.bmp,TK_9
C:\Users\User\Desktop\水道樣本\KHS_7\KHS7_1003.bmp,TK_9
C:\Users\User\Desktop\水道樣本\KHS_7\KHS7_1004.bmp,TK_9
C:\Users\User\Desktop\水道樣本\KHS_7\KHS7_1005.bmp,TC_192
C:\Users\User\Desktop\水道樣本\KHS_7\KHS7_1006.bmp,TK_9
C:\Users\User\Desktop\水道樣本\KHS_7\KHS7_1007.bmp,TK_9
C:\Users\User\Desktop\水道樣本\KHS_7\KHS7_1008.bmp,TK_9
C:\Users\User\Desktop\水道樣本\KHS_7\KHS7_1009.bmp,TK_9
C:\Users\User\Desktop\水道樣本\KHS_7\KHS7_101.bmp,TK_9
C:\Users\User\Desktop\水道樣本\KHS_7\KHS7_1010.bmp,TK_9
C:\Users\User\Desktop\水道樣本\KHS_7\KHS7_1011.bmp,TK_9
C:\Users\User\Desktop\水道樣本\KHS_7\KHS7_1012.bmp,TC_192
C:\Users\User\Desktop\水道樣本\KHS_7\KHS7_1013.bmp,TK_9
C:\Users\User\Desktop\水道樣本\KHS_7\KHS7_1014.bmp,TK_14
C:\Users\User\Desktop\水道樣本\KHS_7\KHS7_1015.bmp,TK_9
C:\Users\User\Desktop\水道樣本\KHS_7\KHS7_1016.bmp,TK_9
C:\Users\User\Desktop\水道樣本\KHS_7\KHS7_1017.bmp,TK_9
C:\Users\User\Desktop\水道樣本\KHS_7\KHS7_1018.bmp,TK_9
C:\Users\User\Desktop\水道樣本\KHS_7\KHS7_1019.bmp,TK_9
C:\Users\User\Desktop\水道樣本\KHS_7\KHS7_102.bmp,TK_9
C:\Users\User\Desktop\水道樣本\KHS_7\KHS7_1020.bmp,TK_9
C:\Users\User\Desktop\水道樣本\KHS_7\KHS7_1021.bmp,TK_9
C:\Users\User\Desktop\水道樣本\KHS_7\KHS7_1022.bmp,TK_9
C:\Users\User\Desktop\水道樣本\KHS_7\KHS7_1023.bmp,TK_9
C:\Users\User\Desktop\水道樣本\KHS_7\KHS7_1024.bmp,TK_9
C:\Users\User\Desktop\水道樣本\KHS_7\KHS7_1025.bmp,TK_9
C:\Users\User\Desktop\水道樣本\KHS_7\KHS7_1026.bmp,TK_9
C:\Users\User\Desktop\水道樣本\KHS_7\KHS7_1027.bmp,TK_9
C:\Users\User\Desktop\水道樣本\KHS_7\KHS7_1028.bmp,TC_192
C:\Users\User\Desktop\水道樣本\KHS_7\KHS7_1029.bmp,TK_8
C:\Users\User\Desktop\水道樣本\KHS_7\KHS7_103.bmp,TK_9
C:\Users\User\Desktop\水道樣本\KHS_7\KHS7_1030.bmp,TK_9
C:\Users\User\Desktop\水道樣本\KHS_7\KHS7_1031.bmp,TK_9
C:\Users\User\Desktop\水道樣本\KHS_7\KHS7_1032.bmp,TK_4
C:\Users\User\Desktop\水道樣本\KHS_7\KHS7_1033.bmp,TK_9
C:\Users\User\Desktop\水道樣本\KHS_7\KHS7_1034.bmp,TK_9
C:\Users\User\Desktop\水道樣本\KHS_7\KHS7_1035.bmp,TK_9
C:\Users\User\Desktop\水道樣本\KHS_7\KHS7_1036.bmp,TK_9
C:\Users\User\Desktop\水道樣本\KHS_7\KHS7_1037.bmp,TK_9
C:\Users\User\Desktop\水道樣本\KHS_7\KHS7_1038.bmp,TK_14
C:\Users\User\Desktop\水道樣本\KHS_7\KHS7_1039.bmp,TK_9
C:\Users\User\Desktop\水道樣本\KHS_7\KHS7_104.bmp,TK_9
C:\Users\User\Desktop\水道樣本\KHS_7\KHS7_1040.bmp,TK_9
C:\Users\User\Desktop\水道樣本\KHS_7\KHS7_1041.bmp,TK_9
C:\Users\User\Desktop\水道樣本\KHS_7\KHS7_1042.bmp,TK_16
C:\Users\User\Desktop\水道樣本\KHS_7\KHS7_1043.bmp,TC_192
C:\Users\User\Desktop\水道樣本\KHS_7\KHS7_1044.bmp,TK_9
C:\Users\User\Desktop\水道樣本\KHS_7\KHS7_1045.bmp,TK_9
C:\Users\User\Desktop\水道樣本\KHS_7\KHS7_1046.bmp,TK_4
C:\Users\User\Desktop\水道樣本\KHS_7\KHS7_1047.bmp,TC_192
C:\Users\User\Desktop\水道樣本\KHS_7\KHS7_1048.bmp,TK_9
C:\Users\User\Desktop\水道樣本\KHS_7\KHS7_1049.bmp,TK_16
C:\Users\User\Desktop\水道樣本\KHS_7\KHS7_105.bmp,TK_9
C:\Users\User\Desktop\水道樣本\KHS_7\KHS7_1050.bmp,TK_9
C:\Users\User\Desktop\水道樣本\KHS_7\KHS7_1051.bmp,TK_9
C:\Users\User\Desktop\水道樣本\KHS_7\KHS7_1052.bmp,TK_16
C:\Users\User\Desktop\水道樣本\KHS_7\KHS7_1053.bmp,TK_16
C:\Users\User\Desktop\水道樣本\KHS_7\KHS7_1054.bmp,TK_9
C:\Users\User\Desktop\水道樣本\KHS_7\KHS7_1055.bmp,TK_9
C:\Users\User\Desktop\水道樣本\KHS_7\KHS7_1056.bmp,TK_9
C:\Users\User\Desktop\水道樣本\KHS_7\KHS7_1057.bmp,TK_9
C:\Users\User\Desktop\水道樣本\KHS_7\KHS7_1058.bmp,TK_9
C:\Users\User\Desktop\水道樣本\KHS_7\KHS7_1059.bmp,TK_9
C:\Users\User\Desktop\水道樣本\KHS_7\KHS7_106.bmp,TC_192
C:\Users\User\Desktop\水道樣本\KHS_7\KHS7_1060.bmp,TK_9
C:\Users\User\Desktop\水道樣本\KHS_7\KHS7_1061.bmp,TK_9
C:\Users\User\Desktop\水道樣本\KHS_7\KHS7_1062.bmp,TK_9
C:\Users\User\Desktop\水道樣本\KHS_7\KHS7_1063.bmp,TK_9
C:\Users\User\Desktop\水道樣本\KHS_7\KHS7_1064.bmp,TK_9
C:\Users\User\Desktop\水道樣本\KHS_7\KHS7_1065.bmp,TK_9
C:\Users\User\Desktop\水道樣本\KHS_7\KHS7_1066.bmp,TK_9
C:\Users\User\Desktop\水道樣本\KHS_7\KHS7_1067.bmp,TK_9
C:\Users\User\Desktop\水道樣本\KHS_7\KHS7_1068.bmp,TK_9
C:\Users\User\Desktop\水道樣本\KHS_7\KHS7_1069.bmp,TK_9
C:\Users\User\Desktop\水道樣本\KHS_7\KHS7_107.bmp,TK_14
C:\Users\User\Desktop\水道樣本\KHS_7\KHS7_1070.bmp,TK_4
C:\Users\User\Desktop\水道樣本\KHS_7\KHS7_1071.bmp,TK_9
C:\Users\User\Desktop\水道樣本\KHS_7\KHS7_1072.bmp,TK_9
C:\Users\User\Desktop\水道樣本\KHS_7\KHS7_1073.bmp,TK_9
C:\Users\User\Desktop\水道樣本\KHS_7\KHS7_1074.bmp,TK_9
C:\Users\User\Desktop\水道樣本\KHS_7\KHS7_1075.bmp,TK_9
C:\Users\User\Desktop\水道樣本\KHS_7\KHS7_1076.bmp,TK_9
C:\Users\User\Desktop\水道樣本\KHS_7\KHS7_1077.bmp,TK_9
C:\Users\User\Desktop\水道樣本\KHS_7\KHS7_1078.bmp,TK_9
C:\Users\User\Desktop\水道樣本\KHS_7\KHS7_1079.bmp,TK_9
C:\Users\User\Desktop\水道樣本\KHS_7\KHS7_108.bmp,TK_9
C:\Users\User\Desktop\水道樣本\KHS_7\KHS7_1080.bmp,TK_4
C:\Users\User\Desktop\水道樣本\KHS_7\KHS7_1081.bmp,TK_9
C:\Users\User\Desktop\水道樣本\KHS_7\KHS7_1082.bmp,TK_9
C:\Users\User\Desktop\水道樣本\KHS_7\KHS7_1083.bmp,TK_9
C:\Users\User\Desktop\水道樣本\KHS_7\KHS7_1084.bmp,TK_9
C:\Users\User\Desktop\水道樣本\KHS_7\KHS7_1085.bmp,TK_8
C:\Users\User\Desktop\水道樣本\KHS_7\KHS7_1086.bmp,TK_9
C:\Users\User\Desktop\水道樣本\KHS_7\KHS7_1087.bmp,TK_8
C:\Users\User\Desktop\水道樣本\KHS_7\KHS7_1088.bmp,TK_9
C:\Users\User\Desktop\水道樣本\KHS_7\KHS7_1089.bmp,TK_9
C:\Users\User\Desktop\水道樣本\KHS_7\KHS7_109.bmp,TK_9
C:\Users\User\Desktop\水道樣本\KHS_7\KHS7_1090.bmp,TK_9
C:\Users\User\Desktop\水道樣本\KHS_7\KHS7_1091.bmp,TK_9
C:\Users\User\Desktop\水道樣本\KHS_7\KHS7_1092.bmp,TK_9
C:\Users\User\Desktop\水道樣本\KHS_7\KHS7_1093.bmp,TK_9
C:\Users\User\Desktop\水道樣本\KHS_7\KHS7_1094.bmp,TK_9
C:\Users\User\Desktop\水道樣本\KHS_7\KHS7_1095.bmp,TK_8
C:\Users\User\Desktop\水道樣本\KHS_7\KHS7_1096.bmp,TK_4
C:\Users\User\Desktop\水道樣本\KHS_7\KHS7_1097.bmp,TK_9
C:\Users\User\Desktop\水道樣本\KHS_7\KHS7_1098.bmp,TK_9
C:\Users\User\Desktop\水道樣本\KHS_7\KHS7_1099.bmp,TK_9
C:\Users\User\Desktop\水道樣本\KHS_7\KHS7_11.bmp,TK_16
C:\Users\User\Desktop\水道樣本\KHS_7\KHS7_110.bmp,TC_192
C:\Users\User\Desktop\水道樣本\KHS_7\KHS7_1100.bmp,TK_9
C:\Users\User\Desktop\水道樣本\KHS_7\KHS7_1101.bmp,TK_9
C:\Users\User\Desktop\水道樣本\KHS_7\KHS7_1102.bmp,TK_9
C:\Users\User\Desktop\水道樣本\KHS_7\KHS7_1103.bmp,TK_9
C:\Users\User\Desktop\水道樣本\KHS_7\KHS7_1104.bmp,TK_16
C:\Users\User\Desktop\水道樣本\KHS_7\KHS7_1105.bmp,TK_16
C:\Users\User\Desktop\水道樣本\KHS_7\KHS7_1106.bmp,TK_9
C:\Users\User\Desktop\水道樣本\KHS_7\KHS7_1107.bmp,TK_4
C:\Users\User\Desktop\水道樣本\KHS_7\KHS7_1108.bmp,TK_9
C:\Users\User\Desktop\水道樣本\KHS_7\KHS7_1109.bmp,TK_9
C:\Users\User\Desktop\水道樣本\KHS_7\KHS7_111.bmp,TK_4
C:\Users\User\Desktop\水道樣本\KHS_7\KHS7_1110.bmp,TK_9
C:\Users\User\Desktop\水道樣本\KHS_7\KHS7_1111.bmp,TK_16
C:\Users\User\Desktop\水道樣本\KHS_7\KHS7_1112.bmp,TK_4
C:\Users\User\Desktop\水道樣本\KHS_7\KHS7_1113.bmp,TK_9
C:\Users\User\Desktop\水道樣本\KHS_7\KHS7_1114.bmp,TK_9
C:\Users\User\Desktop\水道樣本\KHS_7\KHS7_1115.bmp,TK_9
C:\Users\User\Desktop\水道樣本\KHS_7\KHS7_1116.bmp,TK_9
C:\Users\User\Desktop\水道樣本\KHS_7\KHS7_1117.bmp,TK_9
C:\Users\User\Desktop\水道樣本\KHS_7\KHS7_1118.bmp,TK_9
C:\Users\User\Desktop\水道樣本\KHS_7\KHS7_1119.bmp,TK_9
C:\Users\User\Desktop\水道樣本\KHS_7\KHS7_112.bmp,TK_9
C:\Users\User\Desktop\水道樣本\KHS_7\KHS7_1120.bmp,TK_9
C:\Users\User\Desktop\水道樣本\KHS_7\KHS7_1121.bmp,TK_9
C:\Users\User\Desktop\水道樣本\KHS_7\KHS7_1122.bmp,TC_192
C:\Users\User\Desktop\水道樣本\KHS_7\KHS7_1123.bmp,TK_8
C:\Users\User\Desktop\水道樣本\KHS_7\KHS7_1124.bmp,TK_9
C:\Users\User\Desktop\水道樣本\KHS_7\KHS7_1125.bmp,TK_16
C:\Users\User\Desktop\水道樣本\KHS_7\KHS7_1126.bmp,TK_9
C:\Users\User\Desktop\水道樣本\KHS_7\KHS7_1127.bmp,TK_9
C:\Users\User\Desktop\水道樣本\KHS_7\KHS7_1128.bmp,TK_9
C:\Users\User\Desktop\水道樣本\KHS_7\KHS7_1129.bmp,TK_9
C:\Users\User\Desktop\水道樣本\KHS_7\KHS7_113.bmp,TK_9
C:\Users\User\Desktop\水道樣本\KHS_7\KHS7_1130.bmp,TK_9
C:\Users\User\Desktop\水道樣本\KHS_7\KHS7_1131.bmp,TK_9
C:\Users\User\Desktop\水道樣本\KHS_7\KHS7_1132.bmp,TK_16
C:\Users\User\Desktop\水道樣本\KHS_7\KHS7_1133.bmp,TK_9
C:\Users\User\Desktop\水道樣本\KHS_7\KHS7_1134.bmp,TK_9
C:\Users\User\Desktop\水道樣本\KHS_7\KHS7_1135.bmp,TK_9
C:\Users\User\Desktop\水道樣本\KHS_7\KHS7_1136.bmp,TK_9
C:\Users\User\Desktop\水道樣本\KHS_7\KHS7_1137.bmp,TK_9
C:\Users\User\Desktop\水道樣本\KHS_7\KHS7_1138.bmp,TK_9
C:\Users\User\Desktop\水道樣本\KHS_7\KHS7_1139.bmp,TK_8
C:\Users\User\Desktop\水道樣本\KHS_7\KHS7_114.bmp,TK_9
C:\Users\User\Desktop\水道樣本\KHS_7\KHS7_1140.bmp,TK_16
C:\Users\User\Desktop\水道樣本\KHS_7\KHS7_1141.bmp,TK_9
C:\Users\User\Desktop\水道樣本\KHS_7\KHS7_1142.bmp,TK_9
C:\Users\User\Desktop\水道樣本\KHS_7\KHS7_1143.bmp,TC_192
C:\Users\User\Desktop\水道樣本\KHS_7\KHS7_1144.bmp,TC_192
C:\Users\User\Desktop\水道樣本\KHS_7\KHS7_1145.bmp,TK_9
C:\Users\User\Desktop\水道樣本\KHS_7\KHS7_1146.bmp,TK_16
C:\Users\User\Desktop\水道樣本\KHS_7\KHS7_1147.bmp,TK_8
C:\Users\User\Desktop\水道樣本\KHS_7\KHS7_1148.bmp,TK_9
C:\Users\User\Desktop\水道樣本\KHS_7\KHS7_1149.bmp,TK_9
C:\Users\User\Desktop\水道樣本\KHS_7\KHS7_115.bmp,TK_9
C:\Users\User\Desktop\水道樣本\KHS_7\KHS7_1150.bmp,TK_9
C:\Users\User\Desktop\水道樣本\KHS_7\KHS7_1151.bmp,TK_9
C:\Users\User\Desktop\水道樣本\KHS_7\KHS7_1152.bmp,TK_9
C:\Users\User\Desktop\水道樣本\KHS_7\KHS7_1153.bmp,TK_9
C:\Users\User\Desktop\水道樣本\KHS_7\KHS7_1154.bmp,TK_9
C:\Users\User\Desktop\水道樣本\KHS_7\KHS7_1155.bmp,TK_16
C:\Users\User\Desktop\水道樣本\KHS_7\KHS7_1156.bmp,TK_9
C:\Users\User\Desktop\水道樣本\KHS_7\KHS7_1157.bmp,TC_192
C:\Users\User\Desktop\水道樣本\KHS_7\KHS7_1158.bmp,TK_9
C:\Users\User\Desktop\水道樣本\KHS_7\KHS7_1159.bmp,TK_9
C:\Users\User\Desktop\水道樣本\KHS_7\KHS7_116.bmp,TK_9
C:\Users\User\Desktop\水道樣本\KHS_7\KHS7_1160.bmp,TK_9
C:\Users\User\Desktop\水道樣本\KHS_7\KHS7_1161.bmp,TK_9
C:\Users\User\Desktop\水道樣本\KHS_7\KHS7_1162.bmp,TK_9
C:\Users\User\Desktop\水道樣本\KHS_7\KHS7_1163.bmp,TK_9
C:\Users\User\Desktop\水道樣本\KHS_7\KHS7_1164.bmp,TK_9
C:\Users\User\Desktop\水道樣本\KHS_7\KHS7_1165.bmp,TK_9
C:\Users\User\Desktop\水道樣本\KHS_7\KHS7_1166.bmp,TK_9
C:\Users\User\Desktop\水道樣本\KHS_7\KHS7_1167.bmp,TC_192
C:\Users\User\Desktop\水道樣本\KHS_7\KHS7_1168.bmp,TK_9
C:\Users\User\Desktop\水道樣本\KHS_7\KHS7_1169.bmp,TK_9
C:\Users\User\Desktop\水道樣本\KHS_7\KHS7_117.bmp,TK_9
C:\Users\User\Desktop\水道樣本\KHS_7\KHS7_1170.bmp,TK_9
C:\Users\User\Desktop\水道樣本\KHS_7\KHS7_1171.bmp,TC_192
C:\Users\User\Desktop\水道樣本\KHS_7\KHS7_1172.bmp,TK_4
C:\Users\User\Desktop\水道樣本\KHS_7\KHS7_1173.bmp,TK_9
C:\Users\User\Desktop\水道樣本\KHS_7\KHS7_1174.bmp,TK_9
C:\Users\User\Desktop\水道樣本\KHS_7\KHS7_1175.bmp,TK_9
C:\Users\User\Desktop\水道樣本\KHS_7\KHS7_1176.bmp,TC_192
C:\Users\User\Desktop\水道樣本\KHS_7\KHS7_1177.bmp,TK_16
C:\Users\User\Desktop\水道樣本\KHS_7\KHS7_1178.bmp,TK_9
C:\Users\User\Desktop\水道樣本\KHS_7\KHS7_1179.bmp,TK_9
C:\Users\User\Desktop\水道樣本\KHS_7\KHS7_118.bmp,TK_9
C:\Users\User\Desktop\水道樣本\KHS_7\KHS7_1180.bmp,TK_16
C:\Users\User\Desktop\水道樣本\KHS_7\KHS7_1181.bmp,TK_4
C:\Users\User\Desktop\水道樣本\KHS_7\KHS7_1182.bmp,TK_9
C:\Users\User\Desktop\水道樣本\KHS_7\KHS7_1183.bmp,TK_9
C:\Users\User\Desktop\水道樣本\KHS_7\KHS7_1184.bmp,TK_9
C:\Users\User\Desktop\水道樣本\KHS_7\KHS7_1185.bmp,TK_4
C:\Users\User\Desktop\水道樣本\KHS_7\KHS7_1186.bmp,TC_192
C:\Users\User\Desktop\水道樣本\KHS_7\KHS7_1187.bmp,TK_9
C:\Users\User\Desktop\水道樣本\KHS_7\KHS7_1188.bmp,TK_9
C:\Users\User\Desktop\水道樣本\KHS_7\KHS7_1189.bmp,TK_9
C:\Users\User\Desktop\水道樣本\KHS_7\KHS7_119.bmp,TK_9
C:\Users\User\Desktop\水道樣本\KHS_7\KHS7_1190.bmp,TK_9
C:\Users\User\Desktop\水道樣本\KHS_7\KHS7_1191.bmp,TK_9
C:\Users\User\Desktop\水道樣本\KHS_7\KHS7_1192.bmp,TK_9
C:\Users\User\Desktop\水道樣本\KHS_7\KHS7_1193.bmp,TC_192
C:\Users\User\Desktop\水道樣本\KHS_7\KHS7_1194.bmp,TK_9
C:\Users\User\Desktop\水道樣本\KHS_7\KHS7_1195.bmp,TK_9
C:\Users\User\Desktop\水道樣本\KHS_7\KHS7_1196.bmp,TK_9
C:\Users\User\Desktop\水道樣本\KHS_7\KHS7_1197.bmp,TK_9
C:\Users\User\Desktop\水道樣本\KHS_7\KHS7_1198.bmp,TK_9
C:\Users\User\Desktop\水道樣本\KHS_7\KHS7_1199.bmp,TK_9
C:\Users\User\Desktop\水道樣本\KHS_7\KHS7_12.bmp,TK_4
C:\Users\User\Desktop\水道樣本\KHS_7\KHS7_120.bmp,TK_9
C:\Users\User\Desktop\水道樣本\KHS_7\KHS7_1200.bmp,TK_9
C:\Users\User\Desktop\水道樣本\KHS_7\KHS7_121.bmp,TK_9
C:\Users\User\Desktop\水道樣本\KHS_7\KHS7_122.bmp,TK_9
C:\Users\User\Desktop\水道樣本\KHS_7\KHS7_123.bmp,TK_9
C:\Users\User\Desktop\水道樣本\KHS_7\KHS7_124.bmp,TK_9
C:\Users\User\Desktop\水道樣本\KHS_7\KHS7_125.bmp,TK_9
C:\Users\User\Desktop\水道樣本\KHS_7\KHS7_126.bmp,TK_9
C:\Users\User\Desktop\水道樣本\KHS_7\KHS7_127.bmp,TK_9
C:\Users\User\Desktop\水道樣本\KHS_7\KHS7_128.bmp,TK_9
C:\Users\User\Desktop\水道樣本\KHS_7\KHS7_129.bmp,TK_9
C:\Users\User\Desktop\水道樣本\KHS_7\KHS7_13.bmp,TC_192
C:\Users\User\Desktop\水道樣本\KHS_7\KHS7_130.bmp,TC_192
C:\Users\User\Desktop\水道樣本\KHS_7\KHS7_131.bmp,TK_9
C:\Users\User\Desktop\水道樣本\KHS_7\KHS7_132.bmp,TK_9
C:\Users\User\Desktop\水道樣本\KHS_7\KHS7_133.bmp,TK_9
C:\Users\User\Desktop\水道樣本\KHS_7\KHS7_134.bmp,TK_9
C:\Users\User\Desktop\水道樣本\KHS_7\KHS7_135.bmp,TK_9
C:\Users\User\Desktop\水道樣本\KHS_7\KHS7_136.bmp,TK_4
C:\Users\User\Desktop\水道樣本\KHS_7\KHS7_137.bmp,TK_4
C:\Users\User\Desktop\水道樣本\KHS_7\KHS7_138.bmp,TK_9
C:\Users\User\Desktop\水道樣本\KHS_7\KHS7_139.bmp,TK_9
C:\Users\User\Desktop\水道樣本\KHS_7\KHS7_14.bmp,TK_9
C:\Users\User\Desktop\水道樣本\KHS_7\KHS7_140.bmp,TC_192
C:\Users\User\Desktop\水道樣本\KHS_7\KHS7_141.bmp,TK_9
C:\Users\User\Desktop\水道樣本\KHS_7\KHS7_142.bmp,TK_9
C:\Users\User\Desktop\水道樣本\KHS_7\KHS7_143.bmp,TK_9
C:\Users\User\Desktop\水道樣本\KHS_7\KHS7_144.bmp,TK_9
C:\Users\User\Desktop\水道樣本\KHS_7\KHS7_145.bmp,TC_192
C:\Users\User\Desktop\水道樣本\KHS_7\KHS7_146.bmp,TK_9
C:\Users\User\Desktop\水道樣本\KHS_7\KHS7_147.bmp,TK_9
C:\Users\User\Desktop\水道樣本\KHS_7\KHS7_148.bmp,TC_192
C:\Users\User\Desktop\水道樣本\KHS_7\KHS7_149.bmp,TK_9
C:\Users\User\Desktop\水道樣本\KHS_7\KHS7_15.bmp,TK_9
C:\Users\User\Desktop\水道樣本\KHS_7\KHS7_150.bmp,TK_9
C:\Users\User\Desktop\水道樣本\KHS_7\KHS7_151.bmp,TK_16
C:\Users\User\Desktop\水道樣本\KHS_7\KHS7_152.bmp,TK_9
C:\Users\User\Desktop\水道樣本\KHS_7\KHS7_153.bmp,TK_9
C:\Users\User\Desktop\水道樣本\KHS_7\KHS7_154.bmp,TK_9
C:\Users\User\Desktop\水道樣本\KHS_7\KHS7_155.bmp,TK_9
C:\Users\User\Desktop\水道樣本\KHS_7\KHS7_156.bmp,TK_9
C:\Users\User\Desktop\水道樣本\KHS_7\KHS7_157.bmp,TK_9
C:\Users\User\Desktop\水道樣本\KHS_7\KHS7_158.bmp,TK_9
C:\Users\User\Desktop\水道樣本\KHS_7\KHS7_159.bmp,TK_9
C:\Users\User\Desktop\水道樣本\KHS_7\KHS7_16.bmp,TK_9
C:\Users\User\Desktop\水道樣本\KHS_7\KHS7_160.bmp,TK_9
C:\Users\User\Desktop\水道樣本\KHS_7\KHS7_161.bmp,TK_8
C:\Users\User\Desktop\水道樣本\KHS_7\KHS7_162.bmp,TK_9
C:\Users\User\Desktop\水道樣本\KHS_7\KHS7_163.bmp,TK_8
C:\Users\User\Desktop\水道樣本\KHS_7\KHS7_164.bmp,TK_9
C:\Users\User\Desktop\水道樣本\KHS_7\KHS7_165.bmp,TK_9
C:\Users\User\Desktop\水道樣本\KHS_7\KHS7_166.bmp,TK_9
C:\Users\User\Desktop\水道樣本\KHS_7\KHS7_167.bmp,TK_9
C:\Users\User\Desktop\水道樣本\KHS_7\KHS7_168.bmp,TC_192
C:\Users\User\Desktop\水道樣本\KHS_7\KHS7_169.bmp,TK_9
C:\Users\User\Desktop\水道樣本\KHS_7\KHS7_17.bmp,TK_9
C:\Users\User\Desktop\水道樣本\KHS_7\KHS7_170.bmp,TK_9
C:\Users\User\Desktop\水道樣本\KHS_7\KHS7_171.bmp,TK_9
C:\Users\User\Desktop\水道樣本\KHS_7\KHS7_172.bmp,TK_9
C:\Users\User\Desktop\水道樣本\KHS_7\KHS7_173.bmp,TK_9
C:\Users\User\Desktop\水道樣本\KHS_7\KHS7_174.bmp,TK_9
C:\Users\User\Desktop\水道樣本\KHS_7\KHS7_175.bmp,TK_9
C:\Users\User\Desktop\水道樣本\KHS_7\KHS7_176.bmp,TK_9
C:\Users\User\Desktop\水道樣本\KHS_7\KHS7_177.bmp,TK_9
C:\Users\User\Desktop\水道樣本\KHS_7\KHS7_178.bmp,TK_9
C:\Users\User\Desktop\水道樣本\KHS_7\KHS7_179.bmp,TK_16
C:\Users\User\Desktop\水道樣本\KHS_7\KHS7_18.bmp,TK_9
C:\Users\User\Desktop\水道樣本\KHS_7\KHS7_180.bmp,TK_9
C:\Users\User\Desktop\水道樣本\KHS_7\KHS7_181.bmp,TK_9
C:\Users\User\Desktop\水道樣本\KHS_7\KHS7_182.bmp,TK_8
C:\Users\User\Desktop\水道樣本\KHS_7\KHS7_183.bmp,TK_9
C:\Users\User\Desktop\水道樣本\KHS_7\KHS7_184.bmp,TK_16
C:\Users\User\Desktop\水道樣本\KHS_7\KHS7_185.bmp,TK_9
C:\Users\User\Desktop\水道樣本\KHS_7\KHS7_186.bmp,TK_9
C:\Users\User\Desktop\水道樣本\KHS_7\KHS7_187.bmp,TK_9
C:\Users\User\Desktop\水道樣本\KHS_7\KHS7_188.bmp,TK_9
C:\Users\User\Desktop\水道樣本\KHS_7\KHS7_189.bmp,TK_9
C:\Users\User\Desktop\水道樣本\KHS_7\KHS7_19.bmp,TK_9
C:\Users\User\Desktop\水道樣本\KHS_7\KHS7_190.bmp,TK_16
C:\Users\User\Desktop\水道樣本\KHS_7\KHS7_191.bmp,TK_9
C:\Users\User\Desktop\水道樣本\KHS_7\KHS7_192.bmp,TK_9
C:\Users\User\Desktop\水道樣本\KHS_7\KHS7_193.bmp,TK_9
C:\Users\User\Desktop\水道樣本\KHS_7\KHS7_194.bmp,TK_16
C:\Users\User\Desktop\水道樣本\KHS_7\KHS7_195.bmp,TK_9
C:\Users\User\Desktop\水道樣本\KHS_7\KHS7_196.bmp,TC_192
C:\Users\User\Desktop\水道樣本\KHS_7\KHS7_197.bmp,TK_9
C:\Users\User\Desktop\水道樣本\KHS_7\KHS7_198.bmp,TK_4
C:\Users\User\Desktop\水道樣本\KHS_7\KHS7_199.bmp,TK_16
C:\Users\User\Desktop\水道樣本\KHS_7\KHS7_2.bmp,TK_9
C:\Users\User\Desktop\水道樣本\KHS_7\KHS7_20.bmp,TK_16
C:\Users\User\Desktop\水道樣本\KHS_7\KHS7_200.bmp,TK_9
C:\Users\User\Desktop\水道樣本\KHS_7\KHS7_201.bmp,TK_9
C:\Users\User\Desktop\水道樣本\KHS_7\KHS7_202.bmp,TK_16
C:\Users\User\Desktop\水道樣本\KHS_7\KHS7_203.bmp,TK_16
C:\Users\User\Desktop\水道樣本\KHS_7\KHS7_204.bmp,TK_9
C:\Users\User\Desktop\水道樣本\KHS_7\KHS7_205.bmp,TK_16
C:\Users\User\Desktop\水道樣本\KHS_7\KHS7_206.bmp,TC_192
C:\Users\User\Desktop\水道樣本\KHS_7\KHS7_207.bmp,TK_9
C:\Users\User\Desktop\水道樣本\KHS_7\KHS7_208.bmp,TK_9
C:\Users\User\Desktop\水道樣本\KHS_7\KHS7_209.bmp,TK_9
C:\Users\User\Desktop\水道樣本\KHS_7\KHS7_21.bmp,TK_9
C:\Users\User\Desktop\水道樣本\KHS_7\KHS7_210.bmp,TK_9
C:\Users\User\Desktop\水道樣本\KHS_7\KHS7_211.bmp,TK_9
C:\Users\User\Desktop\水道樣本\KHS_7\KHS7_212.bmp,TK_9
C:\Users\User\Desktop\水道樣本\KHS_7\KHS7_213.bmp,TK_9
C:\Users\User\Desktop\水道樣本\KHS_7\KHS7_214.bmp,TC_192
C:\Users\User\Desktop\水道樣本\KHS_7\KHS7_215.bmp,TK_9
C:\Users\User\Desktop\水道樣本\KHS_7\KHS7_216.bmp,TK_9
C:\Users\User\Desktop\水道樣本\KHS_7\KHS7_217.bmp,TK_9
C:\Users\User\Desktop\水道樣本\KHS_7\KHS7_218.bmp,TK_9
C:\Users\User\Desktop\水道樣本\KHS_7\KHS7_219.bmp,TC_192
C:\Users\User\Desktop\水道樣本\KHS_7\KHS7_22.bmp,TK_9
C:\Users\User\Desktop\水道樣本\KHS_7\KHS7_220.bmp,TK_9
C:\Users\User\Desktop\水道樣本\KHS_7\KHS7_221.bmp,TK_9
C:\Users\User\Desktop\水道樣本\KHS_7\KHS7_222.bmp,TK_9
C:\Users\User\Desktop\水道樣本\KHS_7\KHS7_223.bmp,TK_9
C:\Users\User\Desktop\水道樣本\KHS_7\KHS7_224.bmp,TK_9
C:\Users\User\Desktop\水道樣本\KHS_7\KHS7_225.bmp,TK_4
C:\Users\User\Desktop\水道樣本\KHS_7\KHS7_226.bmp,TK_9
C:\Users\User\Desktop\水道樣本\KHS_7\KHS7_227.bmp,TK_14
C:\Users\User\Desktop\水道樣本\KHS_7\KHS7_228.bmp,TK_9
C:\Users\User\Desktop\水道樣本\KHS_7\KHS7_229.bmp,TC_192
C:\Users\User\Desktop\水道樣本\KHS_7\KHS7_23.bmp,TK_9
C:\Users\User\Desktop\水道樣本\KHS_7\KHS7_230.bmp,TK_9
C:\Users\User\Desktop\水道樣本\KHS_7\KHS7_231.bmp,TK_9
C:\Users\User\Desktop\水道樣本\KHS_7\KHS7_232.bmp,TK_9
C:\Users\User\Desktop\水道樣本\KHS_7\KHS7_233.bmp,TK_9
C:\Users\User\Desktop\水道樣本\KHS_7\KHS7_234.bmp,TK_9
C:\Users\User\Desktop\水道樣本\KHS_7\KHS7_235.bmp,TK_9
C:\Users\User\Desktop\水道樣本\KHS_7\KHS7_236.bmp,TC_192
C:\Users\User\Desktop\水道樣本\KHS_7\KHS7_237.bmp,TC_192
C:\Users\User\Desktop\水道樣本\KHS_7\KHS7_238.bmp,TK_9
C:\Users\User\Desktop\水道樣本\KHS_7\KHS7_239.bmp,TK_9
C:\Users\User\Desktop\水道樣本\KHS_7\KHS7_24.bmp,TK_9
C:\Users\User\Desktop\水道樣本\KHS_7\KHS7_240.bmp,TK_9
C:\Users\User\Desktop\水道樣本\KHS_7\KHS7_241.bmp,TK_9
C:\Users\User\Desktop\水道樣本\KHS_7\KHS7_242.bmp,TK_9
C:\Users\User\Desktop\水道樣本\KHS_7\KHS7_243.bmp,TK_9
C:\Users\User\Desktop\水道樣本\KHS_7\KHS7_244.bmp,TK_9
C:\Users\User\Desktop\水道樣本\KHS_7\KHS7_245.bmp,TK_9
C:\Users\User\Desktop\水道樣本\KHS_7\KHS7_246.bmp,TK_9
C:\Users\User\Desktop\水道樣本\KHS_7\KHS7_247.bmp,TC_192
C:\Users\User\Desktop\水道樣本\KHS_7\KHS7_248.bmp,TK_9
C:\Users\User\Desktop\水道樣本\KHS_7\KHS7_249.bmp,TK_4
C:\Users\User\Desktop\水道樣本\KHS_7\KHS7_25.bmp,TK_4
C:\Users\User\Desktop\水道樣本\KHS_7\KHS7_250.bmp,TK_9
C:\Users\User\Desktop\水道樣本\KHS_7\KHS7_251.bmp,TK_16
C:\Users\User\Desktop\水道樣本\KHS_7\KHS7_252.bmp,TK_9
C:\Users\User\Desktop\水道樣本\KHS_7\KHS7_253.bmp,TK_9
C:\Users\User\Desktop\水道樣本\KHS_7\KHS7_254.bmp,TK_9
C:\Users\User\Desktop\水道樣本\KHS_7\KHS7_255.bmp,TK_4
C:\Users\User\Desktop\水道樣本\KHS_7\KHS7_256.bmp,TK_16
C:\Users\User\Desktop\水道樣本\KHS_7\KHS7_257.bmp,TK_9
C:\Users\User\Desktop\水道樣本\KHS_7\KHS7_258.bmp,TK_9
C:\Users\User\Desktop\水道樣本\KHS_7\KHS7_259.bmp,TK_16
C:\Users\User\Desktop\水道樣本\KHS_7\KHS7_26.bmp,TK_9
C:\Users\User\Desktop\水道樣本\KHS_7\KHS7_260.bmp,TK_9
C:\Users\User\Desktop\水道樣本\KHS_7\KHS7_261.bmp,TK_16
C:\Users\User\Desktop\水道樣本\KHS_7\KHS7_262.bmp,TK_9
C:\Users\User\Desktop\水道樣本\KHS_7\KHS7_263.bmp,TK_9
C:\Users\User\Desktop\水道樣本\KHS_7\KHS7_264.bmp,TK_16
C:\Users\User\Desktop\水道樣本\KHS_7\KHS7_265.bmp,TC_192
C:\Users\User\Desktop\水道樣本\KHS_7\KHS7_266.bmp,TK_9
C:\Users\User\Desktop\水道樣本\KHS_7\KHS7_267.bmp,TC_192
C:\Users\User\Desktop\水道樣本\KHS_7\KHS7_268.bmp,TC_192
C:\Users\User\Desktop\水道樣本\KHS_7\KHS7_269.bmp,TK_9
C:\Users\User\Desktop\水道樣本\KHS_7\KHS7_27.bmp,TK_9
C:\Users\User\Desktop\水道樣本\KHS_7\KHS7_270.bmp,TK_9
C:\Users\User\Desktop\水道樣本\KHS_7\KHS7_271.bmp,TK_9
C:\Users\User\Desktop\水道樣本\KHS_7\KHS7_272.bmp,TK_9
C:\Users\User\Desktop\水道樣本\KHS_7\KHS7_273.bmp,TK_9
C:\Users\User\Desktop\水道樣本\KHS_7\KHS7_274.bmp,TC_192
C:\Users\User\Desktop\水道樣本\KHS_7\KHS7_275.bmp,TK_16
C:\Users\User\Desktop\水道樣本\KHS_7\KHS7_276.bmp,TK_4
C:\Users\User\Desktop\水道樣本\KHS_7\KHS7_277.bmp,TK_9
C:\Users\User\Desktop\水道樣本\KHS_7\KHS7_278.bmp,TK_9
C:\Users\User\Desktop\水道樣本\KHS_7\KHS7_279.bmp,TK_9
C:\Users\User\Desktop\水道樣本\KHS_7\KHS7_28.bmp,TC_192
C:\Users\User\Desktop\水道樣本\KHS_7\KHS7_280.bmp,TC_192
C:\Users\User\Desktop\水道樣本\KHS_7\KHS7_281.bmp,TK_9
C:\Users\User\Desktop\水道樣本\KHS_7\KHS7_282.bmp,TK_9
C:\Users\User\Desktop\水道樣本\KHS_7\KHS7_283.bmp,TK_9
C:\Users\User\Desktop\水道樣本\KHS_7\KHS7_284.bmp,TK_9
C:\Users\User\Desktop\水道樣本\KHS_7\KHS7_285.bmp,TK_9
C:\Users\User\Desktop\水道樣本\KHS_7\KHS7_286.bmp,TK_9
C:\Users\User\Desktop\水道樣本\KHS_7\KHS7_287.bmp,TK_9
C:\Users\User\Desktop\水道樣本\KHS_7\KHS7_288.bmp,TK_9
C:\Users\User\Desktop\水道樣本\KHS_7\KHS7_289.bmp,TK_9
C:\Users\User\Desktop\水道樣本\KHS_7\KHS7_29.bmp,TK_4
C:\Users\User\Desktop\水道樣本\KHS_7\KHS7_290.bmp,TK_9
C:\Users\User\Desktop\水道樣本\KHS_7\KHS7_291.bmp,TK_4
C:\Users\User\Desktop\水道樣本\KHS_7\KHS7_292.bmp,TK_9
C:\Users\User\Desktop\水道樣本\KHS_7\KHS7_293.bmp,TK_9
C:\Users\User\Desktop\水道樣本\KHS_7\KHS7_294.bmp,TK_9
C:\Users\User\Desktop\水道樣本\KHS_7\KHS7_295.bmp,TC_192
C:\Users\User\Desktop\水道樣本\KHS_7\KHS7_296.bmp,TK_9
C:\Users\User\Desktop\水道樣本\KHS_7\KHS7_297.bmp,TC_192
C:\Users\User\Desktop\水道樣本\KHS_7\KHS7_298.bmp,TK_9
C:\Users\User\Desktop\水道樣本\KHS_7\KHS7_299.bmp,TK_9
C:\Users\User\Desktop\水道樣本\KHS_7\KHS7_3.bmp,TK_8
C:\Users\User\Desktop\水道樣本\KHS_7\KHS7_30.bmp,TK_9
C:\Users\User\Desktop\水道樣本\KHS_7\KHS7_300.bmp,TK_4
C:\Users\User\Desktop\水道樣本\KHS_7\KHS7_301.bmp,TK_16
C:\Users\User\Desktop\水道樣本\KHS_7\KHS7_302.bmp,TK_16
C:\Users\User\Desktop\水道樣本\KHS_7\KHS7_303.bmp,TK_9
C:\Users\User\Desktop\水道樣本\KHS_7\KHS7_304.bmp,TK_9
C:\Users\User\Desktop\水道樣本\KHS_7\KHS7_305.bmp,TK_9
C:\Users\User\Desktop\水道樣本\KHS_7\KHS7_306.bmp,TK_9
C:\Users\User\Desktop\水道樣本\KHS_7\KHS7_307.bmp,TC_192
C:\Users\User\Desktop\水道樣本\KHS_7\KHS7_308.bmp,TK_9
C:\Users\User\Desktop\水道樣本\KHS_7\KHS7_309.bmp,TK_9
C:\Users\User\Desktop\水道樣本\KHS_7\KHS7_31.bmp,TK_9
C:\Users\User\Desktop\水道樣本\KHS_7\KHS7_310.bmp,TK_16
C:\Users\User\Desktop\水道樣本\KHS_7\KHS7_311.bmp,TK_9
C:\Users\User\Desktop\水道樣本\KHS_7\KHS7_312.bmp,TK_9
C:\Users\User\Desktop\水道樣本\KHS_7\KHS7_313.bmp,TK_9
C:\Users\User\Desktop\水道樣本\KHS_7\KHS7_314.bmp,TK_9
C:\Users\User\Desktop\水道樣本\KHS_7\KHS7_315.bmp,TK_9
C:\Users\User\Desktop\水道樣本\KHS_7\KHS7_316.bmp,TK_9
C:\Users\User\Desktop\水道樣本\KHS_7\KHS7_317.bmp,TK_9
C:\Users\User\Desktop\水道樣本\KHS_7\KHS7_318.bmp,TK_9
C:\Users\User\Desktop\水道樣本\KHS_7\KHS7_319.bmp,TK_9
C:\Users\User\Desktop\水道樣本\KHS_7\KHS7_32.bmp,TK_9
C:\Users\User\Desktop\水道樣本\KHS_7\KHS7_320.bmp,TK_9
C:\Users\User\Desktop\水道樣本\KHS_7\KHS7_321.bmp,TK_9
C:\Users\User\Desktop\水道樣本\KHS_7\KHS7_322.bmp,TK_9
C:\Users\User\Desktop\水道樣本\KHS_7\KHS7_323.bmp,TK_9
C:\Users\User\Desktop\水道樣本\KHS_7\KHS7_324.bmp,TC_192
C:\Users\User\Desktop\水道樣本\KHS_7\KHS7_325.bmp,TK_9
C:\Users\User\Desktop\水道樣本\KHS_7\KHS7_326.bmp,TK_4
C:\Users\User\Desktop\水道樣本\KHS_7\KHS7_327.bmp,TK_9
C:\Users\User\Desktop\水道樣本\KHS_7\KHS7_328.bmp,TK_9
C:\Users\User\Desktop\水道樣本\KHS_7\KHS7_329.bmp,TK_9
C:\Users\User\Desktop\水道樣本\KHS_7\KHS7_33.bmp,TK_9
C:\Users\User\Desktop\水道樣本\KHS_7\KHS7_330.bmp,TK_9
C:\Users\User\Desktop\水道樣本\KHS_7\KHS7_331.bmp,TK_9
C:\Users\User\Desktop\水道樣本\KHS_7\KHS7_332.bmp,TK_9
C:\Users\User\Desktop\水道樣本\KHS_7\KHS7_333.bmp,TC_192
C:\Users\User\Desktop\水道樣本\KHS_7\KHS7_334.bmp,TK_9
C:\Users\User\Desktop\水道樣本\KHS_7\KHS7_335.bmp,TK_9
C:\Users\User\Desktop\水道樣本\KHS_7\KHS7_336.bmp,TK_14
C:\Users\User\Desktop\水道樣本\KHS_7\KHS7_337.bmp,TK_9
C:\Users\User\Desktop\水道樣本\KHS_7\KHS7_338.bmp,TK_9
C:\Users\User\Desktop\水道樣本\KHS_7\KHS7_339.bmp,TK_9
C:\Users\User\Desktop\水道樣本\KHS_7\KHS7_34.bmp,TK_9
C:\Users\User\Desktop\水道樣本\KHS_7\KHS7_340.bmp,TK_16
C:\Users\User\Desktop\水道樣本\KHS_7\KHS7_341.bmp,TK_9
C:\Users\User\Desktop\水道樣本\KHS_7\KHS7_342.bmp,TK_9
C:\Users\User\Desktop\水道樣本\KHS_7\KHS7_343.bmp,TK_9
C:\Users\User\Desktop\水道樣本\KHS_7\KHS7_344.bmp,TK_9
C:\Users\User\Desktop\水道樣本\KHS_7\KHS7_345.bmp,TK_8
C:\Users\User\Desktop\水道樣本\KHS_7\KHS7_346.bmp,TK_16
C:\Users\User\Desktop\水道樣本\KHS_7\KHS7_347.bmp,TK_9
C:\Users\User\Desktop\水道樣本\KHS_7\KHS7_348.bmp,TC_192
C:\Users\User\Desktop\水道樣本\KHS_7\KHS7_349.bmp,TK_9
C:\Users\User\Desktop\水道樣本\KHS_7\KHS7_35.bmp,TK_16
C:\Users\User\Desktop\水道樣本\KHS_7\KHS7_350.bmp,TK_9
C:\Users\User\Desktop\水道樣本\KHS_7\KHS7_351.bmp,TK_9
C:\Users\User\Desktop\水道樣本\KHS_7\KHS7_352.bmp,TK_9
C:\Users\User\Desktop\水道樣本\KHS_7\KHS7_353.bmp,TK_9
C:\Users\User\Desktop\水道樣本\KHS_7\KHS7_354.bmp,TK_9
C:\Users\User\Desktop\水道樣本\KHS_7\KHS7_355.bmp,TK_9
C:\Users\User\Desktop\水道樣本\KHS_7\KHS7_356.bmp,TK_9
C:\Users\User\Desktop\水道樣本\KHS_7\KHS7_357.bmp,TC_192
C:\Users\User\Desktop\水道樣本\KHS_7\KHS7_358.bmp,TK_9
C:\Users\User\Desktop\水道樣本\KHS_7\KHS7_359.bmp,TK_16
C:\Users\User\Desktop\水道樣本\KHS_7\KHS7_36.bmp,TK_16
C:\Users\User\Desktop\水道樣本\KHS_7\KHS7_360.bmp,TK_9
C:\Users\User\Desktop\水道樣本\KHS_7\KHS7_361.bmp,TK_9
C:\Users\User\Desktop\水道樣本\KHS_7\KHS7_362.bmp,TK_9
C:\Users\User\Desktop\水道樣本\KHS_7\KHS7_363.bmp,TK_9
C:\Users\User\Desktop\水道樣本\KHS_7\KHS7_364.bmp,TK_9
C:\Users\User\Desktop\水道樣本\KHS_7\KHS7_365.bmp,TK_9
C:\Users\User\Desktop\水道樣本\KHS_7\KHS7_366.bmp,TK_9
C:\Users\User\Desktop\水道樣本\KHS_7\KHS7_367.bmp,TK_9
C:\Users\User\Desktop\水道樣本\KHS_7\KHS7_368.bmp,TK_14
C:\Users\User\Desktop\水道樣本\KHS_7\KHS7_369.bmp,TK_9
C:\Users\User\Desktop\水道樣本\KHS_7\KHS7_37.bmp,TK_9
C:\Users\User\Desktop\水道樣本\KHS_7\KHS7_370.bmp,TK_9
C:\Users\User\Desktop\水道樣本\KHS_7\KHS7_371.bmp,TK_9
C:\Users\User\Desktop\水道樣本\KHS_7\KHS7_372.bmp,TK_9
C:\Users\User\Desktop\水道樣本\KHS_7\KHS7_373.bmp,TK_9
C:\Users\User\Desktop\水道樣本\KHS_7\KHS7_374.bmp,TK_9
C:\Users\User\Desktop\水道樣本\KHS_7\KHS7_375.bmp,TK_16
C:\Users\User\Desktop\水道樣本\KHS_7\KHS7_376.bmp,TK_9
C:\Users\User\Desktop\水道樣本\KHS_7\KHS7_377.bmp,TK_9
C:\Users\User\Desktop\水道樣本\KHS_7\KHS7_378.bmp,TK_9
C:\Users\User\Desktop\水道樣本\KHS_7\KHS7_379.bmp,TK_9
C:\Users\User\Desktop\水道樣本\KHS_7\KHS7_38.bmp,TK_14
C:\Users\User\Desktop\水道樣本\KHS_7\KHS7_380.bmp,TK_9
C:\Users\User\Desktop\水道樣本\KHS_7\KHS7_381.bmp,TK_16
C:\Users\User\Desktop\水道樣本\KHS_7\KHS7_382.bmp,TK_9
C:\Users\User\Desktop\水道樣本\KHS_7\KHS7_383.bmp,TK_9
C:\Users\User\Desktop\水道樣本\KHS_7\KHS7_384.bmp,TK_9
C:\Users\User\Desktop\水道樣本\KHS_7\KHS7_385.bmp,TK_9
C:\Users\User\Desktop\水道樣本\KHS_7\KHS7_386.bmp,TK_9
C:\Users\User\Desktop\水道樣本\KHS_7\KHS7_387.bmp,TK_9
C:\Users\User\Desktop\水道樣本\KHS_7\KHS7_388.bmp,TK_9
C:\Users\User\Desktop\水道樣本\KHS_7\KHS7_389.bmp,TK_9
C:\Users\User\Desktop\水道樣本\KHS_7\KHS7_39.bmp,TK_9
C:\Users\User\Desktop\水道樣本\KHS_7\KHS7_390.bmp,TK_4
C:\Users\User\Desktop\水道樣本\KHS_7\KHS7_391.bmp,TK_4
C:\Users\User\Desktop\水道樣本\KHS_7\KHS7_392.bmp,TK_9
C:\Users\User\Desktop\水道樣本\KHS_7\KHS7_393.bmp,TK_16
C:\Users\User\Desktop\水道樣本\KHS_7\KHS7_394.bmp,TK_9
C:\Users\User\Desktop\水道樣本\KHS_7\KHS7_395.bmp,TK_4
C:\Users\User\Desktop\水道樣本\KHS_7\KHS7_396.bmp,TK_9
C:\Users\User\Desktop\水道樣本\KHS_7\KHS7_397.bmp,TK_9
C:\Users\User\Desktop\水道樣本\KHS_7\KHS7_398.bmp,TK_9
C:\Users\User\Desktop\水道樣本\KHS_7\KHS7_399.bmp,TK_9
C:\Users\User\Desktop\水道樣本\KHS_7\KHS7_4.bmp,TK_9
C:\Users\User\Desktop\水道樣本\KHS_7\KHS7_40.bmp,TK_9
C:\Users\User\Desktop\水道樣本\KHS_7\KHS7_400.bmp,TC_192
C:\Users\User\Desktop\水道樣本\KHS_7\KHS7_401.bmp,TK_9
C:\Users\User\Desktop\水道樣本\KHS_7\KHS7_402.bmp,TK_9
C:\Users\User\Desktop\水道樣本\KHS_7\KHS7_403.bmp,TK_4
C:\Users\User\Desktop\水道樣本\KHS_7\KHS7_404.bmp,TC_192
C:\Users\User\Desktop\水道樣本\KHS_7\KHS7_405.bmp,TK_9
C:\Users\User\Desktop\水道樣本\KHS_7\KHS7_406.bmp,TK_9
C:\Users\User\Desktop\水道樣本\KHS_7\KHS7_407.bmp,TK_9
C:\Users\User\Desktop\水道樣本\KHS_7\KHS7_408.bmp,TK_9
C:\Users\User\Desktop\水道樣本\KHS_7\KHS7_409.bmp,TK_9
C:\Users\User\Desktop\水道樣本\KHS_7\KHS7_41.bmp,TK_9
C:\Users\User\Desktop\水道樣本\KHS_7\KHS7_410.bmp,TK_9
C:\Users\User\Desktop\水道樣本\KHS_7\KHS7_411.bmp,TK_9
C:\Users\User\Desktop\水道樣本\KHS_7\KHS7_412.bmp,TK_9
C:\Users\User\Desktop\水道樣本\KHS_7\KHS7_413.bmp,TK_4
C:\Users\User\Desktop\水道樣本\KHS_7\KHS7_414.bmp,TK_9
C:\Users\User\Desktop\水道樣本\KHS_7\KHS7_415.bmp,TK_9
C:\Users\User\Desktop\水道樣本\KHS_7\KHS7_416.bmp,TK_9
C:\Users\User\Desktop\水道樣本\KHS_7\KHS7_417.bmp,TK_9
C:\Users\User\Desktop\水道樣本\KHS_7\KHS7_418.bmp,TK_9
C:\Users\User\Desktop\水道樣本\KHS_7\KHS7_419.bmp,TK_9
C:\Users\User\Desktop\水道樣本\KHS_7\KHS7_42.bmp,TK_9
C:\Users\User\Desktop\水道樣本\KHS_7\KHS7_420.bmp,TK_9
C:\Users\User\Desktop\水道樣本\KHS_7\KHS7_421.bmp,TK_16
C:\Users\User\Desktop\水道樣本\KHS_7\KHS7_422.bmp,TK_9
C:\Users\User\Desktop\水道樣本\KHS_7\KHS7_423.bmp,TK_9
C:\Users\User\Desktop\水道樣本\KHS_7\KHS7_424.bmp,TK_4
C:\Users\User\Desktop\水道樣本\KHS_7\KHS7_425.bmp,TK_9
C:\Users\User\Desktop\水道樣本\KHS_7\KHS7_426.bmp,TK_9
C:\Users\User\Desktop\水道樣本\KHS_7\KHS7_427.bmp,TC_192
C:\Users\User\Desktop\水道樣本\KHS_7\KHS7_428.bmp,TK_16
C:\Users\User\Desktop\水道樣本\KHS_7\KHS7_429.bmp,TK_9
C:\Users\User\Desktop\水道樣本\KHS_7\KHS7_43.bmp,TK_9
C:\Users\User\Desktop\水道樣本\KHS_7\KHS7_430.bmp,TK_9
C:\Users\User\Desktop\水道樣本\KHS_7\KHS7_431.bmp,TK_9
C:\Users\User\Desktop\水道樣本\KHS_7\KHS7_432.bmp,TK_9
C:\Users\User\Desktop\水道樣本\KHS_7\KHS7_433.bmp,TK_9
C:\Users\User\Desktop\水道樣本\KHS_7\KHS7_434.bmp,TK_9
C:\Users\User\Desktop\水道樣本\KHS_7\KHS7_435.bmp,TK_9
C:\Users\User\Desktop\水道樣本\KHS_7\KHS7_436.bmp,TK_9
C:\Users\User\Desktop\水道樣本\KHS_7\KHS7_437.bmp,TC_192
C:\Users\User\Desktop\水道樣本\KHS_7\KHS7_438.bmp,TK_9
C:\Users\User\Desktop\水道樣本\KHS_7\KHS7_439.bmp,TK_9
C:\Users\User\Desktop\水道樣本\KHS_7\KHS7_44.bmp,TK_9
C:\Users\User\Desktop\水道樣本\KHS_7\KHS7_440.bmp,TK_9
C:\Users\User\Desktop\水道樣本\KHS_7\KHS7_441.bmp,TK_9
C:\Users\User\Desktop\水道樣本\KHS_7\KHS7_442.bmp,TK_9
C:\Users\User\Desktop\水道樣本\KHS_7\KHS7_443.bmp,TK_9
C:\Users\User\Desktop\水道樣本\KHS_7\KHS7_444.bmp,TK_9
C:\Users\User\Desktop\水道樣本\KHS_7\KHS7_445.bmp,TK_9
C:\Users\User\Desktop\水道樣本\KHS_7\KHS7_446.bmp,TK_9
C:\Users\User\Desktop\水道樣本\KHS_7\KHS7_447.bmp,TK_9
C:\Users\User\Desktop\水道樣本\KHS_7\KHS7_448.bmp,TK_9
C:\Users\User\Desktop\水道樣本\KHS_7\KHS7_449.bmp,TK_9
C:\Users\User\Desktop\水道樣本\KHS_7\KHS7_45.bmp,TK_9
C:\Users\User\Desktop\水道樣本\KHS_7\KHS7_450.bmp,TK_9
C:\Users\User\Desktop\水道樣本\KHS_7\KHS7_451.bmp,TK_9
C:\Users\User\Desktop\水道樣本\KHS_7\KHS7_452.bmp,TK_9
C:\Users\User\Desktop\水道樣本\KHS_7\KHS7_453.bmp,TK_9
C:\Users\User\Desktop\水道樣本\KHS_7\KHS7_454.bmp,TK_9
C:\Users\User\Desktop\水道樣本\KHS_7\KHS7_455.bmp,TK_8
C:\Users\User\Desktop\水道樣本\KHS_7\KHS7_456.bmp,TK_8
C:\Users\User\Desktop\水道樣本\KHS_7\KHS7_457.bmp,TC_192
C:\Users\User\Desktop\水道樣本\KHS_7\KHS7_458.bmp,TK_9
C:\Users\User\Desktop\水道樣本\KHS_7\KHS7_459.bmp,TC_192
C:\Users\User\Desktop\水道樣本\KHS_7\KHS7_46.bmp,TK_9
C:\Users\User\Desktop\水道樣本\KHS_7\KHS7_460.bmp,TK_9
C:\Users\User\Desktop\水道樣本\KHS_7\KHS7_461.bmp,TK_9
C:\Users\User\Desktop\水道樣本\KHS_7\KHS7_462.bmp,TC_192
C:\Users\User\Desktop\水道樣本\KHS_7\KHS7_463.bmp,TK_9
C:\Users\User\Desktop\水道樣本\KHS_7\KHS7_464.bmp,TK_9
C:\Users\User\Desktop\水道樣本\KHS_7\KHS7_465.bmp,TK_9
C:\Users\User\Desktop\水道樣本\KHS_7\KHS7_466.bmp,TK_9
C:\Users\User\Desktop\水道樣本\KHS_7\KHS7_467.bmp,TK_4
C:\Users\User\Desktop\水道樣本\KHS_7\KHS7_468.bmp,TK_9
C:\Users\User\Desktop\水道樣本\KHS_7\KHS7_469.bmp,TK_9
C:\Users\User\Desktop\水道樣本\KHS_7\KHS7_47.bmp,TK_9
C:\Users\User\Desktop\水道樣本\KHS_7\KHS7_470.bmp,TK_4
C:\Users\User\Desktop\水道樣本\KHS_7\KHS7_471.bmp,TK_9
C:\Users\User\Desktop\水道樣本\KHS_7\KHS7_472.bmp,TK_9
C:\Users\User\Desktop\水道樣本\KHS_7\KHS7_473.bmp,TK_9
C:\Users\User\Desktop\水道樣本\KHS_7\KHS7_474.bmp,TK_9
C:\Users\User\Desktop\水道樣本\KHS_7\KHS7_475.bmp,TK_9
C:\Users\User\Desktop\水道樣本\KHS_7\KHS7_476.bmp,TC_192
C:\Users\User\Desktop\水道樣本\KHS_7\KHS7_477.bmp,TK_9
C:\Users\User\Desktop\水道樣本\KHS_7\KHS7_478.bmp,TC_192
C:\Users\User\Desktop\水道樣本\KHS_7\KHS7_479.bmp,TK_9
C:\Users\User\Desktop\水道樣本\KHS_7\KHS7_48.bmp,TK_9
C:\Users\User\Desktop\水道樣本\KHS_7\KHS7_480.bmp,TK_9
C:\Users\User\Desktop\水道樣本\KHS_7\KHS7_481.bmp,TK_16
C:\Users\User\Desktop\水道樣本\KHS_7\KHS7_482.bmp,TK_9
C:\Users\User\Desktop\水道樣本\KHS_7\KHS7_483.bmp,TK_9
C:\Users\User\Desktop\水道樣本\KHS_7\KHS7_484.bmp,TK_9
C:\Users\User\Desktop\水道樣本\KHS_7\KHS7_485.bmp,TK_9
C:\Users\User\Desktop\水道樣本\KHS_7\KHS7_486.bmp,TK_9
C:\Users\User\Desktop\水道樣本\KHS_7\KHS7_487.bmp,TK_9
C:\Users\User\Desktop\水道樣本\KHS_7\KHS7_488.bmp,TC_192
C:\Users\User\Desktop\水道樣本\KHS_7\KHS7_489.bmp,TK_9
C:\Users\User\Desktop\水道樣本\KHS_7\KHS7_49.bmp,TK_4
C:\Users\User\Desktop\水道樣本\KHS_7\KHS7_490.bmp,TK_9
C:\Users\User\Desktop\水道樣本\KHS_7\KHS7_491.bmp,TK_4
C:\Users\User\Desktop\水道樣本\KHS_7\KHS7_492.bmp,TK_9
C:\Users\User\Desktop\水道樣本\KHS_7\KHS7_493.bmp,TK_16
C:\Users\User\Desktop\水道樣本\KHS_7\KHS7_494.bmp,TK_16
C:\Users\User\Desktop\水道樣本\KHS_7\KHS7_495.bmp,TK_9
C:\Users\User\Desktop\水道樣本\KHS_7\KHS7_496.bmp,TK_9
C:\Users\User\Desktop\水道樣本\KHS_7\KHS7_497.bmp,TK_9
C:\Users\User\Desktop\水道樣本\KHS_7\KHS7_498.bmp,TK_9
C:\Users\User\Desktop\水道樣本\KHS_7\KHS7_499.bmp,TK_16
C:\Users\User\Desktop\水道樣本\KHS_7\KHS7_5.bmp,TK_4
C:\Users\User\Desktop\水道樣本\KHS_7\KHS7_50.bmp,TK_9
C:\Users\User\Desktop\水道樣本\KHS_7\KHS7_500.bmp,TK_9
C:\Users\User\Desktop\水道樣本\KHS_7\KHS7_501.bmp,TK_9
C:\Users\User\Desktop\水道樣本\KHS_7\KHS7_502.bmp,TK_9
C:\Users\User\Desktop\水道樣本\KHS_7\KHS7_503.bmp,TK_9
C:\Users\User\Desktop\水道樣本\KHS_7\KHS7_504.bmp,TK_9
C:\Users\User\Desktop\水道樣本\KHS_7\KHS7_505.bmp,TK_9
C:\Users\User\Desktop\水道樣本\KHS_7\KHS7_506.bmp,TK_9
C:\Users\User\Desktop\水道樣本\KHS_7\KHS7_507.bmp,TK_9
C:\Users\User\Desktop\水道樣本\KHS_7\KHS7_508.bmp,TK_9
C:\Users\User\Desktop\水道樣本\KHS_7\KHS7_509.bmp,TK_9
C:\Users\User\Desktop\水道樣本\KHS_7\KHS7_51.bmp,TK_9
C:\Users\User\Desktop\水道樣本\KHS_7\KHS7_510.bmp,TK_9
C:\Users\User\Desktop\水道樣本\KHS_7\KHS7_511.bmp,TK_4
C:\Users\User\Desktop\水道樣本\KHS_7\KHS7_512.bmp,TK_9
C:\Users\User\Desktop\水道樣本\KHS_7\KHS7_513.bmp,TK_9
C:\Users\User\Desktop\水道樣本\KHS_7\KHS7_514.bmp,TK_9
C:\Users\User\Desktop\水道樣本\KHS_7\KHS7_515.bmp,TK_4
C:\Users\User\Desktop\水道樣本\KHS_7\KHS7_516.bmp,TK_9
C:\Users\User\Desktop\水道樣本\KHS_7\KHS7_517.bmp,TK_9
C:\Users\User\Desktop\水道樣本\KHS_7\KHS7_518.bmp,TK_9
C:\Users\User\Desktop\水道樣本\KHS_7\KHS7_519.bmp,TK_9
C:\Users\User\Desktop\水道樣本\KHS_7\KHS7_52.bmp,TK_9
C:\Users\User\Desktop\水道樣本\KHS_7\KHS7_520.bmp,TK_16
C:\Users\User\Desktop\水道樣本\KHS_7\KHS7_521.bmp,TK_9
C:\Users\User\Desktop\水道樣本\KHS_7\KHS7_522.bmp,TK_9
C:\Users\User\Desktop\水道樣本\KHS_7\KHS7_523.bmp,TK_9
C:\Users\User\Desktop\水道樣本\KHS_7\KHS7_524.bmp,TK_9
C:\Users\User\Desktop\水道樣本\KHS_7\KHS7_525.bmp,TK_9
C:\Users\User\Desktop\水道樣本\KHS_7\KHS7_526.bmp,TK_16
C:\Users\User\Desktop\水道樣本\KHS_7\KHS7_527.bmp,TK_9
C:\Users\User\Desktop\水道樣本\KHS_7\KHS7_528.bmp,TK_9
C:\Users\User\Desktop\水道樣本\KHS_7\KHS7_529.bmp,TK_9
C:\Users\User\Desktop\水道樣本\KHS_7\KHS7_53.bmp,TK_9
C:\Users\User\Desktop\水道樣本\KHS_7\KHS7_530.bmp,TK_4
C:\Users\User\Desktop\水道樣本\KHS_7\KHS7_531.bmp,TK_9
C:\Users\User\Desktop\水道樣本\KHS_7\KHS7_532.bmp,TK_9
C:\Users\User\Desktop\水道樣本\KHS_7\KHS7_533.bmp,TK_9
C:\Users\User\Desktop\水道樣本\KHS_7\KHS7_534.bmp,TK_9
C:\Users\User\Desktop\水道樣本\KHS_7\KHS7_535.bmp,TK_9
C:\Users\User\Desktop\水道樣本\KHS_7\KHS7_536.bmp,TK_9
C:\Users\User\Desktop\水道樣本\KHS_7\KHS7_537.bmp,TK_9
C:\Users\User\Desktop\水道樣本\KHS_7\KHS7_538.bmp,TK_9
C:\Users\User\Desktop\水道樣本\KHS_7\KHS7_539.bmp,TK_9
C:\Users\User\Desktop\水道樣本\KHS_7\KHS7_54.bmp,TK_9
C:\Users\User\Desktop\水道樣本\KHS_7\KHS7_540.bmp,TK_9
C:\Users\User\Desktop\水道樣本\KHS_7\KHS7_541.bmp,TK_9
C:\Users\User\Desktop\水道樣本\KHS_7\KHS7_542.bmp,TK_9
C:\Users\User\Desktop\水道樣本\KHS_7\KHS7_543.bmp,TK_9
C:\Users\User\Desktop\水道樣本\KHS_7\KHS7_544.bmp,TK_9
C:\Users\User\Desktop\水道樣本\KHS_7\KHS7_545.bmp,TK_9
C:\Users\User\Desktop\水道樣本\KHS_7\KHS7_546.bmp,TK_9
C:\Users\User\Desktop\水道樣本\KHS_7\KHS7_547.bmp,TK_4
C:\Users\User\Desktop\水道樣本\KHS_7\KHS7_548.bmp,TC_192
C:\Users\User\Desktop\水道樣本\KHS_7\KHS7_549.bmp,TK_9
C:\Users\User\Desktop\水道樣本\KHS_7\KHS7_55.bmp,TK_9
C:\Users\User\Desktop\水道樣本\KHS_7\KHS7_550.bmp,TK_9
C:\Users\User\Desktop\水道樣本\KHS_7\KHS7_551.bmp,TK_8
C:\Users\User\Desktop\水道樣本\KHS_7\KHS7_552.bmp,TK_4
C:\Users\User\Desktop\水道樣本\KHS_7\KHS7_553.bmp,TK_9
C:\Users\User\Desktop\水道樣本\KHS_7\KHS7_554.bmp,TK_9
C:\Users\User\Desktop\水道樣本\KHS_7\KHS7_555.bmp,TK_9
C:\Users\User\Desktop\水道樣本\KHS_7\KHS7_556.bmp,TK_16
C:\Users\User\Desktop\水道樣本\KHS_7\KHS7_557.bmp,TK_9
C:\Users\User\Desktop\水道樣本\KHS_7\KHS7_558.bmp,TK_9
C:\Users\User\Desktop\水道樣本\KHS_7\KHS7_559.bmp,TK_9
C:\Users\User\Desktop\水道樣本\KHS_7\KHS7_56.bmp,TK_9
C:\Users\User\Desktop\水道樣本\KHS_7\KHS7_560.bmp,TK_9
C:\Users\User\Desktop\水道樣本\KHS_7\KHS7_561.bmp,TK_9
C:\Users\User\Desktop\水道樣本\KHS_7\KHS7_562.bmp,TK_9
C:\Users\User\Desktop\水道樣本\KHS_7\KHS7_563.bmp,TK_9
C:\Users\User\Desktop\水道樣本\KHS_7\KHS7_564.bmp,TK_9
C:\Users\User\Desktop\水道樣本\KHS_7\KHS7_565.bmp,TK_9
C:\Users\User\Desktop\水道樣本\KHS_7\KHS7_566.bmp,TK_9
C:\Users\User\Desktop\水道樣本\KHS_7\KHS7_567.bmp,TK_9
C:\Users\User\Desktop\水道樣本\KHS_7\KHS7_568.bmp,TK_8
C:\Users\User\Desktop\水道樣本\KHS_7\KHS7_569.bmp,TK_9
C:\Users\User\Desktop\水道樣本\KHS_7\KHS7_57.bmp,TK_9
C:\Users\User\Desktop\水道樣本\KHS_7\KHS7_570.bmp,TK_9
C:\Users\User\Desktop\水道樣本\KHS_7\KHS7_571.bmp,TK_9
C:\Users\User\Desktop\水道樣本\KHS_7\KHS7_572.bmp,TK_9
C:\Users\User\Desktop\水道樣本\KHS_7\KHS7_573.bmp,TK_9
C:\Users\User\Desktop\水道樣本\KHS_7\KHS7_574.bmp,TK_9
C:\Users\User\Desktop\水道樣本\KHS_7\KHS7_575.bmp,TK_4
C:\Users\User\Desktop\水道樣本\KHS_7\KHS7_576.bmp,TK_9
C:\Users\User\Desktop\水道樣本\KHS_7\KHS7_577.bmp,TK_9
C:\Users\User\Desktop\水道樣本\KHS_7\KHS7_578.bmp,TK_9
C:\Users\User\Desktop\水道樣本\KHS_7\KHS7_579.bmp,TK_9
C:\Users\User\Desktop\水道樣本\KHS_7\KHS7_58.bmp,TK_9
C:\Users\User\Desktop\水道樣本\KHS_7\KHS7_580.bmp,TK_9
C:\Users\User\Desktop\水道樣本\KHS_7\KHS7_581.bmp,TK_9
C:\Users\User\Desktop\水道樣本\KHS_7\KHS7_582.bmp,TK_9
C:\Users\User\Desktop\水道樣本\KHS_7\KHS7_583.bmp,TK_9
C:\Users\User\Desktop\水道樣本\KHS_7\KHS7_584.bmp,TK_16
C:\Users\User\Desktop\水道樣本\KHS_7\KHS7_585.bmp,TK_9
C:\Users\User\Desktop\水道樣本\KHS_7\KHS7_586.bmp,TC_192
C:\Users\User\Desktop\水道樣本\KHS_7\KHS7_587.bmp,TK_9
C:\Users\User\Desktop\水道樣本\KHS_7\KHS7_588.bmp,TK_9
C:\Users\User\Desktop\水道樣本\KHS_7\KHS7_589.bmp,TK_9
C:\Users\User\Desktop\水道樣本\KHS_7\KHS7_59.bmp,TK_9
C:\Users\User\Desktop\水道樣本\KHS_7\KHS7_590.bmp,TC_192
C:\Users\User\Desktop\水道樣本\KHS_7\KHS7_591.bmp,TK_9
C:\Users\User\Desktop\水道樣本\KHS_7\KHS7_592.bmp,TK_9
C:\Users\User\Desktop\水道樣本\KHS_7\KHS7_593.bmp,TK_8
C:\Users\User\Desktop\水道樣本\KHS_7\KHS7_594.bmp,TC_192
C:\Users\User\Desktop\水道樣本\KHS_7\KHS7_595.bmp,TK_9
C:\Users\User\Desktop\水道樣本\KHS_7\KHS7_596.bmp,TK_9
C:\Users\User\Desktop\水道樣本\KHS_7\KHS7_597.bmp,TK_9
C:\Users\User\Desktop\水道樣本\KHS_7\KHS7_598.bmp,TC_192
C:\Users\User\Desktop\水道樣本\KHS_7\KHS7_599.bmp,TK_9
C:\Users\User\Desktop\水道樣本\KHS_7\KHS7_6.bmp,TK_9
C:\Users\User\Desktop\水道樣本\KHS_7\KHS7_60.bmp,TK_9
C:\Users\User\Desktop\水道樣本\KHS_7\KHS7_600.bmp,TK_9
C:\Users\User\Desktop\水道樣本\KHS_7\KHS7_601.bmp,TK_4
C:\Users\User\Desktop\水道樣本\KHS_7\KHS7_602.bmp,TK_4
C:\Users\User\Desktop\水道樣本\KHS_7\KHS7_603.bmp,TK_9
C:\Users\User\Desktop\水道樣本\KHS_7\KHS7_604.bmp,TK_9
C:\Users\User\Desktop\水道樣本\KHS_7\KHS7_605.bmp,TK_9
C:\Users\User\Desktop\水道樣本\KHS_7\KHS7_606.bmp,TK_9
C:\Users\User\Desktop\水道樣本\KHS_7\KHS7_607.bmp,TK_9
C:\Users\User\Desktop\水道樣本\KHS_7\KHS7_608.bmp,TK_9
C:\Users\User\Desktop\水道樣本\KHS_7\KHS7_609.bmp,TK_9
C:\Users\User\Desktop\水道樣本\KHS_7\KHS7_61.bmp,TK_9
C:\Users\User\Desktop\水道樣本\KHS_7\KHS7_610.bmp,TK_8
C:\Users\User\Desktop\水道樣本\KHS_7\KHS7_611.bmp,TK_9
C:\Users\User\Desktop\水道樣本\KHS_7\KHS7_612.bmp,TC_192
C:\Users\User\Desktop\水道樣本\KHS_7\KHS7_613.bmp,TK_9
C:\Users\User\Desktop\水道樣本\KHS_7\KHS7_614.bmp,TK_8
C:\Users\User\Desktop\水道樣本\KHS_7\KHS7_615.bmp,TK_9
C:\Users\User\Desktop\水道樣本\KHS_7\KHS7_616.bmp,TK_9
C:\Users\User\Desktop\水道樣本\KHS_7\KHS7_617.bmp,TK_9
C:\Users\User\Desktop\水道樣本\KHS_7\KHS7_618.bmp,TK_9
C:\Users\User\Desktop\水道樣本\KHS_7\KHS7_619.bmp,TK_9
C:\Users\User\Desktop\水道樣本\KHS_7\KHS7_62.bmp,TK_9
C:\Users\User\Desktop\水道樣本\KHS_7\KHS7_620.bmp,TK_9
C:\Users\User\Desktop\水道樣本\KHS_7\KHS7_621.bmp,TK_8
C:\Users\User\Desktop\水道樣本\KHS_7\KHS7_622.bmp,TK_9
C:\Users\User\Desktop\水道樣本\KHS_7\KHS7_623.bmp,TK_16
C:\Users\User\Desktop\水道樣本\KHS_7\KHS7_624.bmp,TK_9
C:\Users\User\Desktop\水道樣本\KHS_7\KHS7_625.bmp,TK_16
C:\Users\User\Desktop\水道樣本\KHS_7\KHS7_626.bmp,TK_16
C:\Users\User\Desktop\水道樣本\KHS_7\KHS7_627.bmp,TK_9
C:\Users\User\Desktop\水道樣本\KHS_7\KHS7_628.bmp,TK_9
C:\Users\User\Desktop\水道樣本\KHS_7\KHS7_629.bmp,TC_192
C:\Users\User\Desktop\水道樣本\KHS_7\KHS7_63.bmp,TK_9
C:\Users\User\Desktop\水道樣本\KHS_7\KHS7_630.bmp,TK_9
C:\Users\User\Desktop\水道樣本\KHS_7\KHS7_631.bmp,TK_9
C:\Users\User\Desktop\水道樣本\KHS_7\KHS7_632.bmp,TK_9
C:\Users\User\Desktop\水道樣本\KHS_7\KHS7_633.bmp,TK_9
C:\Users\User\Desktop\水道樣本\KHS_7\KHS7_634.bmp,TK_9
C:\Users\User\Desktop\水道樣本\KHS_7\KHS7_635.bmp,TK_9
C:\Users\User\Desktop\水道樣本\KHS_7\KHS7_636.bmp,TK_9
C:\Users\User\Desktop\水道樣本\KHS_7\KHS7_637.bmp,TK_9
C:\Users\User\Desktop\水道樣本\KHS_7\KHS7_638.bmp,TK_9
C:\Users\User\Desktop\水道樣本\KHS_7\KHS7_639.bmp,TK_9
C:\Users\User\Desktop\水道樣本\KHS_7\KHS7_64.bmp,TK_9
C:\Users\User\Desktop\水道樣本\KHS_7\KHS7_640.bmp,TK_8
C:\Users\User\Desktop\水道樣本\KHS_7\KHS7_641.bmp,TK_9
C:\Users\User\Desktop\水道樣本\KHS_7\KHS7_642.bmp,TK_9
C:\Users\User\Desktop\水道樣本\KHS_7\KHS7_643.bmp,TK_9
C:\Users\User\Desktop\水道樣本\KHS_7\KHS7_644.bmp,TK_9
C:\Users\User\Desktop\水道樣本\KHS_7\KHS7_645.bmp,TK_9
C:\Users\User\Desktop\水道樣本\KHS_7\KHS7_646.bmp,TK_16
C:\Users\User\Desktop\水道樣本\KHS_7\KHS7_647.bmp,TK_9
C:\Users\User\Desktop\水道樣本\KHS_7\KHS7_648.bmp,TK_9
C:\Users\User\Desktop\水道樣本\KHS_7\KHS7_649.bmp,TK_9
C:\Users\User\Desktop\水道樣本\KHS_7\KHS7_65.bmp,TK_9
C:\Users\User\Desktop\水道樣本\KHS_7\KHS7_650.bmp,TK_9
C:\Users\User\Desktop\水道樣本\KHS_7\KHS7_651.bmp,TK_9
C:\Users\User\Desktop\水道樣本\KHS_7\KHS7_652.bmp,TK_9
C:\Users\User\Desktop\水道樣本\KHS_7\KHS7_653.bmp,TK_9
C:\Users\User\Desktop\水道樣本\KHS_7\KHS7_654.bmp,TK_9
C:\Users\User\Desktop\水道樣本\KHS_7\KHS7_655.bmp,TK_9
C:\Users\User\Desktop\水道樣本\KHS_7\KHS7_656.bmp,TK_9
C:\Users\User\Desktop\水道樣本\KHS_7\KHS7_657.bmp,TK_9
C:\Users\User\Desktop\水道樣本\KHS_7\KHS7_658.bmp,TK_16
C:\Users\User\Desktop\水道樣本\KHS_7\KHS7_659.bmp,TK_9
C:\Users\User\Desktop\水道樣本\KHS_7\KHS7_66.bmp,TK_9
C:\Users\User\Desktop\水道樣本\KHS_7\KHS7_660.bmp,TK_9
C:\Users\User\Desktop\水道樣本\KHS_7\KHS7_661.bmp,TK_4
C:\Users\User\Desktop\水道樣本\KHS_7\KHS7_662.bmp,TK_9
C:\Users\User\Desktop\水道樣本\KHS_7\KHS7_663.bmp,TK_9
C:\Users\User\Desktop\水道樣本\KHS_7\KHS7_664.bmp,TK_9
C:\Users\User\Desktop\水道樣本\KHS_7\KHS7_665.bmp,TK_9
C:\Users\User\Desktop\水道樣本\KHS_7\KHS7_666.bmp,TK_9
C:\Users\User\Desktop\水道樣本\KHS_7\KHS7_667.bmp,TK_9
C:\Users\User\Desktop\水道樣本\KHS_7\KHS7_668.bmp,TK_9
C:\Users\User\Desktop\水道樣本\KHS_7\KHS7_669.bmp,TK_9
C:\Users\User\Desktop\水道樣本\KHS_7\KHS7_67.bmp,TK_9
C:\Users\User\Desktop\水道樣本\KHS_7\KHS7_670.bmp,TK_9
C:\Users\User\Desktop\水道樣本\KHS_7\KHS7_671.bmp,TK_8
C:\Users\User\Desktop\水道樣本\KHS_7\KHS7_672.bmp,TK_9
C:\Users\User\Desktop\水道樣本\KHS_7\KHS7_673.bmp,TK_9
C:\Users\User\Desktop\水道樣本\KHS_7\KHS7_674.bmp,TK_9
C:\Users\User\Desktop\水道樣本\KHS_7\KHS7_675.bmp,TK_9
C:\Users\User\Desktop\水道樣本\KHS_7\KHS7_676.bmp,TK_9
C:\Users\User\Desktop\水道樣本\KHS_7\KHS7_677.bmp,TK_9
C:\Users\User\Desktop\水道樣本\KHS_7\KHS7_678.bmp,TK_9
C:\Users\User\Desktop\水道樣本\KHS_7\KHS7_679.bmp,TK_16
C:\Users\User\Desktop\水道樣本\KHS_7\KHS7_68.bmp,TC_192
C:\Users\User\Desktop\水道樣本\KHS_7\KHS7_680.bmp,TK_16
C:\Users\User\Desktop\水道樣本\KHS_7\KHS7_681.bmp,TK_9
C:\Users\User\Desktop\水道樣本\KHS_7\KHS7_682.bmp,TK_9
C:\Users\User\Desktop\水道樣本\KHS_7\KHS7_683.bmp,TK_16
C:\Users\User\Desktop\水道樣本\KHS_7\KHS7_684.bmp,TK_9
C:\Users\User\Desktop\水道樣本\KHS_7\KHS7_685.bmp,TC_192
C:\Users\User\Desktop\水道樣本\KHS_7\KHS7_686.bmp,TK_9
C:\Users\User\Desktop\水道樣本\KHS_7\KHS7_687.bmp,TK_9
C:\Users\User\Desktop\水道樣本\KHS_7\KHS7_688.bmp,TK_9
C:\Users\User\Desktop\水道樣本\KHS_7\KHS7_689.bmp,TC_192
C:\Users\User\Desktop\水道樣本\KHS_7\KHS7_69.bmp,TK_8
C:\Users\User\Desktop\水道樣本\KHS_7\KHS7_690.bmp,TC_192
C:\Users\User\Desktop\水道樣本\KHS_7\KHS7_691.bmp,TK_9
C:\Users\User\Desktop\水道樣本\KHS_7\KHS7_692.bmp,TK_9
C:\Users\User\Desktop\水道樣本\KHS_7\KHS7_693.bmp,TK_9
C:\Users\User\Desktop\水道樣本\KHS_7\KHS7_694.bmp,TK_9
C:\Users\User\Desktop\水道樣本\KHS_7\KHS7_695.bmp,TC_192
C:\Users\User\Desktop\水道樣本\KHS_7\KHS7_696.bmp,TK_9
C:\Users\User\Desktop\水道樣本\KHS_7\KHS7_697.bmp,TK_9
C:\Users\User\Desktop\水道樣本\KHS_7\KHS7_698.bmp,TK_9
C:\Users\User\Desktop\水道樣本\KHS_7\KHS7_699.bmp,TC_192
C:\Users\User\Desktop\水道樣本\KHS_7\KHS7_7.bmp,TK_4
C:\Users\User\Desktop\水道樣本\KHS_7\KHS7_70.bmp,TK_9
C:\Users\User\Desktop\水道樣本\KHS_7\KHS7_700.bmp,TK_9
C:\Users\User\Desktop\水道樣本\KHS_7\KHS7_701.bmp,TK_9
C:\Users\User\Desktop\水道樣本\KHS_7\KHS7_702.bmp,TK_9
C:\Users\User\Desktop\水道樣本\KHS_7\KHS7_703.bmp,TK_9
C:\Users\User\Desktop\水道樣本\KHS_7\KHS7_704.bmp,TK_9
C:\Users\User\Desktop\水道樣本\KHS_7\KHS7_705.bmp,TK_9
C:\Users\User\Desktop\水道樣本\KHS_7\KHS7_706.bmp,TK_9
C:\Users\User\Desktop\水道樣本\KHS_7\KHS7_707.bmp,TK_9
C:\Users\User\Desktop\水道樣本\KHS_7\KHS7_708.bmp,TK_9
C:\Users\User\Desktop\水道樣本\KHS_7\KHS7_709.bmp,TK_9
C:\Users\User\Desktop\水道樣本\KHS_7\KHS7_71.bmp,TK_9
C:\Users\User\Desktop\水道樣本\KHS_7\KHS7_710.bmp,TK_9
C:\Users\User\Desktop\水道樣本\KHS_7\KHS7_711.bmp,TK_9
C:\Users\User\Desktop\水道樣本\KHS_7\KHS7_712.bmp,TK_9
C:\Users\User\Desktop\水道樣本\KHS_7\KHS7_713.bmp,TK_9
C:\Users\User\Desktop\水道樣本\KHS_7\KHS7_714.bmp,TK_9
C:\Users\User\Desktop\水道樣本\KHS_7\KHS7_715.bmp,TK_9
C:\Users\User\Desktop\水道樣本\KHS_7\KHS7_716.bmp,TK_9
C:\Users\User\Desktop\水道樣本\KHS_7\KHS7_717.bmp,TK_9
C:\Users\User\Desktop\水道樣本\KHS_7\KHS7_718.bmp,TK_16
C:\Users\User\Desktop\水道樣本\KHS_7\KHS7_719.bmp,TK_9
C:\Users\User\Desktop\水道樣本\KHS_7\KHS7_72.bmp,TK_9
C:\Users\User\Desktop\水道樣本\KHS_7\KHS7_720.bmp,TK_9
C:\Users\User\Desktop\水道樣本\KHS_7\KHS7_721.bmp,TK_9
C:\Users\User\Desktop\水道樣本\KHS_7\KHS7_722.bmp,TK_16
C:\Users\User\Desktop\水道樣本\KHS_7\KHS7_723.bmp,TK_9
C:\Users\User\Desktop\水道樣本\KHS_7\KHS7_724.bmp,TK_16
C:\Users\User\Desktop\水道樣本\KHS_7\KHS7_725.bmp,TK_9
C:\Users\User\Desktop\水道樣本\KHS_7\KHS7_726.bmp,TK_9
C:\Users\User\Desktop\水道樣本\KHS_7\KHS7_727.bmp,TK_9
C:\Users\User\Desktop\水道樣本\KHS_7\KHS7_728.bmp,TK_9
C:\Users\User\Desktop\水道樣本\KHS_7\KHS7_729.bmp,TK_9
C:\Users\User\Desktop\水道樣本\KHS_7\KHS7_73.bmp,TK_9
C:\Users\User\Desktop\水道樣本\KHS_7\KHS7_730.bmp,TK_16
C:\Users\User\Desktop\水道樣本\KHS_7\KHS7_731.bmp,TK_9
C:\Users\User\Desktop\水道樣本\KHS_7\KHS7_732.bmp,TK_9
C:\Users\User\Desktop\水道樣本\KHS_7\KHS7_733.bmp,TK_9
C:\Users\User\Desktop\水道樣本\KHS_7\KHS7_734.bmp,TK_4
C:\Users\User\Desktop\水道樣本\KHS_7\KHS7_735.bmp,TK_9
C:\Users\User\Desktop\水道樣本\KHS_7\KHS7_736.bmp,TK_16
C:\Users\User\Desktop\水道樣本\KHS_7\KHS7_737.bmp,TK_9
C:\Users\User\Desktop\水道樣本\KHS_7\KHS7_738.bmp,TK_9
C:\Users\User\Desktop\水道樣本\KHS_7\KHS7_739.bmp,TK_9
C:\Users\User\Desktop\水道樣本\KHS_7\KHS7_74.bmp,TK_9
C:\Users\User\Desktop\水道樣本\KHS_7\KHS7_740.bmp,TC_192
C:\Users\User\Desktop\水道樣本\KHS_7\KHS7_741.bmp,TK_16
C:\Users\User\Desktop\水道樣本\KHS_7\KHS7_742.bmp,TC_192
C:\Users\User\Desktop\水道樣本\KHS_7\KHS7_743.bmp,TK_9
C:\Users\User\Desktop\水道樣本\KHS_7\KHS7_744.bmp,TK_16
C:\Users\User\Desktop\水道樣本\KHS_7\KHS7_745.bmp,TK_9
C:\Users\User\Desktop\水道樣本\KHS_7\KHS7_746.bmp,TK_4
C:\Users\User\Desktop\水道樣本\KHS_7\KHS7_747.bmp,TK_16
C:\Users\User\Desktop\水道樣本\KHS_7\KHS7_748.bmp,TK_9
C:\Users\User\Desktop\水道樣本\KHS_7\KHS7_749.bmp,TC_192
C:\Users\User\Desktop\水道樣本\KHS_7\KHS7_75.bmp,TC_192
C:\Users\User\Desktop\水道樣本\KHS_7\KHS7_750.bmp,TK_9
C:\Users\User\Desktop\水道樣本\KHS_7\KHS7_751.bmp,TK_9
C:\Users\User\Desktop\水道樣本\KHS_7\KHS7_752.bmp,TK_9
C:\Users\User\Desktop\水道樣本\KHS_7\KHS7_753.bmp,TK_4
C:\Users\User\Desktop\水道樣本\KHS_7\KHS7_754.bmp,TK_9
C:\Users\User\Desktop\水道樣本\KHS_7\KHS7_755.bmp,TK_9
C:\Users\User\Desktop\水道樣本\KHS_7\KHS7_756.bmp,TK_9
C:\Users\User\Desktop\水道樣本\KHS_7\KHS7_757.bmp,TK_9
C:\Users\User\Desktop\水道樣本\KHS_7\KHS7_758.bmp,TK_16
C:\Users\User\Desktop\水道樣本\KHS_7\KHS7_759.bmp,TC_192
C:\Users\User\Desktop\水道樣本\KHS_7\KHS7_76.bmp,TK_9
C:\Users\User\Desktop\水道樣本\KHS_7\KHS7_760.bmp,TK_9
C:\Users\User\Desktop\水道樣本\KHS_7\KHS7_761.bmp,TK_9
C:\Users\User\Desktop\水道樣本\KHS_7\KHS7_762.bmp,TK_9
C:\Users\User\Desktop\水道樣本\KHS_7\KHS7_763.bmp,TK_9
C:\Users\User\Desktop\水道樣本\KHS_7\KHS7_764.bmp,TK_9
C:\Users\User\Desktop\水道樣本\KHS_7\KHS7_765.bmp,TK_9
C:\Users\User\Desktop\水道樣本\KHS_7\KHS7_766.bmp,TC_192
C:\Users\User\Desktop\水道樣本\KHS_7\KHS7_767.bmp,TK_9
C:\Users\User\Desktop\水道樣本\KHS_7\KHS7_768.bmp,TK_9
C:\Users\User\Desktop\水道樣本\KHS_7\KHS7_769.bmp,TC_192
C:\Users\User\Desktop\水道樣本\KHS_7\KHS7_77.bmp,TK_9
C:\Users\User\Desktop\水道樣本\KHS_7\KHS7_770.bmp,TK_9
C:\Users\User\Desktop\水道樣本\KHS_7\KHS7_771.bmp,TK_16
C:\Users\User\Desktop\水道樣本\KHS_7\KHS7_772.bmp,TK_9
C:\Users\User\Desktop\水道樣本\KHS_7\KHS7_773.bmp,TK_9
C:\Users\User\Desktop\水道樣本\KHS_7\KHS7_774.bmp,TK_9
C:\Users\User\Desktop\水道樣本\KHS_7\KHS7_775.bmp,TK_9
C:\Users\User\Desktop\水道樣本\KHS_7\KHS7_776.bmp,TK_9
C:\Users\User\Desktop\水道樣本\KHS_7\KHS7_777.bmp,TK_9
C:\Users\User\Desktop\水道樣本\KHS_7\KHS7_778.bmp,TK_9
C:\Users\User\Desktop\水道樣本\KHS_7\KHS7_779.bmp,TK_9
C:\Users\User\Desktop\水道樣本\KHS_7\KHS7_78.bmp,TK_9
C:\Users\User\Desktop\水道樣本\KHS_7\KHS7_780.bmp,TK_4
C:\Users\User\Desktop\水道樣本\KHS_7\KHS7_781.bmp,TK_9
C:\Users\User\Desktop\水道樣本\KHS_7\KHS7_782.bmp,TK_9
C:\Users\User\Desktop\水道樣本\KHS_7\KHS7_783.bmp,TK_9
C:\Users\User\Desktop\水道樣本\KHS_7\KHS7_784.bmp,TK_9
C:\Users\User\Desktop\水道樣本\KHS_7\KHS7_785.bmp,TK_9
C:\Users\User\Desktop\水道樣本\KHS_7\KHS7_786.bmp,TK_9
C:\Users\User\Desktop\水道樣本\KHS_7\KHS7_787.bmp,TK_9
C:\Users\User\Desktop\水道樣本\KHS_7\KHS7_788.bmp,TC_192
C:\Users\User\Desktop\水道樣本\KHS_7\KHS7_789.bmp,TK_9
C:\Users\User\Desktop\水道樣本\KHS_7\KHS7_79.bmp,TK_9
C:\Users\User\Desktop\水道樣本\KHS_7\KHS7_790.bmp,TK_9
C:\Users\User\Desktop\水道樣本\KHS_7\KHS7_791.bmp,TK_9
C:\Users\User\Desktop\水道樣本\KHS_7\KHS7_792.bmp,TK_9
C:\Users\User\Desktop\水道樣本\KHS_7\KHS7_793.bmp,TK_16
C:\Users\User\Desktop\水道樣本\KHS_7\KHS7_794.bmp,TK_9
C:\Users\User\Desktop\水道樣本\KHS_7\KHS7_795.bmp,TK_9
C:\Users\User\Desktop\水道樣本\KHS_7\KHS7_796.bmp,TK_9
C:\Users\User\Desktop\水道樣本\KHS_7\KHS7_797.bmp,TK_9
C:\Users\User\Desktop\水道樣本\KHS_7\KHS7_798.bmp,TC_192
C:\Users\User\Desktop\水道樣本\KHS_7\KHS7_799.bmp,TK_9
C:\Users\User\Desktop\水道樣本\KHS_7\KHS7_8.bmp,TK_9
C:\Users\User\Desktop\水道樣本\KHS_7\KHS7_80.bmp,TK_9
C:\Users\User\Desktop\水道樣本\KHS_7\KHS7_800.bmp,TK_9
C:\Users\User\Desktop\水道樣本\KHS_7\KHS7_801.bmp,TK_16
C:\Users\User\Desktop\水道樣本\KHS_7\KHS7_802.bmp,TK_9
C:\Users\User\Desktop\水道樣本\KHS_7\KHS7_803.bmp,TK_9
C:\Users\User\Desktop\水道樣本\KHS_7\KHS7_804.bmp,TK_9
C:\Users\User\Desktop\水道樣本\KHS_7\KHS7_805.bmp,TK_9
C:\Users\User\Desktop\水道樣本\KHS_7\KHS7_806.bmp,TK_9
C:\Users\User\Desktop\水道樣本\KHS_7\KHS7_807.bmp,TK_16
C:\Users\User\Desktop\水道樣本\KHS_7\KHS7_808.bmp,TK_9
C:\Users\User\Desktop\水道樣本\KHS_7\KHS7_809.bmp,TK_9
C:\Users\User\Desktop\水道樣本\KHS_7\KHS7_81.bmp,TK_9
C:\Users\User\Desktop\水道樣本\KHS_7\KHS7_810.bmp,TK_9
C:\Users\User\Desktop\水道樣本\KHS_7\KHS7_811.bmp,TK_9
C:\Users\User\Desktop\水道樣本\KHS_7\KHS7_812.bmp,TK_9
C:\Users\User\Desktop\水道樣本\KHS_7\KHS7_813.bmp,TK_9
C:\Users\User\Desktop\水道樣本\KHS_7\KHS7_814.bmp,TK_9
C:\Users\User\Desktop\水道樣本\KHS_7\KHS7_815.bmp,TK_9
C:\Users\User\Desktop\水道樣本\KHS_7\KHS7_816.bmp,TK_16
C:\Users\User\Desktop\水道樣本\KHS_7\KHS7_817.bmp,TK_9
C:\Users\User\Desktop\水道樣本\KHS_7\KHS7_818.bmp,TK_9
C:\Users\User\Desktop\水道樣本\KHS_7\KHS7_819.bmp,TK_9
C:\Users\User\Desktop\水道樣本\KHS_7\KHS7_82.bmp,TK_9
C:\Users\User\Desktop\水道樣本\KHS_7\KHS7_820.bmp,TK_9
C:\Users\User\Desktop\水道樣本\KHS_7\KHS7_821.bmp,TC_192
C:\Users\User\Desktop\水道樣本\KHS_7\KHS7_822.bmp,TK_9
C:\Users\User\Desktop\水道樣本\KHS_7\KHS7_823.bmp,TK_9
C:\Users\User\Desktop\水道樣本\KHS_7\KHS7_824.bmp,TK_9
C:\Users\User\Desktop\水道樣本\KHS_7\KHS7_825.bmp,TK_9
C:\Users\User\Desktop\水道樣本\KHS_7\KHS7_826.bmp,TK_9
C:\Users\User\Desktop\水道樣本\KHS_7\KHS7_827.bmp,TK_9
C:\Users\User\Desktop\水道樣本\KHS_7\KHS7_828.bmp,TK_9
C:\Users\User\Desktop\水道樣本\KHS_7\KHS7_829.bmp,TK_9
C:\Users\User\Desktop\水道樣本\KHS_7\KHS7_83.bmp,TK_14
C:\Users\User\Desktop\水道樣本\KHS_7\KHS7_830.bmp,TK_4
C:\Users\User\Desktop\水道樣本\KHS_7\KHS7_831.bmp,TK_9
C:\Users\User\Desktop\水道樣本\KHS_7\KHS7_832.bmp,TK_9
C:\Users\User\Desktop\水道樣本\KHS_7\KHS7_833.bmp,TK_9
C:\Users\User\Desktop\水道樣本\KHS_7\KHS7_834.bmp,TK_9
C:\Users\User\Desktop\水道樣本\KHS_7\KHS7_835.bmp,TK_9
C:\Users\User\Desktop\水道樣本\KHS_7\KHS7_836.bmp,TK_9
C:\Users\User\Desktop\水道樣本\KHS_7\KHS7_837.bmp,TK_9
C:\Users\User\Desktop\水道樣本\KHS_7\KHS7_838.bmp,TK_9
C:\Users\User\Desktop\水道樣本\KHS_7\KHS7_839.bmp,TC_192
C:\Users\User\Desktop\水道樣本\KHS_7\KHS7_84.bmp,TC_192
C:\Users\User\Desktop\水道樣本\KHS_7\KHS7_840.bmp,TK_9
C:\Users\User\Desktop\水道樣本\KHS_7\KHS7_841.bmp,TK_8
C:\Users\User\Desktop\水道樣本\KHS_7\KHS7_842.bmp,TK_9
C:\Users\User\Desktop\水道樣本\KHS_7\KHS7_843.bmp,TK_9
C:\Users\User\Desktop\水道樣本\KHS_7\KHS7_844.bmp,TK_9
C:\Users\User\Desktop\水道樣本\KHS_7\KHS7_845.bmp,TK_9
C:\Users\User\Desktop\水道樣本\KHS_7\KHS7_846.bmp,TK_9
C:\Users\User\Desktop\水道樣本\KHS_7\KHS7_847.bmp,TK_8
C:\Users\User\Desktop\水道樣本\KHS_7\KHS7_848.bmp,TK_9
C:\Users\User\Desktop\水道樣本\KHS_7\KHS7_849.bmp,TC_192
C:\Users\User\Desktop\水道樣本\KHS_7\KHS7_85.bmp,TK_9
C:\Users\User\Desktop\水道樣本\KHS_7\KHS7_850.bmp,TK_9
C:\Users\User\Desktop\水道樣本\KHS_7\KHS7_851.bmp,TK_9
C:\Users\User\Desktop\水道樣本\KHS_7\KHS7_852.bmp,TK_9
C:\Users\User\Desktop\水道樣本\KHS_7\KHS7_853.bmp,TK_9
C:\Users\User\Desktop\水道樣本\KHS_7\KHS7_854.bmp,TK_9
C:\Users\User\Desktop\水道樣本\KHS_7\KHS7_855.bmp,TC_192
C:\Users\User\Desktop\水道樣本\KHS_7\KHS7_856.bmp,TK_9
C:\Users\User\Desktop\水道樣本\KHS_7\KHS7_857.bmp,TK_9
C:\Users\User\Desktop\水道樣本\KHS_7\KHS7_858.bmp,TK_9
C:\Users\User\Desktop\水道樣本\KHS_7\KHS7_859.bmp,TK_9
C:\Users\User\Desktop\水道樣本\KHS_7\KHS7_86.bmp,TK_9
C:\Users\User\Desktop\水道樣本\KHS_7\KHS7_860.bmp,TK_9
C:\Users\User\Desktop\水道樣本\KHS_7\KHS7_861.bmp,TK_9
C:\Users\User\Desktop\水道樣本\KHS_7\KHS7_862.bmp,TK_9
C:\Users\User\Desktop\水道樣本\KHS_7\KHS7_863.bmp,TK_9
C:\Users\User\Desktop\水道樣本\KHS_7\KHS7_864.bmp,TK_9
C:\Users\User\Desktop\水道樣本\KHS_7\KHS7_865.bmp,TK_8
C:\Users\User\Desktop\水道樣本\KHS_7\KHS7_866.bmp,TK_9
C:\Users\User\Desktop\水道樣本\KHS_7\KHS7_867.bmp,TK_9
C:\Users\User\Desktop\水道樣本\KHS_7\KHS7_868.bmp,TC_192
C:\Users\User\Desktop\水道樣本\KHS_7\KHS7_869.bmp,TK_9
C:\Users\User\Desktop\水道樣本\KHS_7\KHS7_87.bmp,TK_9
C:\Users\User\Desktop\水道樣本\KHS_7\KHS7_870.bmp,TK_9
C:\Users\User\Desktop\水道樣本\KHS_7\KHS7_871.bmp,TK_9
C:\Users\User\Desktop\水道樣本\KHS_7\KHS7_872.bmp,TK_9
C:\Users\User\Desktop\水道樣本\KHS_7\KHS7_873.bmp,TK_9
C:\Users\User\Desktop\水道樣本\KHS_7\KHS7_874.bmp,TC_192
C:\Users\User\Desktop\水道樣本\KHS_7\KHS7_875.bmp,TK_9
C:\Users\User\Desktop\水道樣本\KHS_7\KHS7_876.bmp,TK_9
C:\Users\User\Desktop\水道樣本\KHS_7\KHS7_877.bmp,TK_9
C:\Users\User\Desktop\水道樣本\KHS_7\KHS7_878.bmp,TC_192
C:\Users\User\Desktop\水道樣本\KHS_7\KHS7_879.bmp,TC_192
C:\Users\User\Desktop\水道樣本\KHS_7\KHS7_88.bmp,TK_9
C:\Users\User\Desktop\水道樣本\KHS_7\KHS7_880.bmp,TK_9
C:\Users\User\Desktop\水道樣本\KHS_7\KHS7_881.bmp,TK_9
C:\Users\User\Desktop\水道樣本\KHS_7\KHS7_882.bmp,TK_9
C:\Users\User\Desktop\水道樣本\KHS_7\KHS7_883.bmp,TK_9
C:\Users\User\Desktop\水道樣本\KHS_7\KHS7_884.bmp,TK_9
C:\Users\User\Desktop\水道樣本\KHS_7\KHS7_885.bmp,TK_9
C:\Users\User\Desktop\水道樣本\KHS_7\KHS7_886.bmp,TK_9
C:\Users\User\Desktop\水道樣本\KHS_7\KHS7_887.bmp,TK_9
C:\Users\User\Desktop\水道樣本\KHS_7\KHS7_888.bmp,TK_9
C:\Users\User\Desktop\水道樣本\KHS_7\KHS7_889.bmp,TK_9
C:\Users\User\Desktop\水道樣本\KHS_7\KHS7_89.bmp,TK_4
C:\Users\User\Desktop\水道樣本\KHS_7\KHS7_890.bmp,TK_9
C:\Users\User\Desktop\水道樣本\KHS_7\KHS7_891.bmp,TK_9
C:\Users\User\Desktop\水道樣本\KHS_7\KHS7_892.bmp,TK_9
C:\Users\User\Desktop\水道樣本\KHS_7\KHS7_893.bmp,TK_9
C:\Users\User\Desktop\水道樣本\KHS_7\KHS7_894.bmp,TK_9
C:\Users\User\Desktop\水道樣本\KHS_7\KHS7_895.bmp,TK_9
C:\Users\User\Desktop\水道樣本\KHS_7\KHS7_896.bmp,TK_9
C:\Users\User\Desktop\水道樣本\KHS_7\KHS7_897.bmp,TK_9
C:\Users\User\Desktop\水道樣本\KHS_7\KHS7_898.bmp,TK_4
C:\Users\User\Desktop\水道樣本\KHS_7\KHS7_899.bmp,TK_9
C:\Users\User\Desktop\水道樣本\KHS_7\KHS7_9.bmp,TK_9
C:\Users\User\Desktop\水道樣本\KHS_7\KHS7_90.bmp,TK_9
C:\Users\User\Desktop\水道樣本\KHS_7\KHS7_900.bmp,TK_9
C:\Users\User\Desktop\水道樣本\KHS_7\KHS7_901.bmp,TK_9
C:\Users\User\Desktop\水道樣本\KHS_7\KHS7_902.bmp,TK_9
C:\Users\User\Desktop\水道樣本\KHS_7\KHS7_903.bmp,TK_9
C:\Users\User\Desktop\水道樣本\KHS_7\KHS7_904.bmp,TK_9
C:\Users\User\Desktop\水道樣本\KHS_7\KHS7_905.bmp,TC_192
C:\Users\User\Desktop\水道樣本\KHS_7\KHS7_906.bmp,TK_9
C:\Users\User\Desktop\水道樣本\KHS_7\KHS7_907.bmp,TK_9
C:\Users\User\Desktop\水道樣本\KHS_7\KHS7_908.bmp,TK_9
C:\Users\User\Desktop\水道樣本\KHS_7\KHS7_909.bmp,TK_9
C:\Users\User\Desktop\水道樣本\KHS_7\KHS7_91.bmp,TK_9
C:\Users\User\Desktop\水道樣本\KHS_7\KHS7_910.bmp,TK_9
C:\Users\User\Desktop\水道樣本\KHS_7\KHS7_911.bmp,TK_9
C:\Users\User\Desktop\水道樣本\KHS_7\KHS7_912.bmp,TK_9
C:\Users\User\Desktop\水道樣本\KHS_7\KHS7_913.bmp,TK_9
C:\Users\User\Desktop\水道樣本\KHS_7\KHS7_914.bmp,TK_8
C:\Users\User\Desktop\水道樣本\KHS_7\KHS7_915.bmp,TK_9
C:\Users\User\Desktop\水道樣本\KHS_7\KHS7_916.bmp,TK_9
C:\Users\User\Desktop\水道樣本\KHS_7\KHS7_917.bmp,TK_9
C:\Users\User\Desktop\水道樣本\KHS_7\KHS7_918.bmp,TK_9
C:\Users\User\Desktop\水道樣本\KHS_7\KHS7_919.bmp,TK_9
C:\Users\User\Desktop\水道樣本\KHS_7\KHS7_92.bmp,TK_9
C:\Users\User\Desktop\水道樣本\KHS_7\KHS7_920.bmp,TK_9
C:\Users\User\Desktop\水道樣本\KHS_7\KHS7_921.bmp,TK_9
C:\Users\User\Desktop\水道樣本\KHS_7\KHS7_922.bmp,TK_9
C:\Users\User\Desktop\水道樣本\KHS_7\KHS7_923.bmp,TK_14
C:\Users\User\Desktop\水道樣本\KHS_7\KHS7_924.bmp,TK_9
C:\Users\User\Desktop\水道樣本\KHS_7\KHS7_925.bmp,TK_9
C:\Users\User\Desktop\水道樣本\KHS_7\KHS7_926.bmp,TC_192
C:\Users\User\Desktop\水道樣本\KHS_7\KHS7_927.bmp,TK_9
C:\Users\User\Desktop\水道樣本\KHS_7\KHS7_928.bmp,TK_4
C:\Users\User\Desktop\水道樣本\KHS_7\KHS7_929.bmp,TK_9
C:\Users\User\Desktop\水道樣本\KHS_7\KHS7_93.bmp,TK_9
C:\Users\User\Desktop\水道樣本\KHS_7\KHS7_930.bmp,TK_9
C:\Users\User\Desktop\水道樣本\KHS_7\KHS7_931.bmp,TC_192
C:\Users\User\Desktop\水道樣本\KHS_7\KHS7_932.bmp,TK_9
C:\Users\User\Desktop\水道樣本\KHS_7\KHS7_933.bmp,TK_9
C:\Users\User\Desktop\水道樣本\KHS_7\KHS7_934.bmp,TK_9
C:\Users\User\Desktop\水道樣本\KHS_7\KHS7_935.bmp,TK_16
C:\Users\User\Desktop\水道樣本\KHS_7\KHS7_936.bmp,TK_9
C:\Users\User\Desktop\水道樣本\KHS_7\KHS7_937.bmp,TK_9
C:\Users\User\Desktop\水道樣本\KHS_7\KHS7_938.bmp,TK_9
C:\Users\User\Desktop\水道樣本\KHS_7\KHS7_939.bmp,TK_9
C:\Users\User\Desktop\水道樣本\KHS_7\KHS7_94.bmp,TK_16
C:\Users\User\Desktop\水道樣本\KHS_7\KHS7_940.bmp,TK_9
C:\Users\User\Desktop\水道樣本\KHS_7\KHS7_941.bmp,TK_9
C:\Users\User\Desktop\水道樣本\KHS_7\KHS7_942.bmp,TK_9
C:\Users\User\Desktop\水道樣本\KHS_7\KHS7_943.bmp,TK_9
C:\Users\User\Desktop\水道樣本\KHS_7\KHS7_944.bmp,TK_9
C:\Users\User\Desktop\水道樣本\KHS_7\KHS7_945.bmp,TC_192
C:\Users\User\Desktop\水道樣本\KHS_7\KHS7_946.bmp,TK_9
C:\Users\User\Desktop\水道樣本\KHS_7\KHS7_947.bmp,TK_9
C:\Users\User\Desktop\水道樣本\KHS_7\KHS7_948.bmp,TK_9
C:\Users\User\Desktop\水道樣本\KHS_7\KHS7_949.bmp,TK_9
C:\Users\User\Desktop\水道樣本\KHS_7\KHS7_95.bmp,TK_9
C:\Users\User\Desktop\水道樣本\KHS_7\KHS7_950.bmp,TK_9
C:\Users\User\Desktop\水道樣本\KHS_7\KHS7_951.bmp,TK_9
C:\Users\User\Desktop\水道樣本\KHS_7\KHS7_952.bmp,TK_9
C:\Users\User\Desktop\水道樣本\KHS_7\KHS7_953.bmp,TK_9
C:\Users\User\Desktop\水道樣本\KHS_7\KHS7_954.bmp,TK_9
C:\Users\User\Desktop\水道樣本\KHS_7\KHS7_955.bmp,TK_9
C:\Users\User\Desktop\水道樣本\KHS_7\KHS7_956.bmp,TK_9
C:\Users\User\Desktop\水道樣本\KHS_7\KHS7_957.bmp,TK_8
C:\Users\User\Desktop\水道樣本\KHS_7\KHS7_958.bmp,TK_9
C:\Users\User\Desktop\水道樣本\KHS_7\KHS7_959.bmp,TK_9
C:\Users\User\Desktop\水道樣本\KHS_7\KHS7_96.bmp,TK_9
C:\Users\User\Desktop\水道樣本\KHS_7\KHS7_960.bmp,TK_9
C:\Users\User\Desktop\水道樣本\KHS_7\KHS7_961.bmp,TC_192
C:\Users\User\Desktop\水道樣本\KHS_7\KHS7_962.bmp,TK_16
C:\Users\User\Desktop\水道樣本\KHS_7\KHS7_963.bmp,TC_192
C:\Users\User\Desktop\水道樣本\KHS_7\KHS7_964.bmp,TK_9
C:\Users\User\Desktop\水道樣本\KHS_7\KHS7_965.bmp,TK_9
C:\Users\User\Desktop\水道樣本\KHS_7\KHS7_966.bmp,TK_9
C:\Users\User\Desktop\水道樣本\KHS_7\KHS7_967.bmp,TK_9
C:\Users\User\Desktop\水道樣本\KHS_7\KHS7_968.bmp,TC_192
C:\Users\User\Desktop\水道樣本\KHS_7\KHS7_969.bmp,TK_9
C:\Users\User\Desktop\水道樣本\KHS_7\KHS7_97.bmp,TK_9
C:\Users\User\Desktop\水道樣本\KHS_7\KHS7_970.bmp,TK_16
C:\Users\User\Desktop\水道樣本\KHS_7\KHS7_971.bmp,TK_16
C:\Users\User\Desktop\水道樣本\KHS_7\KHS7_972.bmp,TK_9
C:\Users\User\Desktop\水道樣本\KHS_7\KHS7_973.bmp,TK_16
C:\Users\User\Desktop\水道樣本\KHS_7\KHS7_974.bmp,TK_9
C:\Users\User\Desktop\水道樣本\KHS_7\KHS7_975.bmp,TK_9
C:\Users\User\Desktop\水道樣本\KHS_7\KHS7_976.bmp,TK_9
C:\Users\User\Desktop\水道樣本\KHS_7\KHS7_977.bmp,TK_9
C:\Users\User\Desktop\水道樣本\KHS_7\KHS7_978.bmp,TC_192
C:\Users\User\Desktop\水道樣本\KHS_7\KHS7_979.bmp,TK_9
C:\Users\User\Desktop\水道樣本\KHS_7\KHS7_98.bmp,TK_9
C:\Users\User\Desktop\水道樣本\KHS_7\KHS7_980.bmp,TK_9
C:\Users\User\Desktop\水道樣本\KHS_7\KHS7_981.bmp,TK_9
C:\Users\User\Desktop\水道樣本\KHS_7\KHS7_982.bmp,TK_9
C:\Users\User\Desktop\水道樣本\KHS_7\KHS7_983.bmp,TK_9
C:\Users\User\Desktop\水道樣本\KHS_7\KHS7_984.bmp,TK_9
C:\Users\User\Desktop\水道樣本\KHS_7\KHS7_985.bmp,TK_9
C:\Users\User\Desktop\水道樣本\KHS_7\KHS7_986.bmp,TK_9
C:\Users\User\Desktop\水道樣本\KHS_7\KHS7_987.bmp,TC_192
C:\Users\User\Desktop\水道樣本\KHS_7\KHS7_988.bmp,TK_9
C:\Users\User\Desktop\水道樣本\KHS_7\KHS7_989.bmp,TK_9
C:\Users\User\Desktop\水道樣本\KHS_7\KHS7_99.bmp,TK_9
C:\Users\User\Desktop\水道樣本\KHS_7\KHS7_990.bmp,TK_9
C:\Users\User\Desktop\水道樣本\KHS_7\KHS7_991.bmp,TK_9
C:\Users\User\Desktop\水道樣本\KHS_7\KHS7_992.bmp,TK_9
C:\Users\User\Desktop\水道樣本\KHS_7\KHS7_993.bmp,TK_9
C:\Users\User\Desktop\水道樣本\KHS_7\KHS7_994.bmp,TK_9
C:\Users\User\Desktop\水道樣本\KHS_7\KHS7_995.bmp,TK_9
C:\Users\User\Desktop\水道樣本\KHS_7\KHS7_996.bmp,TK_9
C:\Users\User\Desktop\水道樣本\KHS_7\KHS7_997.bmp,TK_9
C:\Users\User\Desktop\水道樣本\KHS_7\KHS7_998.bmp,TK_9
C:\Users\User\Desktop\水道樣本\KHS_7\KHS7_999.bmp,TK_9


KHS_7,1200,Accurate: 0 %
KHS_7,KH_139,KH_145,KH_147,TCSN_2,TCS_10,TCS_17,TC_192,TKN_3,TK_14,TK_16,TK_2,TK_4,TK_8,TK_9,TNG_71,TN_11,TN_16,TT_30,TT_33,TY_3,No
0,0,0,0,0,0,0,93,0,9,80,0,53,28,937,0,0,0,0,0,0,0
