C:\Users\501\Desktop\train_test\G3_109OK\TK_16\台梗16號_1.bmp,TK_16
C:\Users\501\Desktop\train_test\G3_109OK\TK_16\台梗16號_10.bmp,TK_16
C:\Users\501\Desktop\train_test\G3_109OK\TK_16\台梗16號_100.bmp,TK_16
C:\Users\501\Desktop\train_test\G3_109OK\TK_16\台梗16號_101.bmp,TK_16
C:\Users\501\Desktop\train_test\G3_109OK\TK_16\台梗16號_102.bmp,TK_16
C:\Users\501\Desktop\train_test\G3_109OK\TK_16\台梗16號_103.bmp,TK_16
C:\Users\501\Desktop\train_test\G3_109OK\TK_16\台梗16號_104.bmp,TK_16
C:\Users\501\Desktop\train_test\G3_109OK\TK_16\台梗16號_106.bmp,NG
C:\Users\501\Desktop\train_test\G3_109OK\TK_16\台梗16號_107.bmp,TK_16
C:\Users\501\Desktop\train_test\G3_109OK\TK_16\台梗16號_109.bmp,TK_16
C:\Users\501\Desktop\train_test\G3_109OK\TK_16\台梗16號_11.bmp,TK_16
C:\Users\501\Desktop\train_test\G3_109OK\TK_16\台梗16號_110.bmp,TK_16
C:\Users\501\Desktop\train_test\G3_109OK\TK_16\台梗16號_111.bmp,TK_16
C:\Users\501\Desktop\train_test\G3_109OK\TK_16\台梗16號_112.bmp,TK_16
C:\Users\501\Desktop\train_test\G3_109OK\TK_16\台梗16號_113.bmp,TK_16
C:\Users\501\Desktop\train_test\G3_109OK\TK_16\台梗16號_114.bmp,TK_16
C:\Users\501\Desktop\train_test\G3_109OK\TK_16\台梗16號_115.bmp,TK_16
C:\Users\501\Desktop\train_test\G3_109OK\TK_16\台梗16號_116.bmp,TK_16
C:\Users\501\Desktop\train_test\G3_109OK\TK_16\台梗16號_118.bmp,TK_16
C:\Users\501\Desktop\train_test\G3_109OK\TK_16\台梗16號_119.bmp,TK_16
C:\Users\501\Desktop\train_test\G3_109OK\TK_16\台梗16號_12.bmp,TK_16
C:\Users\501\Desktop\train_test\G3_109OK\TK_16\台梗16號_120.bmp,TK_16
C:\Users\501\Desktop\train_test\G3_109OK\TK_16\台梗16號_121.bmp,TK_16
C:\Users\501\Desktop\train_test\G3_109OK\TK_16\台梗16號_122.bmp,TK_16
C:\Users\501\Desktop\train_test\G3_109OK\TK_16\台梗16號_123.bmp,TK_16
C:\Users\501\Desktop\train_test\G3_109OK\TK_16\台梗16號_124.bmp,TK_16
C:\Users\501\Desktop\train_test\G3_109OK\TK_16\台梗16號_126.bmp,TK_16
C:\Users\501\Desktop\train_test\G3_109OK\TK_16\台梗16號_127.bmp,TK_16
C:\Users\501\Desktop\train_test\G3_109OK\TK_16\台梗16號_128.bmp,TK_16
C:\Users\501\Desktop\train_test\G3_109OK\TK_16\台梗16號_129.bmp,TK_16
C:\Users\501\Desktop\train_test\G3_109OK\TK_16\台梗16號_13.bmp,TK_16
C:\Users\501\Desktop\train_test\G3_109OK\TK_16\台梗16號_130.bmp,TK_16
C:\Users\501\Desktop\train_test\G3_109OK\TK_16\台梗16號_131.bmp,TK_16
C:\Users\501\Desktop\train_test\G3_109OK\TK_16\台梗16號_132.bmp,TK_16
C:\Users\501\Desktop\train_test\G3_109OK\TK_16\台梗16號_133.bmp,TK_16
C:\Users\501\Desktop\train_test\G3_109OK\TK_16\台梗16號_134.bmp,TK_16
C:\Users\501\Desktop\train_test\G3_109OK\TK_16\台梗16號_136.bmp,TK_16
C:\Users\501\Desktop\train_test\G3_109OK\TK_16\台梗16號_137.bmp,TK_16
C:\Users\501\Desktop\train_test\G3_109OK\TK_16\台梗16號_138.bmp,TK_16
C:\Users\501\Desktop\train_test\G3_109OK\TK_16\台梗16號_139.bmp,TK_16
C:\Users\501\Desktop\train_test\G3_109OK\TK_16\台梗16號_14.bmp,TK_16
C:\Users\501\Desktop\train_test\G3_109OK\TK_16\台梗16號_140.bmp,TK_16
C:\Users\501\Desktop\train_test\G3_109OK\TK_16\台梗16號_141.bmp,TK_16
C:\Users\501\Desktop\train_test\G3_109OK\TK_16\台梗16號_142.bmp,TK_16
C:\Users\501\Desktop\train_test\G3_109OK\TK_16\台梗16號_143.bmp,TK_16
C:\Users\501\Desktop\train_test\G3_109OK\TK_16\台梗16號_144.bmp,TK_16
C:\Users\501\Desktop\train_test\G3_109OK\TK_16\台梗16號_145.bmp,TK_16
C:\Users\501\Desktop\train_test\G3_109OK\TK_16\台梗16號_146.bmp,TK_16
C:\Users\501\Desktop\train_test\G3_109OK\TK_16\台梗16號_147.bmp,TK_16
C:\Users\501\Desktop\train_test\G3_109OK\TK_16\台梗16號_148.bmp,TK_16
C:\Users\501\Desktop\train_test\G3_109OK\TK_16\台梗16號_15.bmp,TK_16
C:\Users\501\Desktop\train_test\G3_109OK\TK_16\台梗16號_150.bmp,TK_16
C:\Users\501\Desktop\train_test\G3_109OK\TK_16\台梗16號_151.bmp,TK_16
C:\Users\501\Desktop\train_test\G3_109OK\TK_16\台梗16號_152.bmp,TK_16
C:\Users\501\Desktop\train_test\G3_109OK\TK_16\台梗16號_153.bmp,TK_16
C:\Users\501\Desktop\train_test\G3_109OK\TK_16\台梗16號_154.bmp,TK_16
C:\Users\501\Desktop\train_test\G3_109OK\TK_16\台梗16號_156.bmp,TK_16
C:\Users\501\Desktop\train_test\G3_109OK\TK_16\台梗16號_157.bmp,TK_16
C:\Users\501\Desktop\train_test\G3_109OK\TK_16\台梗16號_158.bmp,TK_16
C:\Users\501\Desktop\train_test\G3_109OK\TK_16\台梗16號_159.bmp,TK_16
C:\Users\501\Desktop\train_test\G3_109OK\TK_16\台梗16號_16.bmp,TK_16
C:\Users\501\Desktop\train_test\G3_109OK\TK_16\台梗16號_160.bmp,TK_16
C:\Users\501\Desktop\train_test\G3_109OK\TK_16\台梗16號_161.bmp,TK_16
C:\Users\501\Desktop\train_test\G3_109OK\TK_16\台梗16號_162.bmp,TK_16
C:\Users\501\Desktop\train_test\G3_109OK\TK_16\台梗16號_164.bmp,TK_16
C:\Users\501\Desktop\train_test\G3_109OK\TK_16\台梗16號_165.bmp,TK_16
C:\Users\501\Desktop\train_test\G3_109OK\TK_16\台梗16號_166.bmp,TK_16
C:\Users\501\Desktop\train_test\G3_109OK\TK_16\台梗16號_167.bmp,TK_2
C:\Users\501\Desktop\train_test\G3_109OK\TK_16\台梗16號_168.bmp,TK_16
C:\Users\501\Desktop\train_test\G3_109OK\TK_16\台梗16號_170.bmp,TK_16
C:\Users\501\Desktop\train_test\G3_109OK\TK_16\台梗16號_171.bmp,TK_16
C:\Users\501\Desktop\train_test\G3_109OK\TK_16\台梗16號_172.bmp,TK_16
C:\Users\501\Desktop\train_test\G3_109OK\TK_16\台梗16號_173.bmp,TK_16
C:\Users\501\Desktop\train_test\G3_109OK\TK_16\台梗16號_174.bmp,TK_16
C:\Users\501\Desktop\train_test\G3_109OK\TK_16\台梗16號_175.bmp,TK_16
C:\Users\501\Desktop\train_test\G3_109OK\TK_16\台梗16號_176.bmp,TK_16
C:\Users\501\Desktop\train_test\G3_109OK\TK_16\台梗16號_177.bmp,TK_16
C:\Users\501\Desktop\train_test\G3_109OK\TK_16\台梗16號_178.bmp,TK_16
C:\Users\501\Desktop\train_test\G3_109OK\TK_16\台梗16號_179.bmp,TK_16
C:\Users\501\Desktop\train_test\G3_109OK\TK_16\台梗16號_18.bmp,TK_16
C:\Users\501\Desktop\train_test\G3_109OK\TK_16\台梗16號_180.bmp,TK_16
C:\Users\501\Desktop\train_test\G3_109OK\TK_16\台梗16號_181.bmp,TK_16
C:\Users\501\Desktop\train_test\G3_109OK\TK_16\台梗16號_184.bmp,TK_16
C:\Users\501\Desktop\train_test\G3_109OK\TK_16\台梗16號_185.bmp,TK_16
C:\Users\501\Desktop\train_test\G3_109OK\TK_16\台梗16號_186.bmp,NG
C:\Users\501\Desktop\train_test\G3_109OK\TK_16\台梗16號_187.bmp,TK_16
C:\Users\501\Desktop\train_test\G3_109OK\TK_16\台梗16號_189.bmp,TK_16
C:\Users\501\Desktop\train_test\G3_109OK\TK_16\台梗16號_19.bmp,TK_16
C:\Users\501\Desktop\train_test\G3_109OK\TK_16\台梗16號_191.bmp,TK_16
C:\Users\501\Desktop\train_test\G3_109OK\TK_16\台梗16號_192.bmp,TK_16
C:\Users\501\Desktop\train_test\G3_109OK\TK_16\台梗16號_194.bmp,TK_16
C:\Users\501\Desktop\train_test\G3_109OK\TK_16\台梗16號_195.bmp,TK_16
C:\Users\501\Desktop\train_test\G3_109OK\TK_16\台梗16號_196.bmp,TK_16
C:\Users\501\Desktop\train_test\G3_109OK\TK_16\台梗16號_197.bmp,TK_16
C:\Users\501\Desktop\train_test\G3_109OK\TK_16\台梗16號_198.bmp,TK_16
C:\Users\501\Desktop\train_test\G3_109OK\TK_16\台梗16號_2.bmp,TK_16
C:\Users\501\Desktop\train_test\G3_109OK\TK_16\台梗16號_20.bmp,TK_16
C:\Users\501\Desktop\train_test\G3_109OK\TK_16\台梗16號_200.bmp,TK_16
C:\Users\501\Desktop\train_test\G3_109OK\TK_16\台梗16號_201.bmp,TK_16
C:\Users\501\Desktop\train_test\G3_109OK\TK_16\台梗16號_202.bmp,TK_16
C:\Users\501\Desktop\train_test\G3_109OK\TK_16\台梗16號_203.bmp,TK_16
C:\Users\501\Desktop\train_test\G3_109OK\TK_16\台梗16號_204.bmp,TK_16
C:\Users\501\Desktop\train_test\G3_109OK\TK_16\台梗16號_205.bmp,TK_16
C:\Users\501\Desktop\train_test\G3_109OK\TK_16\台梗16號_206.bmp,TK_16
C:\Users\501\Desktop\train_test\G3_109OK\TK_16\台梗16號_207.bmp,TK_16
C:\Users\501\Desktop\train_test\G3_109OK\TK_16\台梗16號_208.bmp,TK_16
C:\Users\501\Desktop\train_test\G3_109OK\TK_16\台梗16號_209.bmp,TK_16
C:\Users\501\Desktop\train_test\G3_109OK\TK_16\台梗16號_21.bmp,TK_16
C:\Users\501\Desktop\train_test\G3_109OK\TK_16\台梗16號_211.bmp,TK_16
C:\Users\501\Desktop\train_test\G3_109OK\TK_16\台梗16號_212.bmp,TK_16
C:\Users\501\Desktop\train_test\G3_109OK\TK_16\台梗16號_214.bmp,TK_16
C:\Users\501\Desktop\train_test\G3_109OK\TK_16\台梗16號_216.bmp,TK_16
C:\Users\501\Desktop\train_test\G3_109OK\TK_16\台梗16號_217.bmp,TK_16
C:\Users\501\Desktop\train_test\G3_109OK\TK_16\台梗16號_218.bmp,TK_16
C:\Users\501\Desktop\train_test\G3_109OK\TK_16\台梗16號_219.bmp,TK_16
C:\Users\501\Desktop\train_test\G3_109OK\TK_16\台梗16號_22.bmp,TK_16
C:\Users\501\Desktop\train_test\G3_109OK\TK_16\台梗16號_220.bmp,TK_16
C:\Users\501\Desktop\train_test\G3_109OK\TK_16\台梗16號_221.bmp,TK_16
C:\Users\501\Desktop\train_test\G3_109OK\TK_16\台梗16號_222.bmp,TK_16
C:\Users\501\Desktop\train_test\G3_109OK\TK_16\台梗16號_224.bmp,TK_16
C:\Users\501\Desktop\train_test\G3_109OK\TK_16\台梗16號_225.bmp,TK_16
C:\Users\501\Desktop\train_test\G3_109OK\TK_16\台梗16號_226.bmp,TK_16
C:\Users\501\Desktop\train_test\G3_109OK\TK_16\台梗16號_227.bmp,TK_16
C:\Users\501\Desktop\train_test\G3_109OK\TK_16\台梗16號_228.bmp,TK_16
C:\Users\501\Desktop\train_test\G3_109OK\TK_16\台梗16號_23.bmp,TK_16
C:\Users\501\Desktop\train_test\G3_109OK\TK_16\台梗16號_230.bmp,TK_16
C:\Users\501\Desktop\train_test\G3_109OK\TK_16\台梗16號_231.bmp,TK_16
C:\Users\501\Desktop\train_test\G3_109OK\TK_16\台梗16號_234.bmp,TK_16
C:\Users\501\Desktop\train_test\G3_109OK\TK_16\台梗16號_235.bmp,TK_16
C:\Users\501\Desktop\train_test\G3_109OK\TK_16\台梗16號_236.bmp,TK_2
C:\Users\501\Desktop\train_test\G3_109OK\TK_16\台梗16號_237.bmp,TK_16
C:\Users\501\Desktop\train_test\G3_109OK\TK_16\台梗16號_239.bmp,TK_16
C:\Users\501\Desktop\train_test\G3_109OK\TK_16\台梗16號_24.bmp,TK_16
C:\Users\501\Desktop\train_test\G3_109OK\TK_16\台梗16號_240.bmp,TK_16
C:\Users\501\Desktop\train_test\G3_109OK\TK_16\台梗16號_241.bmp,TK_16
C:\Users\501\Desktop\train_test\G3_109OK\TK_16\台梗16號_242.bmp,TK_16
C:\Users\501\Desktop\train_test\G3_109OK\TK_16\台梗16號_244.bmp,TK_16
C:\Users\501\Desktop\train_test\G3_109OK\TK_16\台梗16號_245.bmp,TK_16
C:\Users\501\Desktop\train_test\G3_109OK\TK_16\台梗16號_246.bmp,TK_16
C:\Users\501\Desktop\train_test\G3_109OK\TK_16\台梗16號_247.bmp,TK_16
C:\Users\501\Desktop\train_test\G3_109OK\TK_16\台梗16號_248.bmp,TK_16
C:\Users\501\Desktop\train_test\G3_109OK\TK_16\台梗16號_249.bmp,TK_16
C:\Users\501\Desktop\train_test\G3_109OK\TK_16\台梗16號_25.bmp,TK_16
C:\Users\501\Desktop\train_test\G3_109OK\TK_16\台梗16號_250.bmp,TK_16
C:\Users\501\Desktop\train_test\G3_109OK\TK_16\台梗16號_251.bmp,TK_16
C:\Users\501\Desktop\train_test\G3_109OK\TK_16\台梗16號_252.bmp,TK_16
C:\Users\501\Desktop\train_test\G3_109OK\TK_16\台梗16號_254.bmp,TK_16
C:\Users\501\Desktop\train_test\G3_109OK\TK_16\台梗16號_255.bmp,TK_16
C:\Users\501\Desktop\train_test\G3_109OK\TK_16\台梗16號_256.bmp,TK_16
C:\Users\501\Desktop\train_test\G3_109OK\TK_16\台梗16號_257.bmp,TK_16
C:\Users\501\Desktop\train_test\G3_109OK\TK_16\台梗16號_259.bmp,TK_16
C:\Users\501\Desktop\train_test\G3_109OK\TK_16\台梗16號_26.bmp,TK_16
C:\Users\501\Desktop\train_test\G3_109OK\TK_16\台梗16號_260.bmp,TK_16
C:\Users\501\Desktop\train_test\G3_109OK\TK_16\台梗16號_262.bmp,TK_16
C:\Users\501\Desktop\train_test\G3_109OK\TK_16\台梗16號_263.bmp,TK_16
C:\Users\501\Desktop\train_test\G3_109OK\TK_16\台梗16號_264.bmp,TK_16
C:\Users\501\Desktop\train_test\G3_109OK\TK_16\台梗16號_265.bmp,TK_16
C:\Users\501\Desktop\train_test\G3_109OK\TK_16\台梗16號_266.bmp,TK_16
C:\Users\501\Desktop\train_test\G3_109OK\TK_16\台梗16號_267.bmp,TK_16
C:\Users\501\Desktop\train_test\G3_109OK\TK_16\台梗16號_268.bmp,TK_16
C:\Users\501\Desktop\train_test\G3_109OK\TK_16\台梗16號_269.bmp,TK_16
C:\Users\501\Desktop\train_test\G3_109OK\TK_16\台梗16號_27.bmp,TK_16
C:\Users\501\Desktop\train_test\G3_109OK\TK_16\台梗16號_270.bmp,TK_16
C:\Users\501\Desktop\train_test\G3_109OK\TK_16\台梗16號_271.bmp,TK_16
C:\Users\501\Desktop\train_test\G3_109OK\TK_16\台梗16號_273.bmp,TK_16
C:\Users\501\Desktop\train_test\G3_109OK\TK_16\台梗16號_274.bmp,TK_16
C:\Users\501\Desktop\train_test\G3_109OK\TK_16\台梗16號_275.bmp,TK_16
C:\Users\501\Desktop\train_test\G3_109OK\TK_16\台梗16號_277.bmp,TK_16
C:\Users\501\Desktop\train_test\G3_109OK\TK_16\台梗16號_278.bmp,TK_16
C:\Users\501\Desktop\train_test\G3_109OK\TK_16\台梗16號_281.bmp,TK_16
C:\Users\501\Desktop\train_test\G3_109OK\TK_16\台梗16號_282.bmp,TK_16
C:\Users\501\Desktop\train_test\G3_109OK\TK_16\台梗16號_283.bmp,TK_16
C:\Users\501\Desktop\train_test\G3_109OK\TK_16\台梗16號_284.bmp,TK_16
C:\Users\501\Desktop\train_test\G3_109OK\TK_16\台梗16號_285.bmp,TK_16
C:\Users\501\Desktop\train_test\G3_109OK\TK_16\台梗16號_286.bmp,TK_16
C:\Users\501\Desktop\train_test\G3_109OK\TK_16\台梗16號_287.bmp,TK_16
C:\Users\501\Desktop\train_test\G3_109OK\TK_16\台梗16號_288.bmp,TK_16
C:\Users\501\Desktop\train_test\G3_109OK\TK_16\台梗16號_289.bmp,TK_16
C:\Users\501\Desktop\train_test\G3_109OK\TK_16\台梗16號_29.bmp,TK_16
C:\Users\501\Desktop\train_test\G3_109OK\TK_16\台梗16號_290.bmp,TK_16
C:\Users\501\Desktop\train_test\G3_109OK\TK_16\台梗16號_291.bmp,TK_16
C:\Users\501\Desktop\train_test\G3_109OK\TK_16\台梗16號_292.bmp,TK_16
C:\Users\501\Desktop\train_test\G3_109OK\TK_16\台梗16號_293.bmp,TK_16
C:\Users\501\Desktop\train_test\G3_109OK\TK_16\台梗16號_294.bmp,TK_16
C:\Users\501\Desktop\train_test\G3_109OK\TK_16\台梗16號_295.bmp,TK_16
C:\Users\501\Desktop\train_test\G3_109OK\TK_16\台梗16號_296.bmp,TK_16
C:\Users\501\Desktop\train_test\G3_109OK\TK_16\台梗16號_297.bmp,TK_16
C:\Users\501\Desktop\train_test\G3_109OK\TK_16\台梗16號_298.bmp,TK_2
C:\Users\501\Desktop\train_test\G3_109OK\TK_16\台梗16號_299.bmp,TK_16
C:\Users\501\Desktop\train_test\G3_109OK\TK_16\台梗16號_30.bmp,TK_16
C:\Users\501\Desktop\train_test\G3_109OK\TK_16\台梗16號_300.bmp,TK_16
C:\Users\501\Desktop\train_test\G3_109OK\TK_16\台梗16號_301.bmp,TK_16
C:\Users\501\Desktop\train_test\G3_109OK\TK_16\台梗16號_302.bmp,TK_16
C:\Users\501\Desktop\train_test\G3_109OK\TK_16\台梗16號_303.bmp,TK_16
C:\Users\501\Desktop\train_test\G3_109OK\TK_16\台梗16號_304.bmp,TK_16
C:\Users\501\Desktop\train_test\G3_109OK\TK_16\台梗16號_306.bmp,TK_16
C:\Users\501\Desktop\train_test\G3_109OK\TK_16\台梗16號_307.bmp,TK_16
C:\Users\501\Desktop\train_test\G3_109OK\TK_16\台梗16號_308.bmp,TK_16
C:\Users\501\Desktop\train_test\G3_109OK\TK_16\台梗16號_309.bmp,TK_16
C:\Users\501\Desktop\train_test\G3_109OK\TK_16\台梗16號_31.bmp,TK_16
C:\Users\501\Desktop\train_test\G3_109OK\TK_16\台梗16號_310.bmp,TK_16
C:\Users\501\Desktop\train_test\G3_109OK\TK_16\台梗16號_311.bmp,TK_16
C:\Users\501\Desktop\train_test\G3_109OK\TK_16\台梗16號_312.bmp,TK_16
C:\Users\501\Desktop\train_test\G3_109OK\TK_16\台梗16號_313.bmp,TK_16
C:\Users\501\Desktop\train_test\G3_109OK\TK_16\台梗16號_314.bmp,TK_16
C:\Users\501\Desktop\train_test\G3_109OK\TK_16\台梗16號_315.bmp,TK_16
C:\Users\501\Desktop\train_test\G3_109OK\TK_16\台梗16號_316.bmp,TK_16
C:\Users\501\Desktop\train_test\G3_109OK\TK_16\台梗16號_317.bmp,TK_16
C:\Users\501\Desktop\train_test\G3_109OK\TK_16\台梗16號_318.bmp,TK_16
C:\Users\501\Desktop\train_test\G3_109OK\TK_16\台梗16號_319.bmp,TK_16
C:\Users\501\Desktop\train_test\G3_109OK\TK_16\台梗16號_32.bmp,TK_16
C:\Users\501\Desktop\train_test\G3_109OK\TK_16\台梗16號_320.bmp,TK_16
C:\Users\501\Desktop\train_test\G3_109OK\TK_16\台梗16號_323.bmp,TK_16
C:\Users\501\Desktop\train_test\G3_109OK\TK_16\台梗16號_325.bmp,TK_16
C:\Users\501\Desktop\train_test\G3_109OK\TK_16\台梗16號_326.bmp,TK_16
C:\Users\501\Desktop\train_test\G3_109OK\TK_16\台梗16號_327.bmp,TK_16
C:\Users\501\Desktop\train_test\G3_109OK\TK_16\台梗16號_328.bmp,TK_16
C:\Users\501\Desktop\train_test\G3_109OK\TK_16\台梗16號_329.bmp,TK_16
C:\Users\501\Desktop\train_test\G3_109OK\TK_16\台梗16號_33.bmp,TK_16
C:\Users\501\Desktop\train_test\G3_109OK\TK_16\台梗16號_331.bmp,TK_16
C:\Users\501\Desktop\train_test\G3_109OK\TK_16\台梗16號_332.bmp,TK_16
C:\Users\501\Desktop\train_test\G3_109OK\TK_16\台梗16號_333.bmp,TK_16
C:\Users\501\Desktop\train_test\G3_109OK\TK_16\台梗16號_334.bmp,TK_16
C:\Users\501\Desktop\train_test\G3_109OK\TK_16\台梗16號_335.bmp,TK_16
C:\Users\501\Desktop\train_test\G3_109OK\TK_16\台梗16號_338.bmp,NG
C:\Users\501\Desktop\train_test\G3_109OK\TK_16\台梗16號_339.bmp,TK_16
C:\Users\501\Desktop\train_test\G3_109OK\TK_16\台梗16號_34.bmp,TK_16
C:\Users\501\Desktop\train_test\G3_109OK\TK_16\台梗16號_342.bmp,TK_16
C:\Users\501\Desktop\train_test\G3_109OK\TK_16\台梗16號_343.bmp,TK_16
C:\Users\501\Desktop\train_test\G3_109OK\TK_16\台梗16號_344.bmp,TK_16
C:\Users\501\Desktop\train_test\G3_109OK\TK_16\台梗16號_345.bmp,TK_16
C:\Users\501\Desktop\train_test\G3_109OK\TK_16\台梗16號_346.bmp,TK_16
C:\Users\501\Desktop\train_test\G3_109OK\TK_16\台梗16號_347.bmp,TK_16
C:\Users\501\Desktop\train_test\G3_109OK\TK_16\台梗16號_349.bmp,TK_16
C:\Users\501\Desktop\train_test\G3_109OK\TK_16\台梗16號_35.bmp,TK_16
C:\Users\501\Desktop\train_test\G3_109OK\TK_16\台梗16號_350.bmp,TK_16
C:\Users\501\Desktop\train_test\G3_109OK\TK_16\台梗16號_351.bmp,TNG_71
C:\Users\501\Desktop\train_test\G3_109OK\TK_16\台梗16號_352.bmp,TK_16
C:\Users\501\Desktop\train_test\G3_109OK\TK_16\台梗16號_353.bmp,TK_16
C:\Users\501\Desktop\train_test\G3_109OK\TK_16\台梗16號_354.bmp,TK_16
C:\Users\501\Desktop\train_test\G3_109OK\TK_16\台梗16號_356.bmp,TK_16
C:\Users\501\Desktop\train_test\G3_109OK\TK_16\台梗16號_357.bmp,TK_16
C:\Users\501\Desktop\train_test\G3_109OK\TK_16\台梗16號_36.bmp,TK_16
C:\Users\501\Desktop\train_test\G3_109OK\TK_16\台梗16號_360.bmp,TK_16
C:\Users\501\Desktop\train_test\G3_109OK\TK_16\台梗16號_361.bmp,TK_16
C:\Users\501\Desktop\train_test\G3_109OK\TK_16\台梗16號_362.bmp,TK_16
C:\Users\501\Desktop\train_test\G3_109OK\TK_16\台梗16號_363.bmp,TK_16
C:\Users\501\Desktop\train_test\G3_109OK\TK_16\台梗16號_365.bmp,TK_16
C:\Users\501\Desktop\train_test\G3_109OK\TK_16\台梗16號_366.bmp,TK_16
C:\Users\501\Desktop\train_test\G3_109OK\TK_16\台梗16號_369.bmp,TK_16
C:\Users\501\Desktop\train_test\G3_109OK\TK_16\台梗16號_37.bmp,TK_16
C:\Users\501\Desktop\train_test\G3_109OK\TK_16\台梗16號_370.bmp,TK_16
C:\Users\501\Desktop\train_test\G3_109OK\TK_16\台梗16號_371.bmp,TK_16
C:\Users\501\Desktop\train_test\G3_109OK\TK_16\台梗16號_372.bmp,TK_16
C:\Users\501\Desktop\train_test\G3_109OK\TK_16\台梗16號_373.bmp,TK_16
C:\Users\501\Desktop\train_test\G3_109OK\TK_16\台梗16號_376.bmp,TK_16
C:\Users\501\Desktop\train_test\G3_109OK\TK_16\台梗16號_377.bmp,TK_16
C:\Users\501\Desktop\train_test\G3_109OK\TK_16\台梗16號_38.bmp,TK_16
C:\Users\501\Desktop\train_test\G3_109OK\TK_16\台梗16號_380.bmp,TK_16
C:\Users\501\Desktop\train_test\G3_109OK\TK_16\台梗16號_381.bmp,TK_16
C:\Users\501\Desktop\train_test\G3_109OK\TK_16\台梗16號_382.bmp,TK_16
C:\Users\501\Desktop\train_test\G3_109OK\TK_16\台梗16號_383.bmp,TK_16
C:\Users\501\Desktop\train_test\G3_109OK\TK_16\台梗16號_384.bmp,TK_16
C:\Users\501\Desktop\train_test\G3_109OK\TK_16\台梗16號_385.bmp,TK_16
C:\Users\501\Desktop\train_test\G3_109OK\TK_16\台梗16號_386.bmp,TK_16
C:\Users\501\Desktop\train_test\G3_109OK\TK_16\台梗16號_387.bmp,TK_16
C:\Users\501\Desktop\train_test\G3_109OK\TK_16\台梗16號_389.bmp,TK_16
C:\Users\501\Desktop\train_test\G3_109OK\TK_16\台梗16號_39.bmp,TK_16
C:\Users\501\Desktop\train_test\G3_109OK\TK_16\台梗16號_390.bmp,TK_16
C:\Users\501\Desktop\train_test\G3_109OK\TK_16\台梗16號_391.bmp,TK_16
C:\Users\501\Desktop\train_test\G3_109OK\TK_16\台梗16號_394.bmp,TK_16
C:\Users\501\Desktop\train_test\G3_109OK\TK_16\台梗16號_395.bmp,TK_16
C:\Users\501\Desktop\train_test\G3_109OK\TK_16\台梗16號_396.bmp,TK_16
C:\Users\501\Desktop\train_test\G3_109OK\TK_16\台梗16號_397.bmp,TK_16
C:\Users\501\Desktop\train_test\G3_109OK\TK_16\台梗16號_398.bmp,TK_16
C:\Users\501\Desktop\train_test\G3_109OK\TK_16\台梗16號_399.bmp,TK_16
C:\Users\501\Desktop\train_test\G3_109OK\TK_16\台梗16號_4.bmp,TK_16
C:\Users\501\Desktop\train_test\G3_109OK\TK_16\台梗16號_40.bmp,TK_16
C:\Users\501\Desktop\train_test\G3_109OK\TK_16\台梗16號_401.bmp,TK_16
C:\Users\501\Desktop\train_test\G3_109OK\TK_16\台梗16號_402.bmp,TK_16
C:\Users\501\Desktop\train_test\G3_109OK\TK_16\台梗16號_403.bmp,TK_16
C:\Users\501\Desktop\train_test\G3_109OK\TK_16\台梗16號_404.bmp,TK_16
C:\Users\501\Desktop\train_test\G3_109OK\TK_16\台梗16號_405.bmp,TK_16
C:\Users\501\Desktop\train_test\G3_109OK\TK_16\台梗16號_406.bmp,TK_16
C:\Users\501\Desktop\train_test\G3_109OK\TK_16\台梗16號_408.bmp,TK_16
C:\Users\501\Desktop\train_test\G3_109OK\TK_16\台梗16號_409.bmp,TK_16
C:\Users\501\Desktop\train_test\G3_109OK\TK_16\台梗16號_41.bmp,TK_16
C:\Users\501\Desktop\train_test\G3_109OK\TK_16\台梗16號_410.bmp,TK_16
C:\Users\501\Desktop\train_test\G3_109OK\TK_16\台梗16號_411.bmp,TK_16
C:\Users\501\Desktop\train_test\G3_109OK\TK_16\台梗16號_413.bmp,TK_16
C:\Users\501\Desktop\train_test\G3_109OK\TK_16\台梗16號_414.bmp,TK_16
C:\Users\501\Desktop\train_test\G3_109OK\TK_16\台梗16號_416.bmp,TK_16
C:\Users\501\Desktop\train_test\G3_109OK\TK_16\台梗16號_417.bmp,NG
C:\Users\501\Desktop\train_test\G3_109OK\TK_16\台梗16號_418.bmp,TK_16
C:\Users\501\Desktop\train_test\G3_109OK\TK_16\台梗16號_419.bmp,TK_16
C:\Users\501\Desktop\train_test\G3_109OK\TK_16\台梗16號_420.bmp,TK_16
C:\Users\501\Desktop\train_test\G3_109OK\TK_16\台梗16號_421.bmp,TK_16
C:\Users\501\Desktop\train_test\G3_109OK\TK_16\台梗16號_422.bmp,TK_16
C:\Users\501\Desktop\train_test\G3_109OK\TK_16\台梗16號_423.bmp,TK_16
C:\Users\501\Desktop\train_test\G3_109OK\TK_16\台梗16號_425.bmp,TK_16
C:\Users\501\Desktop\train_test\G3_109OK\TK_16\台梗16號_426.bmp,TK_16
C:\Users\501\Desktop\train_test\G3_109OK\TK_16\台梗16號_428.bmp,TK_16
C:\Users\501\Desktop\train_test\G3_109OK\TK_16\台梗16號_429.bmp,TK_16
C:\Users\501\Desktop\train_test\G3_109OK\TK_16\台梗16號_43.bmp,TK_16
C:\Users\501\Desktop\train_test\G3_109OK\TK_16\台梗16號_430.bmp,TK_16
C:\Users\501\Desktop\train_test\G3_109OK\TK_16\台梗16號_431.bmp,TK_16
C:\Users\501\Desktop\train_test\G3_109OK\TK_16\台梗16號_432.bmp,TK_16
C:\Users\501\Desktop\train_test\G3_109OK\TK_16\台梗16號_433.bmp,TK_16
C:\Users\501\Desktop\train_test\G3_109OK\TK_16\台梗16號_434.bmp,TK_16
C:\Users\501\Desktop\train_test\G3_109OK\TK_16\台梗16號_435.bmp,TK_16
C:\Users\501\Desktop\train_test\G3_109OK\TK_16\台梗16號_436.bmp,TK_16
C:\Users\501\Desktop\train_test\G3_109OK\TK_16\台梗16號_437.bmp,TK_16
C:\Users\501\Desktop\train_test\G3_109OK\TK_16\台梗16號_438.bmp,TK_16
C:\Users\501\Desktop\train_test\G3_109OK\TK_16\台梗16號_440.bmp,TK_16
C:\Users\501\Desktop\train_test\G3_109OK\TK_16\台梗16號_441.bmp,TK_16
C:\Users\501\Desktop\train_test\G3_109OK\TK_16\台梗16號_444.bmp,TK_16
C:\Users\501\Desktop\train_test\G3_109OK\TK_16\台梗16號_445.bmp,TK_16
C:\Users\501\Desktop\train_test\G3_109OK\TK_16\台梗16號_446.bmp,TK_16
C:\Users\501\Desktop\train_test\G3_109OK\TK_16\台梗16號_447.bmp,TK_16
C:\Users\501\Desktop\train_test\G3_109OK\TK_16\台梗16號_448.bmp,TK_16
C:\Users\501\Desktop\train_test\G3_109OK\TK_16\台梗16號_449.bmp,TK_16
C:\Users\501\Desktop\train_test\G3_109OK\TK_16\台梗16號_45.bmp,TK_16
C:\Users\501\Desktop\train_test\G3_109OK\TK_16\台梗16號_450.bmp,TK_16
C:\Users\501\Desktop\train_test\G3_109OK\TK_16\台梗16號_451.bmp,TK_16
C:\Users\501\Desktop\train_test\G3_109OK\TK_16\台梗16號_452.bmp,TK_16
C:\Users\501\Desktop\train_test\G3_109OK\TK_16\台梗16號_453.bmp,TK_16
C:\Users\501\Desktop\train_test\G3_109OK\TK_16\台梗16號_454.bmp,TK_16
C:\Users\501\Desktop\train_test\G3_109OK\TK_16\台梗16號_455.bmp,TK_16
C:\Users\501\Desktop\train_test\G3_109OK\TK_16\台梗16號_457.bmp,TK_16
C:\Users\501\Desktop\train_test\G3_109OK\TK_16\台梗16號_458.bmp,TK_16
C:\Users\501\Desktop\train_test\G3_109OK\TK_16\台梗16號_46.bmp,TK_16
C:\Users\501\Desktop\train_test\G3_109OK\TK_16\台梗16號_460.bmp,TK_16
C:\Users\501\Desktop\train_test\G3_109OK\TK_16\台梗16號_461.bmp,TK_16
C:\Users\501\Desktop\train_test\G3_109OK\TK_16\台梗16號_462.bmp,TK_16
C:\Users\501\Desktop\train_test\G3_109OK\TK_16\台梗16號_464.bmp,TK_16
C:\Users\501\Desktop\train_test\G3_109OK\TK_16\台梗16號_465.bmp,TK_16
C:\Users\501\Desktop\train_test\G3_109OK\TK_16\台梗16號_466.bmp,TK_16
C:\Users\501\Desktop\train_test\G3_109OK\TK_16\台梗16號_467.bmp,TK_16
C:\Users\501\Desktop\train_test\G3_109OK\TK_16\台梗16號_468.bmp,TK_16
C:\Users\501\Desktop\train_test\G3_109OK\TK_16\台梗16號_469.bmp,TK_16
C:\Users\501\Desktop\train_test\G3_109OK\TK_16\台梗16號_47.bmp,TK_16
C:\Users\501\Desktop\train_test\G3_109OK\TK_16\台梗16號_470.bmp,TK_16
C:\Users\501\Desktop\train_test\G3_109OK\TK_16\台梗16號_471.bmp,TK_16
C:\Users\501\Desktop\train_test\G3_109OK\TK_16\台梗16號_472.bmp,TK_16
C:\Users\501\Desktop\train_test\G3_109OK\TK_16\台梗16號_473.bmp,TK_16
C:\Users\501\Desktop\train_test\G3_109OK\TK_16\台梗16號_474.bmp,TK_16
C:\Users\501\Desktop\train_test\G3_109OK\TK_16\台梗16號_475.bmp,TK_16
C:\Users\501\Desktop\train_test\G3_109OK\TK_16\台梗16號_476.bmp,TK_16
C:\Users\501\Desktop\train_test\G3_109OK\TK_16\台梗16號_477.bmp,TK_16
C:\Users\501\Desktop\train_test\G3_109OK\TK_16\台梗16號_478.bmp,TK_16
C:\Users\501\Desktop\train_test\G3_109OK\TK_16\台梗16號_479.bmp,TK_16
C:\Users\501\Desktop\train_test\G3_109OK\TK_16\台梗16號_48.bmp,TK_16
C:\Users\501\Desktop\train_test\G3_109OK\TK_16\台梗16號_480.bmp,TK_16
C:\Users\501\Desktop\train_test\G3_109OK\TK_16\台梗16號_482.bmp,TK_16
C:\Users\501\Desktop\train_test\G3_109OK\TK_16\台梗16號_483.bmp,TK_16
C:\Users\501\Desktop\train_test\G3_109OK\TK_16\台梗16號_484.bmp,TK_16
C:\Users\501\Desktop\train_test\G3_109OK\TK_16\台梗16號_485.bmp,TK_16
C:\Users\501\Desktop\train_test\G3_109OK\TK_16\台梗16號_486.bmp,TK_16
C:\Users\501\Desktop\train_test\G3_109OK\TK_16\台梗16號_487.bmp,TK_16
C:\Users\501\Desktop\train_test\G3_109OK\TK_16\台梗16號_488.bmp,TK_16
C:\Users\501\Desktop\train_test\G3_109OK\TK_16\台梗16號_49.bmp,TK_16
C:\Users\501\Desktop\train_test\G3_109OK\TK_16\台梗16號_491.bmp,TK_16
C:\Users\501\Desktop\train_test\G3_109OK\TK_16\台梗16號_492.bmp,TK_16
C:\Users\501\Desktop\train_test\G3_109OK\TK_16\台梗16號_493.bmp,TK_16
C:\Users\501\Desktop\train_test\G3_109OK\TK_16\台梗16號_495.bmp,TK_16
C:\Users\501\Desktop\train_test\G3_109OK\TK_16\台梗16號_496.bmp,TK_16
C:\Users\501\Desktop\train_test\G3_109OK\TK_16\台梗16號_497.bmp,TK_16
C:\Users\501\Desktop\train_test\G3_109OK\TK_16\台梗16號_498.bmp,TK_16
C:\Users\501\Desktop\train_test\G3_109OK\TK_16\台梗16號_499.bmp,TK_16
C:\Users\501\Desktop\train_test\G3_109OK\TK_16\台梗16號_5.bmp,TK_16
C:\Users\501\Desktop\train_test\G3_109OK\TK_16\台梗16號_50.bmp,TK_16
C:\Users\501\Desktop\train_test\G3_109OK\TK_16\台梗16號_500.bmp,TK_16
C:\Users\501\Desktop\train_test\G3_109OK\TK_16\台梗16號_501.bmp,TK_16
C:\Users\501\Desktop\train_test\G3_109OK\TK_16\台梗16號_502.bmp,TK_16
C:\Users\501\Desktop\train_test\G3_109OK\TK_16\台梗16號_503.bmp,TK_16
C:\Users\501\Desktop\train_test\G3_109OK\TK_16\台梗16號_504.bmp,TK_16
C:\Users\501\Desktop\train_test\G3_109OK\TK_16\台梗16號_505.bmp,TK_16
C:\Users\501\Desktop\train_test\G3_109OK\TK_16\台梗16號_507.bmp,TK_16
C:\Users\501\Desktop\train_test\G3_109OK\TK_16\台梗16號_508.bmp,TK_16
C:\Users\501\Desktop\train_test\G3_109OK\TK_16\台梗16號_509.bmp,TK_16
C:\Users\501\Desktop\train_test\G3_109OK\TK_16\台梗16號_51.bmp,TK_16
C:\Users\501\Desktop\train_test\G3_109OK\TK_16\台梗16號_510.bmp,TK_16
C:\Users\501\Desktop\train_test\G3_109OK\TK_16\台梗16號_512.bmp,TK_16
C:\Users\501\Desktop\train_test\G3_109OK\TK_16\台梗16號_513.bmp,TK_16
C:\Users\501\Desktop\train_test\G3_109OK\TK_16\台梗16號_514.bmp,TK_16
C:\Users\501\Desktop\train_test\G3_109OK\TK_16\台梗16號_515.bmp,TK_16
C:\Users\501\Desktop\train_test\G3_109OK\TK_16\台梗16號_516.bmp,TK_16
C:\Users\501\Desktop\train_test\G3_109OK\TK_16\台梗16號_517.bmp,TK_16
C:\Users\501\Desktop\train_test\G3_109OK\TK_16\台梗16號_518.bmp,TK_16
C:\Users\501\Desktop\train_test\G3_109OK\TK_16\台梗16號_519.bmp,TK_16
C:\Users\501\Desktop\train_test\G3_109OK\TK_16\台梗16號_521.bmp,TK_16
C:\Users\501\Desktop\train_test\G3_109OK\TK_16\台梗16號_522.bmp,TK_2
C:\Users\501\Desktop\train_test\G3_109OK\TK_16\台梗16號_523.bmp,TK_16
C:\Users\501\Desktop\train_test\G3_109OK\TK_16\台梗16號_524.bmp,TK_16
C:\Users\501\Desktop\train_test\G3_109OK\TK_16\台梗16號_525.bmp,TK_16
C:\Users\501\Desktop\train_test\G3_109OK\TK_16\台梗16號_527.bmp,TK_16
C:\Users\501\Desktop\train_test\G3_109OK\TK_16\台梗16號_528.bmp,TK_2
C:\Users\501\Desktop\train_test\G3_109OK\TK_16\台梗16號_53.bmp,TK_16
C:\Users\501\Desktop\train_test\G3_109OK\TK_16\台梗16號_531.bmp,TK_16
C:\Users\501\Desktop\train_test\G3_109OK\TK_16\台梗16號_532.bmp,TK_16
C:\Users\501\Desktop\train_test\G3_109OK\TK_16\台梗16號_533.bmp,TK_16
C:\Users\501\Desktop\train_test\G3_109OK\TK_16\台梗16號_534.bmp,TK_16
C:\Users\501\Desktop\train_test\G3_109OK\TK_16\台梗16號_535.bmp,TK_16
C:\Users\501\Desktop\train_test\G3_109OK\TK_16\台梗16號_536.bmp,TK_16
C:\Users\501\Desktop\train_test\G3_109OK\TK_16\台梗16號_537.bmp,TK_16
C:\Users\501\Desktop\train_test\G3_109OK\TK_16\台梗16號_538.bmp,TK_16
C:\Users\501\Desktop\train_test\G3_109OK\TK_16\台梗16號_539.bmp,TK_16
C:\Users\501\Desktop\train_test\G3_109OK\TK_16\台梗16號_54.bmp,TK_16
C:\Users\501\Desktop\train_test\G3_109OK\TK_16\台梗16號_540.bmp,TK_16
C:\Users\501\Desktop\train_test\G3_109OK\TK_16\台梗16號_541.bmp,TK_16
C:\Users\501\Desktop\train_test\G3_109OK\TK_16\台梗16號_542.bmp,TK_16
C:\Users\501\Desktop\train_test\G3_109OK\TK_16\台梗16號_543.bmp,TK_16
C:\Users\501\Desktop\train_test\G3_109OK\TK_16\台梗16號_544.bmp,TK_16
C:\Users\501\Desktop\train_test\G3_109OK\TK_16\台梗16號_545.bmp,TK_16
C:\Users\501\Desktop\train_test\G3_109OK\TK_16\台梗16號_546.bmp,TK_16
C:\Users\501\Desktop\train_test\G3_109OK\TK_16\台梗16號_548.bmp,TK_16
C:\Users\501\Desktop\train_test\G3_109OK\TK_16\台梗16號_549.bmp,TK_16
C:\Users\501\Desktop\train_test\G3_109OK\TK_16\台梗16號_55.bmp,TK_16
C:\Users\501\Desktop\train_test\G3_109OK\TK_16\台梗16號_550.bmp,TK_16
C:\Users\501\Desktop\train_test\G3_109OK\TK_16\台梗16號_551.bmp,TK_16
C:\Users\501\Desktop\train_test\G3_109OK\TK_16\台梗16號_552.bmp,TK_16
C:\Users\501\Desktop\train_test\G3_109OK\TK_16\台梗16號_553.bmp,TK_16
C:\Users\501\Desktop\train_test\G3_109OK\TK_16\台梗16號_554.bmp,TK_16
C:\Users\501\Desktop\train_test\G3_109OK\TK_16\台梗16號_555.bmp,TK_16
C:\Users\501\Desktop\train_test\G3_109OK\TK_16\台梗16號_556.bmp,TK_16
C:\Users\501\Desktop\train_test\G3_109OK\TK_16\台梗16號_557.bmp,TK_16
C:\Users\501\Desktop\train_test\G3_109OK\TK_16\台梗16號_56.bmp,TK_16
C:\Users\501\Desktop\train_test\G3_109OK\TK_16\台梗16號_561.bmp,TK_16
C:\Users\501\Desktop\train_test\G3_109OK\TK_16\台梗16號_562.bmp,TK_16
C:\Users\501\Desktop\train_test\G3_109OK\TK_16\台梗16號_564.bmp,TK_16
C:\Users\501\Desktop\train_test\G3_109OK\TK_16\台梗16號_566.bmp,TK_16
C:\Users\501\Desktop\train_test\G3_109OK\TK_16\台梗16號_567.bmp,TK_16
C:\Users\501\Desktop\train_test\G3_109OK\TK_16\台梗16號_569.bmp,TK_16
C:\Users\501\Desktop\train_test\G3_109OK\TK_16\台梗16號_57.bmp,TK_16
C:\Users\501\Desktop\train_test\G3_109OK\TK_16\台梗16號_571.bmp,TK_16
C:\Users\501\Desktop\train_test\G3_109OK\TK_16\台梗16號_572.bmp,TK_16
C:\Users\501\Desktop\train_test\G3_109OK\TK_16\台梗16號_574.bmp,TK_16
C:\Users\501\Desktop\train_test\G3_109OK\TK_16\台梗16號_576.bmp,TK_16
C:\Users\501\Desktop\train_test\G3_109OK\TK_16\台梗16號_577.bmp,TK_16
C:\Users\501\Desktop\train_test\G3_109OK\TK_16\台梗16號_578.bmp,TK_16
C:\Users\501\Desktop\train_test\G3_109OK\TK_16\台梗16號_579.bmp,TK_16
C:\Users\501\Desktop\train_test\G3_109OK\TK_16\台梗16號_58.bmp,TK_16
C:\Users\501\Desktop\train_test\G3_109OK\TK_16\台梗16號_580.bmp,TK_16
C:\Users\501\Desktop\train_test\G3_109OK\TK_16\台梗16號_581.bmp,TK_16
C:\Users\501\Desktop\train_test\G3_109OK\TK_16\台梗16號_582.bmp,TK_16
C:\Users\501\Desktop\train_test\G3_109OK\TK_16\台梗16號_583.bmp,TK_16
C:\Users\501\Desktop\train_test\G3_109OK\TK_16\台梗16號_584.bmp,TK_16
C:\Users\501\Desktop\train_test\G3_109OK\TK_16\台梗16號_585.bmp,TK_16
C:\Users\501\Desktop\train_test\G3_109OK\TK_16\台梗16號_586.bmp,TK_16
C:\Users\501\Desktop\train_test\G3_109OK\TK_16\台梗16號_589.bmp,TK_16
C:\Users\501\Desktop\train_test\G3_109OK\TK_16\台梗16號_590.bmp,TK_16
C:\Users\501\Desktop\train_test\G3_109OK\TK_16\台梗16號_592.bmp,TK_16
C:\Users\501\Desktop\train_test\G3_109OK\TK_16\台梗16號_593.bmp,TK_16
C:\Users\501\Desktop\train_test\G3_109OK\TK_16\台梗16號_596.bmp,TK_16
C:\Users\501\Desktop\train_test\G3_109OK\TK_16\台梗16號_597.bmp,TK_16
C:\Users\501\Desktop\train_test\G3_109OK\TK_16\台梗16號_598.bmp,TK_16
C:\Users\501\Desktop\train_test\G3_109OK\TK_16\台梗16號_599.bmp,TK_16
C:\Users\501\Desktop\train_test\G3_109OK\TK_16\台梗16號_6.bmp,TK_16
C:\Users\501\Desktop\train_test\G3_109OK\TK_16\台梗16號_60.bmp,TK_16
C:\Users\501\Desktop\train_test\G3_109OK\TK_16\台梗16號_600.bmp,TK_16
C:\Users\501\Desktop\train_test\G3_109OK\TK_16\台梗16號_601.bmp,TK_16
C:\Users\501\Desktop\train_test\G3_109OK\TK_16\台梗16號_602.bmp,TK_16
C:\Users\501\Desktop\train_test\G3_109OK\TK_16\台梗16號_603.bmp,TK_16
C:\Users\501\Desktop\train_test\G3_109OK\TK_16\台梗16號_604.bmp,TK_16
C:\Users\501\Desktop\train_test\G3_109OK\TK_16\台梗16號_605.bmp,TK_16
C:\Users\501\Desktop\train_test\G3_109OK\TK_16\台梗16號_606.bmp,TK_16
C:\Users\501\Desktop\train_test\G3_109OK\TK_16\台梗16號_607.bmp,TK_16
C:\Users\501\Desktop\train_test\G3_109OK\TK_16\台梗16號_608.bmp,TK_16
C:\Users\501\Desktop\train_test\G3_109OK\TK_16\台梗16號_61.bmp,TK_16
C:\Users\501\Desktop\train_test\G3_109OK\TK_16\台梗16號_610.bmp,TK_16
C:\Users\501\Desktop\train_test\G3_109OK\TK_16\台梗16號_611.bmp,TK_16
C:\Users\501\Desktop\train_test\G3_109OK\TK_16\台梗16號_612.bmp,TK_16
C:\Users\501\Desktop\train_test\G3_109OK\TK_16\台梗16號_613.bmp,TK_16
C:\Users\501\Desktop\train_test\G3_109OK\TK_16\台梗16號_614.bmp,TK_16
C:\Users\501\Desktop\train_test\G3_109OK\TK_16\台梗16號_615.bmp,TK_16
C:\Users\501\Desktop\train_test\G3_109OK\TK_16\台梗16號_616.bmp,TK_16
C:\Users\501\Desktop\train_test\G3_109OK\TK_16\台梗16號_618.bmp,TK_16
C:\Users\501\Desktop\train_test\G3_109OK\TK_16\台梗16號_62.bmp,TK_16
C:\Users\501\Desktop\train_test\G3_109OK\TK_16\台梗16號_620.bmp,TK_16
C:\Users\501\Desktop\train_test\G3_109OK\TK_16\台梗16號_621.bmp,TK_16
C:\Users\501\Desktop\train_test\G3_109OK\TK_16\台梗16號_622.bmp,TK_16
C:\Users\501\Desktop\train_test\G3_109OK\TK_16\台梗16號_625.bmp,TK_16
C:\Users\501\Desktop\train_test\G3_109OK\TK_16\台梗16號_626.bmp,TK_16
C:\Users\501\Desktop\train_test\G3_109OK\TK_16\台梗16號_627.bmp,TK_16
C:\Users\501\Desktop\train_test\G3_109OK\TK_16\台梗16號_628.bmp,TK_16
C:\Users\501\Desktop\train_test\G3_109OK\TK_16\台梗16號_629.bmp,TK_16
C:\Users\501\Desktop\train_test\G3_109OK\TK_16\台梗16號_63.bmp,TK_16
C:\Users\501\Desktop\train_test\G3_109OK\TK_16\台梗16號_630.bmp,TK_16
C:\Users\501\Desktop\train_test\G3_109OK\TK_16\台梗16號_632.bmp,TK_16
C:\Users\501\Desktop\train_test\G3_109OK\TK_16\台梗16號_633.bmp,TK_16
C:\Users\501\Desktop\train_test\G3_109OK\TK_16\台梗16號_634.bmp,TK_16
C:\Users\501\Desktop\train_test\G3_109OK\TK_16\台梗16號_635.bmp,TK_16
C:\Users\501\Desktop\train_test\G3_109OK\TK_16\台梗16號_637.bmp,TK_16
C:\Users\501\Desktop\train_test\G3_109OK\TK_16\台梗16號_638.bmp,TK_16
C:\Users\501\Desktop\train_test\G3_109OK\TK_16\台梗16號_639.bmp,TK_16
C:\Users\501\Desktop\train_test\G3_109OK\TK_16\台梗16號_640.bmp,TK_16
C:\Users\501\Desktop\train_test\G3_109OK\TK_16\台梗16號_641.bmp,TK_16
C:\Users\501\Desktop\train_test\G3_109OK\TK_16\台梗16號_642.bmp,TK_16
C:\Users\501\Desktop\train_test\G3_109OK\TK_16\台梗16號_643.bmp,TK_16
C:\Users\501\Desktop\train_test\G3_109OK\TK_16\台梗16號_644.bmp,TK_16
C:\Users\501\Desktop\train_test\G3_109OK\TK_16\台梗16號_645.bmp,TK_16
C:\Users\501\Desktop\train_test\G3_109OK\TK_16\台梗16號_646.bmp,TK_16
C:\Users\501\Desktop\train_test\G3_109OK\TK_16\台梗16號_648.bmp,TK_16
C:\Users\501\Desktop\train_test\G3_109OK\TK_16\台梗16號_649.bmp,TK_16
C:\Users\501\Desktop\train_test\G3_109OK\TK_16\台梗16號_65.bmp,TK_16
C:\Users\501\Desktop\train_test\G3_109OK\TK_16\台梗16號_653.bmp,TK_16
C:\Users\501\Desktop\train_test\G3_109OK\TK_16\台梗16號_654.bmp,TK_16
C:\Users\501\Desktop\train_test\G3_109OK\TK_16\台梗16號_655.bmp,TK_16
C:\Users\501\Desktop\train_test\G3_109OK\TK_16\台梗16號_656.bmp,TK_16
C:\Users\501\Desktop\train_test\G3_109OK\TK_16\台梗16號_657.bmp,TK_16
C:\Users\501\Desktop\train_test\G3_109OK\TK_16\台梗16號_658.bmp,TK_16
C:\Users\501\Desktop\train_test\G3_109OK\TK_16\台梗16號_659.bmp,TK_16
C:\Users\501\Desktop\train_test\G3_109OK\TK_16\台梗16號_66.bmp,TK_16
C:\Users\501\Desktop\train_test\G3_109OK\TK_16\台梗16號_660.bmp,TK_16
C:\Users\501\Desktop\train_test\G3_109OK\TK_16\台梗16號_661.bmp,TK_16
C:\Users\501\Desktop\train_test\G3_109OK\TK_16\台梗16號_663.bmp,TK_16
C:\Users\501\Desktop\train_test\G3_109OK\TK_16\台梗16號_664.bmp,TK_16
C:\Users\501\Desktop\train_test\G3_109OK\TK_16\台梗16號_665.bmp,TK_16
C:\Users\501\Desktop\train_test\G3_109OK\TK_16\台梗16號_666.bmp,TK_16
C:\Users\501\Desktop\train_test\G3_109OK\TK_16\台梗16號_667.bmp,TK_16
C:\Users\501\Desktop\train_test\G3_109OK\TK_16\台梗16號_668.bmp,TK_16
C:\Users\501\Desktop\train_test\G3_109OK\TK_16\台梗16號_669.bmp,TK_16
C:\Users\501\Desktop\train_test\G3_109OK\TK_16\台梗16號_67.bmp,TK_16
C:\Users\501\Desktop\train_test\G3_109OK\TK_16\台梗16號_671.bmp,TK_16
C:\Users\501\Desktop\train_test\G3_109OK\TK_16\台梗16號_672.bmp,TK_16
C:\Users\501\Desktop\train_test\G3_109OK\TK_16\台梗16號_673.bmp,TK_16
C:\Users\501\Desktop\train_test\G3_109OK\TK_16\台梗16號_674.bmp,TK_16
C:\Users\501\Desktop\train_test\G3_109OK\TK_16\台梗16號_675.bmp,TK_16
C:\Users\501\Desktop\train_test\G3_109OK\TK_16\台梗16號_676.bmp,TK_16
C:\Users\501\Desktop\train_test\G3_109OK\TK_16\台梗16號_677.bmp,TK_16
C:\Users\501\Desktop\train_test\G3_109OK\TK_16\台梗16號_679.bmp,TK_16
C:\Users\501\Desktop\train_test\G3_109OK\TK_16\台梗16號_680.bmp,TK_16
C:\Users\501\Desktop\train_test\G3_109OK\TK_16\台梗16號_681.bmp,TK_16
C:\Users\501\Desktop\train_test\G3_109OK\TK_16\台梗16號_682.bmp,TK_16
C:\Users\501\Desktop\train_test\G3_109OK\TK_16\台梗16號_683.bmp,TK_16
C:\Users\501\Desktop\train_test\G3_109OK\TK_16\台梗16號_684.bmp,TK_16
C:\Users\501\Desktop\train_test\G3_109OK\TK_16\台梗16號_685.bmp,TK_16
C:\Users\501\Desktop\train_test\G3_109OK\TK_16\台梗16號_686.bmp,TK_16
C:\Users\501\Desktop\train_test\G3_109OK\TK_16\台梗16號_687.bmp,TK_16
C:\Users\501\Desktop\train_test\G3_109OK\TK_16\台梗16號_688.bmp,TK_16
C:\Users\501\Desktop\train_test\G3_109OK\TK_16\台梗16號_689.bmp,TK_16
C:\Users\501\Desktop\train_test\G3_109OK\TK_16\台梗16號_69.bmp,TK_16
C:\Users\501\Desktop\train_test\G3_109OK\TK_16\台梗16號_691.bmp,TK_16
C:\Users\501\Desktop\train_test\G3_109OK\TK_16\台梗16號_693.bmp,TK_16
C:\Users\501\Desktop\train_test\G3_109OK\TK_16\台梗16號_694.bmp,TK_16
C:\Users\501\Desktop\train_test\G3_109OK\TK_16\台梗16號_695.bmp,TK_16
C:\Users\501\Desktop\train_test\G3_109OK\TK_16\台梗16號_696.bmp,TK_16
C:\Users\501\Desktop\train_test\G3_109OK\TK_16\台梗16號_697.bmp,TK_16
C:\Users\501\Desktop\train_test\G3_109OK\TK_16\台梗16號_699.bmp,TK_16
C:\Users\501\Desktop\train_test\G3_109OK\TK_16\台梗16號_7.bmp,TK_16
C:\Users\501\Desktop\train_test\G3_109OK\TK_16\台梗16號_70.bmp,TK_16
C:\Users\501\Desktop\train_test\G3_109OK\TK_16\台梗16號_700.bmp,TK_16
C:\Users\501\Desktop\train_test\G3_109OK\TK_16\台梗16號_701.bmp,TK_16
C:\Users\501\Desktop\train_test\G3_109OK\TK_16\台梗16號_702.bmp,TK_16
C:\Users\501\Desktop\train_test\G3_109OK\TK_16\台梗16號_703.bmp,TK_16
C:\Users\501\Desktop\train_test\G3_109OK\TK_16\台梗16號_704.bmp,TK_16
C:\Users\501\Desktop\train_test\G3_109OK\TK_16\台梗16號_706.bmp,TK_16
C:\Users\501\Desktop\train_test\G3_109OK\TK_16\台梗16號_708.bmp,TK_16
C:\Users\501\Desktop\train_test\G3_109OK\TK_16\台梗16號_71.bmp,TK_16
C:\Users\501\Desktop\train_test\G3_109OK\TK_16\台梗16號_711.bmp,TK_16
C:\Users\501\Desktop\train_test\G3_109OK\TK_16\台梗16號_712.bmp,TK_16
C:\Users\501\Desktop\train_test\G3_109OK\TK_16\台梗16號_713.bmp,TK_16
C:\Users\501\Desktop\train_test\G3_109OK\TK_16\台梗16號_715.bmp,TK_16
C:\Users\501\Desktop\train_test\G3_109OK\TK_16\台梗16號_716.bmp,TK_16
C:\Users\501\Desktop\train_test\G3_109OK\TK_16\台梗16號_717.bmp,TK_16
C:\Users\501\Desktop\train_test\G3_109OK\TK_16\台梗16號_718.bmp,TK_16
C:\Users\501\Desktop\train_test\G3_109OK\TK_16\台梗16號_72.bmp,TK_16
C:\Users\501\Desktop\train_test\G3_109OK\TK_16\台梗16號_720.bmp,TK_16
C:\Users\501\Desktop\train_test\G3_109OK\TK_16\台梗16號_721.bmp,TK_16
C:\Users\501\Desktop\train_test\G3_109OK\TK_16\台梗16號_724.bmp,TK_16
C:\Users\501\Desktop\train_test\G3_109OK\TK_16\台梗16號_725.bmp,TK_16
C:\Users\501\Desktop\train_test\G3_109OK\TK_16\台梗16號_726.bmp,TK_16
C:\Users\501\Desktop\train_test\G3_109OK\TK_16\台梗16號_727.bmp,TK_16
C:\Users\501\Desktop\train_test\G3_109OK\TK_16\台梗16號_728.bmp,TK_16
C:\Users\501\Desktop\train_test\G3_109OK\TK_16\台梗16號_729.bmp,TK_16
C:\Users\501\Desktop\train_test\G3_109OK\TK_16\台梗16號_730.bmp,TK_16
C:\Users\501\Desktop\train_test\G3_109OK\TK_16\台梗16號_731.bmp,TK_16
C:\Users\501\Desktop\train_test\G3_109OK\TK_16\台梗16號_732.bmp,TK_16
C:\Users\501\Desktop\train_test\G3_109OK\TK_16\台梗16號_733.bmp,TK_16
C:\Users\501\Desktop\train_test\G3_109OK\TK_16\台梗16號_734.bmp,TK_16
C:\Users\501\Desktop\train_test\G3_109OK\TK_16\台梗16號_735.bmp,TK_16
C:\Users\501\Desktop\train_test\G3_109OK\TK_16\台梗16號_736.bmp,TK_16
C:\Users\501\Desktop\train_test\G3_109OK\TK_16\台梗16號_737.bmp,TK_16
C:\Users\501\Desktop\train_test\G3_109OK\TK_16\台梗16號_738.bmp,TK_16
C:\Users\501\Desktop\train_test\G3_109OK\TK_16\台梗16號_739.bmp,TK_16
C:\Users\501\Desktop\train_test\G3_109OK\TK_16\台梗16號_74.bmp,TK_16
C:\Users\501\Desktop\train_test\G3_109OK\TK_16\台梗16號_740.bmp,TK_16
C:\Users\501\Desktop\train_test\G3_109OK\TK_16\台梗16號_741.bmp,TK_16
C:\Users\501\Desktop\train_test\G3_109OK\TK_16\台梗16號_742.bmp,TK_16
C:\Users\501\Desktop\train_test\G3_109OK\TK_16\台梗16號_743.bmp,TK_16
C:\Users\501\Desktop\train_test\G3_109OK\TK_16\台梗16號_744.bmp,TK_16
C:\Users\501\Desktop\train_test\G3_109OK\TK_16\台梗16號_745.bmp,TK_16
C:\Users\501\Desktop\train_test\G3_109OK\TK_16\台梗16號_746.bmp,TK_16
C:\Users\501\Desktop\train_test\G3_109OK\TK_16\台梗16號_749.bmp,TK_16
C:\Users\501\Desktop\train_test\G3_109OK\TK_16\台梗16號_75.bmp,TK_16
C:\Users\501\Desktop\train_test\G3_109OK\TK_16\台梗16號_750.bmp,TK_16
C:\Users\501\Desktop\train_test\G3_109OK\TK_16\台梗16號_751.bmp,TK_16
C:\Users\501\Desktop\train_test\G3_109OK\TK_16\台梗16號_753.bmp,TK_16
C:\Users\501\Desktop\train_test\G3_109OK\TK_16\台梗16號_754.bmp,TK_16
C:\Users\501\Desktop\train_test\G3_109OK\TK_16\台梗16號_755.bmp,TK_16
C:\Users\501\Desktop\train_test\G3_109OK\TK_16\台梗16號_756.bmp,TK_16
C:\Users\501\Desktop\train_test\G3_109OK\TK_16\台梗16號_757.bmp,TK_16
C:\Users\501\Desktop\train_test\G3_109OK\TK_16\台梗16號_758.bmp,TK_16
C:\Users\501\Desktop\train_test\G3_109OK\TK_16\台梗16號_76.bmp,TK_16
C:\Users\501\Desktop\train_test\G3_109OK\TK_16\台梗16號_760.bmp,TK_16
C:\Users\501\Desktop\train_test\G3_109OK\TK_16\台梗16號_761.bmp,TK_16
C:\Users\501\Desktop\train_test\G3_109OK\TK_16\台梗16號_762.bmp,TK_16
C:\Users\501\Desktop\train_test\G3_109OK\TK_16\台梗16號_763.bmp,TK_16
C:\Users\501\Desktop\train_test\G3_109OK\TK_16\台梗16號_764.bmp,TK_16
C:\Users\501\Desktop\train_test\G3_109OK\TK_16\台梗16號_765.bmp,TK_16
C:\Users\501\Desktop\train_test\G3_109OK\TK_16\台梗16號_766.bmp,TK_16
C:\Users\501\Desktop\train_test\G3_109OK\TK_16\台梗16號_767.bmp,TK_16
C:\Users\501\Desktop\train_test\G3_109OK\TK_16\台梗16號_768.bmp,TK_16
C:\Users\501\Desktop\train_test\G3_109OK\TK_16\台梗16號_77.bmp,TK_16
C:\Users\501\Desktop\train_test\G3_109OK\TK_16\台梗16號_770.bmp,TK_16
C:\Users\501\Desktop\train_test\G3_109OK\TK_16\台梗16號_771.bmp,TK_16
C:\Users\501\Desktop\train_test\G3_109OK\TK_16\台梗16號_772.bmp,TK_16
C:\Users\501\Desktop\train_test\G3_109OK\TK_16\台梗16號_773.bmp,TK_16
C:\Users\501\Desktop\train_test\G3_109OK\TK_16\台梗16號_774.bmp,TK_16
C:\Users\501\Desktop\train_test\G3_109OK\TK_16\台梗16號_775.bmp,TK_16
C:\Users\501\Desktop\train_test\G3_109OK\TK_16\台梗16號_776.bmp,TK_16
C:\Users\501\Desktop\train_test\G3_109OK\TK_16\台梗16號_777.bmp,TK_16
C:\Users\501\Desktop\train_test\G3_109OK\TK_16\台梗16號_778.bmp,TK_16
C:\Users\501\Desktop\train_test\G3_109OK\TK_16\台梗16號_779.bmp,TK_16
C:\Users\501\Desktop\train_test\G3_109OK\TK_16\台梗16號_78.bmp,TK_16
C:\Users\501\Desktop\train_test\G3_109OK\TK_16\台梗16號_780.bmp,TK_16
C:\Users\501\Desktop\train_test\G3_109OK\TK_16\台梗16號_781.bmp,TK_16
C:\Users\501\Desktop\train_test\G3_109OK\TK_16\台梗16號_782.bmp,TK_16
C:\Users\501\Desktop\train_test\G3_109OK\TK_16\台梗16號_783.bmp,TK_16
C:\Users\501\Desktop\train_test\G3_109OK\TK_16\台梗16號_784.bmp,TK_16
C:\Users\501\Desktop\train_test\G3_109OK\TK_16\台梗16號_788.bmp,TK_16
C:\Users\501\Desktop\train_test\G3_109OK\TK_16\台梗16號_79.bmp,TK_16
C:\Users\501\Desktop\train_test\G3_109OK\TK_16\台梗16號_790.bmp,TK_16
C:\Users\501\Desktop\train_test\G3_109OK\TK_16\台梗16號_791.bmp,TK_16
C:\Users\501\Desktop\train_test\G3_109OK\TK_16\台梗16號_792.bmp,TK_16
C:\Users\501\Desktop\train_test\G3_109OK\TK_16\台梗16號_793.bmp,TK_16
C:\Users\501\Desktop\train_test\G3_109OK\TK_16\台梗16號_794.bmp,TK_16
C:\Users\501\Desktop\train_test\G3_109OK\TK_16\台梗16號_795.bmp,TK_16
C:\Users\501\Desktop\train_test\G3_109OK\TK_16\台梗16號_796.bmp,TK_16
C:\Users\501\Desktop\train_test\G3_109OK\TK_16\台梗16號_797.bmp,TK_16
C:\Users\501\Desktop\train_test\G3_109OK\TK_16\台梗16號_798.bmp,TK_16
C:\Users\501\Desktop\train_test\G3_109OK\TK_16\台梗16號_799.bmp,TK_16
C:\Users\501\Desktop\train_test\G3_109OK\TK_16\台梗16號_8.bmp,TK_16
C:\Users\501\Desktop\train_test\G3_109OK\TK_16\台梗16號_800.bmp,TK_16
C:\Users\501\Desktop\train_test\G3_109OK\TK_16\台梗16號_801.bmp,TK_16
C:\Users\501\Desktop\train_test\G3_109OK\TK_16\台梗16號_802.bmp,TK_16
C:\Users\501\Desktop\train_test\G3_109OK\TK_16\台梗16號_803.bmp,TK_16
C:\Users\501\Desktop\train_test\G3_109OK\TK_16\台梗16號_804.bmp,TK_16
C:\Users\501\Desktop\train_test\G3_109OK\TK_16\台梗16號_805.bmp,TK_16
C:\Users\501\Desktop\train_test\G3_109OK\TK_16\台梗16號_806.bmp,TK_16
C:\Users\501\Desktop\train_test\G3_109OK\TK_16\台梗16號_807.bmp,TK_16
C:\Users\501\Desktop\train_test\G3_109OK\TK_16\台梗16號_808.bmp,TK_16
C:\Users\501\Desktop\train_test\G3_109OK\TK_16\台梗16號_809.bmp,TK_16
C:\Users\501\Desktop\train_test\G3_109OK\TK_16\台梗16號_81.bmp,TK_16
C:\Users\501\Desktop\train_test\G3_109OK\TK_16\台梗16號_810.bmp,TK_16
C:\Users\501\Desktop\train_test\G3_109OK\TK_16\台梗16號_811.bmp,TK_16
C:\Users\501\Desktop\train_test\G3_109OK\TK_16\台梗16號_812.bmp,TK_16
C:\Users\501\Desktop\train_test\G3_109OK\TK_16\台梗16號_813.bmp,TK_16
C:\Users\501\Desktop\train_test\G3_109OK\TK_16\台梗16號_814.bmp,TK_16
C:\Users\501\Desktop\train_test\G3_109OK\TK_16\台梗16號_815.bmp,TK_16
C:\Users\501\Desktop\train_test\G3_109OK\TK_16\台梗16號_816.bmp,TK_16
C:\Users\501\Desktop\train_test\G3_109OK\TK_16\台梗16號_817.bmp,TK_16
C:\Users\501\Desktop\train_test\G3_109OK\TK_16\台梗16號_818.bmp,TK_16
C:\Users\501\Desktop\train_test\G3_109OK\TK_16\台梗16號_819.bmp,TK_16
C:\Users\501\Desktop\train_test\G3_109OK\TK_16\台梗16號_82.bmp,TK_16
C:\Users\501\Desktop\train_test\G3_109OK\TK_16\台梗16號_820.bmp,TK_16
C:\Users\501\Desktop\train_test\G3_109OK\TK_16\台梗16號_821.bmp,TK_16
C:\Users\501\Desktop\train_test\G3_109OK\TK_16\台梗16號_822.bmp,TK_16
C:\Users\501\Desktop\train_test\G3_109OK\TK_16\台梗16號_825.bmp,TK_16
C:\Users\501\Desktop\train_test\G3_109OK\TK_16\台梗16號_826.bmp,TK_16
C:\Users\501\Desktop\train_test\G3_109OK\TK_16\台梗16號_827.bmp,TK_16
C:\Users\501\Desktop\train_test\G3_109OK\TK_16\台梗16號_828.bmp,TK_16
C:\Users\501\Desktop\train_test\G3_109OK\TK_16\台梗16號_829.bmp,TK_16
C:\Users\501\Desktop\train_test\G3_109OK\TK_16\台梗16號_83.bmp,TK_16
C:\Users\501\Desktop\train_test\G3_109OK\TK_16\台梗16號_830.bmp,TK_16
C:\Users\501\Desktop\train_test\G3_109OK\TK_16\台梗16號_831.bmp,TK_16
C:\Users\501\Desktop\train_test\G3_109OK\TK_16\台梗16號_833.bmp,TK_16
C:\Users\501\Desktop\train_test\G3_109OK\TK_16\台梗16號_834.bmp,TK_16
C:\Users\501\Desktop\train_test\G3_109OK\TK_16\台梗16號_835.bmp,TK_16
C:\Users\501\Desktop\train_test\G3_109OK\TK_16\台梗16號_836.bmp,TK_16
C:\Users\501\Desktop\train_test\G3_109OK\TK_16\台梗16號_837.bmp,TK_16
C:\Users\501\Desktop\train_test\G3_109OK\TK_16\台梗16號_838.bmp,TK_16
C:\Users\501\Desktop\train_test\G3_109OK\TK_16\台梗16號_84.bmp,TK_16
C:\Users\501\Desktop\train_test\G3_109OK\TK_16\台梗16號_841.bmp,TK_16
C:\Users\501\Desktop\train_test\G3_109OK\TK_16\台梗16號_842.bmp,TK_16
C:\Users\501\Desktop\train_test\G3_109OK\TK_16\台梗16號_846.bmp,TK_16
C:\Users\501\Desktop\train_test\G3_109OK\TK_16\台梗16號_847.bmp,TK_16
C:\Users\501\Desktop\train_test\G3_109OK\TK_16\台梗16號_849.bmp,TK_16
C:\Users\501\Desktop\train_test\G3_109OK\TK_16\台梗16號_85.bmp,TK_16
C:\Users\501\Desktop\train_test\G3_109OK\TK_16\台梗16號_850.bmp,TK_16
C:\Users\501\Desktop\train_test\G3_109OK\TK_16\台梗16號_851.bmp,TK_16
C:\Users\501\Desktop\train_test\G3_109OK\TK_16\台梗16號_853.bmp,TK_16
C:\Users\501\Desktop\train_test\G3_109OK\TK_16\台梗16號_854.bmp,TK_16
C:\Users\501\Desktop\train_test\G3_109OK\TK_16\台梗16號_855.bmp,TK_16
C:\Users\501\Desktop\train_test\G3_109OK\TK_16\台梗16號_856.bmp,TK_16
C:\Users\501\Desktop\train_test\G3_109OK\TK_16\台梗16號_857.bmp,TK_16
C:\Users\501\Desktop\train_test\G3_109OK\TK_16\台梗16號_858.bmp,TK_16
C:\Users\501\Desktop\train_test\G3_109OK\TK_16\台梗16號_859.bmp,TK_16
C:\Users\501\Desktop\train_test\G3_109OK\TK_16\台梗16號_86.bmp,TK_16
C:\Users\501\Desktop\train_test\G3_109OK\TK_16\台梗16號_860.bmp,TK_16
C:\Users\501\Desktop\train_test\G3_109OK\TK_16\台梗16號_861.bmp,TK_16
C:\Users\501\Desktop\train_test\G3_109OK\TK_16\台梗16號_862.bmp,TK_16
C:\Users\501\Desktop\train_test\G3_109OK\TK_16\台梗16號_863.bmp,TK_16
C:\Users\501\Desktop\train_test\G3_109OK\TK_16\台梗16號_864.bmp,TK_16
C:\Users\501\Desktop\train_test\G3_109OK\TK_16\台梗16號_865.bmp,TK_16
C:\Users\501\Desktop\train_test\G3_109OK\TK_16\台梗16號_867.bmp,TK_16
C:\Users\501\Desktop\train_test\G3_109OK\TK_16\台梗16號_868.bmp,TK_16
C:\Users\501\Desktop\train_test\G3_109OK\TK_16\台梗16號_869.bmp,TK_16
C:\Users\501\Desktop\train_test\G3_109OK\TK_16\台梗16號_87.bmp,TK_16
C:\Users\501\Desktop\train_test\G3_109OK\TK_16\台梗16號_873.bmp,TK_16
C:\Users\501\Desktop\train_test\G3_109OK\TK_16\台梗16號_875.bmp,TK_16
C:\Users\501\Desktop\train_test\G3_109OK\TK_16\台梗16號_876.bmp,TK_16
C:\Users\501\Desktop\train_test\G3_109OK\TK_16\台梗16號_877.bmp,TK_16
C:\Users\501\Desktop\train_test\G3_109OK\TK_16\台梗16號_878.bmp,TK_16
C:\Users\501\Desktop\train_test\G3_109OK\TK_16\台梗16號_879.bmp,TK_16
C:\Users\501\Desktop\train_test\G3_109OK\TK_16\台梗16號_88.bmp,TK_16
C:\Users\501\Desktop\train_test\G3_109OK\TK_16\台梗16號_881.bmp,TK_16
C:\Users\501\Desktop\train_test\G3_109OK\TK_16\台梗16號_883.bmp,TK_16
C:\Users\501\Desktop\train_test\G3_109OK\TK_16\台梗16號_884.bmp,TK_16
C:\Users\501\Desktop\train_test\G3_109OK\TK_16\台梗16號_885.bmp,TK_16
C:\Users\501\Desktop\train_test\G3_109OK\TK_16\台梗16號_886.bmp,TK_16
C:\Users\501\Desktop\train_test\G3_109OK\TK_16\台梗16號_887.bmp,TK_16
C:\Users\501\Desktop\train_test\G3_109OK\TK_16\台梗16號_89.bmp,TK_16
C:\Users\501\Desktop\train_test\G3_109OK\TK_16\台梗16號_890.bmp,TK_16
C:\Users\501\Desktop\train_test\G3_109OK\TK_16\台梗16號_892.bmp,TK_16
C:\Users\501\Desktop\train_test\G3_109OK\TK_16\台梗16號_893.bmp,TK_16
C:\Users\501\Desktop\train_test\G3_109OK\TK_16\台梗16號_894.bmp,TK_16
C:\Users\501\Desktop\train_test\G3_109OK\TK_16\台梗16號_896.bmp,TK_16
C:\Users\501\Desktop\train_test\G3_109OK\TK_16\台梗16號_897.bmp,TK_16
C:\Users\501\Desktop\train_test\G3_109OK\TK_16\台梗16號_899.bmp,TK_16
C:\Users\501\Desktop\train_test\G3_109OK\TK_16\台梗16號_9.bmp,TK_16
C:\Users\501\Desktop\train_test\G3_109OK\TK_16\台梗16號_90.bmp,TK_16
C:\Users\501\Desktop\train_test\G3_109OK\TK_16\台梗16號_900.bmp,TK_16
C:\Users\501\Desktop\train_test\G3_109OK\TK_16\台梗16號_902.bmp,TK_16
C:\Users\501\Desktop\train_test\G3_109OK\TK_16\台梗16號_903.bmp,TK_16
C:\Users\501\Desktop\train_test\G3_109OK\TK_16\台梗16號_904.bmp,TK_16
C:\Users\501\Desktop\train_test\G3_109OK\TK_16\台梗16號_905.bmp,TK_16
C:\Users\501\Desktop\train_test\G3_109OK\TK_16\台梗16號_906.bmp,TK_16
C:\Users\501\Desktop\train_test\G3_109OK\TK_16\台梗16號_907.bmp,TK_16
C:\Users\501\Desktop\train_test\G3_109OK\TK_16\台梗16號_908.bmp,TK_16
C:\Users\501\Desktop\train_test\G3_109OK\TK_16\台梗16號_909.bmp,TK_16
C:\Users\501\Desktop\train_test\G3_109OK\TK_16\台梗16號_91.bmp,TK_16
C:\Users\501\Desktop\train_test\G3_109OK\TK_16\台梗16號_910.bmp,TK_16
C:\Users\501\Desktop\train_test\G3_109OK\TK_16\台梗16號_911.bmp,TK_16
C:\Users\501\Desktop\train_test\G3_109OK\TK_16\台梗16號_912.bmp,TK_16
C:\Users\501\Desktop\train_test\G3_109OK\TK_16\台梗16號_915.bmp,TK_16
C:\Users\501\Desktop\train_test\G3_109OK\TK_16\台梗16號_917.bmp,TK_16
C:\Users\501\Desktop\train_test\G3_109OK\TK_16\台梗16號_918.bmp,TK_16
C:\Users\501\Desktop\train_test\G3_109OK\TK_16\台梗16號_919.bmp,TK_16
C:\Users\501\Desktop\train_test\G3_109OK\TK_16\台梗16號_920.bmp,TK_16
C:\Users\501\Desktop\train_test\G3_109OK\TK_16\台梗16號_921.bmp,TK_16
C:\Users\501\Desktop\train_test\G3_109OK\TK_16\台梗16號_923.bmp,TK_16
C:\Users\501\Desktop\train_test\G3_109OK\TK_16\台梗16號_924.bmp,TK_16
C:\Users\501\Desktop\train_test\G3_109OK\TK_16\台梗16號_926.bmp,TK_16
C:\Users\501\Desktop\train_test\G3_109OK\TK_16\台梗16號_927.bmp,TK_16
C:\Users\501\Desktop\train_test\G3_109OK\TK_16\台梗16號_928.bmp,TK_16
C:\Users\501\Desktop\train_test\G3_109OK\TK_16\台梗16號_93.bmp,TK_16
C:\Users\501\Desktop\train_test\G3_109OK\TK_16\台梗16號_931.bmp,TK_16
C:\Users\501\Desktop\train_test\G3_109OK\TK_16\台梗16號_932.bmp,TK_16
C:\Users\501\Desktop\train_test\G3_109OK\TK_16\台梗16號_933.bmp,TK_16
C:\Users\501\Desktop\train_test\G3_109OK\TK_16\台梗16號_934.bmp,TK_16
C:\Users\501\Desktop\train_test\G3_109OK\TK_16\台梗16號_935.bmp,TK_16
C:\Users\501\Desktop\train_test\G3_109OK\TK_16\台梗16號_936.bmp,TK_16
C:\Users\501\Desktop\train_test\G3_109OK\TK_16\台梗16號_937.bmp,TK_16
C:\Users\501\Desktop\train_test\G3_109OK\TK_16\台梗16號_938.bmp,TK_16
C:\Users\501\Desktop\train_test\G3_109OK\TK_16\台梗16號_939.bmp,TK_16
C:\Users\501\Desktop\train_test\G3_109OK\TK_16\台梗16號_94.bmp,TK_16
C:\Users\501\Desktop\train_test\G3_109OK\TK_16\台梗16號_940.bmp,TK_16
C:\Users\501\Desktop\train_test\G3_109OK\TK_16\台梗16號_941.bmp,TK_16
C:\Users\501\Desktop\train_test\G3_109OK\TK_16\台梗16號_943.bmp,TK_16
C:\Users\501\Desktop\train_test\G3_109OK\TK_16\台梗16號_946.bmp,TK_16
C:\Users\501\Desktop\train_test\G3_109OK\TK_16\台梗16號_947.bmp,TK_16
C:\Users\501\Desktop\train_test\G3_109OK\TK_16\台梗16號_948.bmp,TK_16
C:\Users\501\Desktop\train_test\G3_109OK\TK_16\台梗16號_949.bmp,TK_16
C:\Users\501\Desktop\train_test\G3_109OK\TK_16\台梗16號_95.bmp,TK_16
C:\Users\501\Desktop\train_test\G3_109OK\TK_16\台梗16號_950.bmp,TK_16
C:\Users\501\Desktop\train_test\G3_109OK\TK_16\台梗16號_952.bmp,TK_16
C:\Users\501\Desktop\train_test\G3_109OK\TK_16\台梗16號_953.bmp,TK_16
C:\Users\501\Desktop\train_test\G3_109OK\TK_16\台梗16號_954.bmp,TK_16
C:\Users\501\Desktop\train_test\G3_109OK\TK_16\台梗16號_955.bmp,TK_16
C:\Users\501\Desktop\train_test\G3_109OK\TK_16\台梗16號_957.bmp,TK_16
C:\Users\501\Desktop\train_test\G3_109OK\TK_16\台梗16號_958.bmp,TK_16
C:\Users\501\Desktop\train_test\G3_109OK\TK_16\台梗16號_959.bmp,TK_16
C:\Users\501\Desktop\train_test\G3_109OK\TK_16\台梗16號_96.bmp,TK_16
C:\Users\501\Desktop\train_test\G3_109OK\TK_16\台梗16號_962.bmp,TK_16
C:\Users\501\Desktop\train_test\G3_109OK\TK_16\台梗16號_963.bmp,TK_16
C:\Users\501\Desktop\train_test\G3_109OK\TK_16\台梗16號_964.bmp,TK_16
C:\Users\501\Desktop\train_test\G3_109OK\TK_16\台梗16號_965.bmp,TK_16
C:\Users\501\Desktop\train_test\G3_109OK\TK_16\台梗16號_966.bmp,TK_16
C:\Users\501\Desktop\train_test\G3_109OK\TK_16\台梗16號_967.bmp,TN_16
C:\Users\501\Desktop\train_test\G3_109OK\TK_16\台梗16號_97.bmp,TK_16
C:\Users\501\Desktop\train_test\G3_109OK\TK_16\台梗16號_98.bmp,TK_16
C:\Users\501\Desktop\train_test\G3_109OK\TK_16\台梗16號_99.bmp,TK_16


TK_16,793,Accurate: 98.61286 %
NG,TK_16,TK_2,TNG_71,TN_16,No
4,782,5,1,1,0
