C:\Users\501\Desktop\train_test\G3_109OK\TN_16\台梗16號_1.bmp,TN_16
C:\Users\501\Desktop\train_test\G3_109OK\TN_16\台梗16號_100.bmp,TN_16
C:\Users\501\Desktop\train_test\G3_109OK\TN_16\台梗16號_101.bmp,TN_16
C:\Users\501\Desktop\train_test\G3_109OK\TN_16\台梗16號_102.bmp,TN_16
C:\Users\501\Desktop\train_test\G3_109OK\TN_16\台梗16號_103.bmp,TN_16
C:\Users\501\Desktop\train_test\G3_109OK\TN_16\台梗16號_106.bmp,TN_16
C:\Users\501\Desktop\train_test\G3_109OK\TN_16\台梗16號_109.bmp,TN_16
C:\Users\501\Desktop\train_test\G3_109OK\TN_16\台梗16號_11.bmp,TN_16
C:\Users\501\Desktop\train_test\G3_109OK\TN_16\台梗16號_110.bmp,TN_16
C:\Users\501\Desktop\train_test\G3_109OK\TN_16\台梗16號_112.bmp,TN_16
C:\Users\501\Desktop\train_test\G3_109OK\TN_16\台梗16號_113.bmp,NG
C:\Users\501\Desktop\train_test\G3_109OK\TN_16\台梗16號_115.bmp,TN_16
C:\Users\501\Desktop\train_test\G3_109OK\TN_16\台梗16號_116.bmp,TN_16
C:\Users\501\Desktop\train_test\G3_109OK\TN_16\台梗16號_117.bmp,TN_16
C:\Users\501\Desktop\train_test\G3_109OK\TN_16\台梗16號_118.bmp,NG
C:\Users\501\Desktop\train_test\G3_109OK\TN_16\台梗16號_119.bmp,TN_16
C:\Users\501\Desktop\train_test\G3_109OK\TN_16\台梗16號_120.bmp,TN_16
C:\Users\501\Desktop\train_test\G3_109OK\TN_16\台梗16號_122.bmp,TN_16
C:\Users\501\Desktop\train_test\G3_109OK\TN_16\台梗16號_123.bmp,TN_16
C:\Users\501\Desktop\train_test\G3_109OK\TN_16\台梗16號_124.bmp,TN_16
C:\Users\501\Desktop\train_test\G3_109OK\TN_16\台梗16號_125.bmp,TN_16
C:\Users\501\Desktop\train_test\G3_109OK\TN_16\台梗16號_126.bmp,TN_16
C:\Users\501\Desktop\train_test\G3_109OK\TN_16\台梗16號_127.bmp,TN_16
C:\Users\501\Desktop\train_test\G3_109OK\TN_16\台梗16號_128.bmp,TN_16
C:\Users\501\Desktop\train_test\G3_109OK\TN_16\台梗16號_129.bmp,TN_16
C:\Users\501\Desktop\train_test\G3_109OK\TN_16\台梗16號_130.bmp,TN_16
C:\Users\501\Desktop\train_test\G3_109OK\TN_16\台梗16號_132.bmp,TN_16
C:\Users\501\Desktop\train_test\G3_109OK\TN_16\台梗16號_134.bmp,TN_16
C:\Users\501\Desktop\train_test\G3_109OK\TN_16\台梗16號_135.bmp,TN_16
C:\Users\501\Desktop\train_test\G3_109OK\TN_16\台梗16號_136.bmp,TN_16
C:\Users\501\Desktop\train_test\G3_109OK\TN_16\台梗16號_137.bmp,TN_16
C:\Users\501\Desktop\train_test\G3_109OK\TN_16\台梗16號_138.bmp,TN_16
C:\Users\501\Desktop\train_test\G3_109OK\TN_16\台梗16號_139.bmp,TN_16
C:\Users\501\Desktop\train_test\G3_109OK\TN_16\台梗16號_14.bmp,TN_16
C:\Users\501\Desktop\train_test\G3_109OK\TN_16\台梗16號_145.bmp,TN_16
C:\Users\501\Desktop\train_test\G3_109OK\TN_16\台梗16號_148.bmp,TN_16
C:\Users\501\Desktop\train_test\G3_109OK\TN_16\台梗16號_15.bmp,TN_16
C:\Users\501\Desktop\train_test\G3_109OK\TN_16\台梗16號_150.bmp,TN_16
C:\Users\501\Desktop\train_test\G3_109OK\TN_16\台梗16號_151.bmp,TN_16
C:\Users\501\Desktop\train_test\G3_109OK\TN_16\台梗16號_152.bmp,TN_16
C:\Users\501\Desktop\train_test\G3_109OK\TN_16\台梗16號_153.bmp,TN_16
C:\Users\501\Desktop\train_test\G3_109OK\TN_16\台梗16號_155.bmp,TN_16
C:\Users\501\Desktop\train_test\G3_109OK\TN_16\台梗16號_157.bmp,TN_16
C:\Users\501\Desktop\train_test\G3_109OK\TN_16\台梗16號_158.bmp,TN_16
C:\Users\501\Desktop\train_test\G3_109OK\TN_16\台梗16號_159.bmp,TN_16
C:\Users\501\Desktop\train_test\G3_109OK\TN_16\台梗16號_160.bmp,TN_16
C:\Users\501\Desktop\train_test\G3_109OK\TN_16\台梗16號_165.bmp,TN_16
C:\Users\501\Desktop\train_test\G3_109OK\TN_16\台梗16號_166.bmp,TN_16
C:\Users\501\Desktop\train_test\G3_109OK\TN_16\台梗16號_168.bmp,TN_16
C:\Users\501\Desktop\train_test\G3_109OK\TN_16\台梗16號_169.bmp,TN_16
C:\Users\501\Desktop\train_test\G3_109OK\TN_16\台梗16號_171.bmp,TN_16
C:\Users\501\Desktop\train_test\G3_109OK\TN_16\台梗16號_172.bmp,TN_16
C:\Users\501\Desktop\train_test\G3_109OK\TN_16\台梗16號_173.bmp,TN_16
C:\Users\501\Desktop\train_test\G3_109OK\TN_16\台梗16號_174.bmp,TN_16
C:\Users\501\Desktop\train_test\G3_109OK\TN_16\台梗16號_175.bmp,TN_16
C:\Users\501\Desktop\train_test\G3_109OK\TN_16\台梗16號_176.bmp,TN_16
C:\Users\501\Desktop\train_test\G3_109OK\TN_16\台梗16號_177.bmp,TN_16
C:\Users\501\Desktop\train_test\G3_109OK\TN_16\台梗16號_178.bmp,TN_16
C:\Users\501\Desktop\train_test\G3_109OK\TN_16\台梗16號_179.bmp,TN_16
C:\Users\501\Desktop\train_test\G3_109OK\TN_16\台梗16號_181.bmp,TN_16
C:\Users\501\Desktop\train_test\G3_109OK\TN_16\台梗16號_183.bmp,TN_16
C:\Users\501\Desktop\train_test\G3_109OK\TN_16\台梗16號_184.bmp,TN_16
C:\Users\501\Desktop\train_test\G3_109OK\TN_16\台梗16號_185.bmp,TN_16
C:\Users\501\Desktop\train_test\G3_109OK\TN_16\台梗16號_186.bmp,TN_16
C:\Users\501\Desktop\train_test\G3_109OK\TN_16\台梗16號_189.bmp,TN_16
C:\Users\501\Desktop\train_test\G3_109OK\TN_16\台梗16號_19.bmp,TN_16
C:\Users\501\Desktop\train_test\G3_109OK\TN_16\台梗16號_192.bmp,TN_16
C:\Users\501\Desktop\train_test\G3_109OK\TN_16\台梗16號_194.bmp,TN_16
C:\Users\501\Desktop\train_test\G3_109OK\TN_16\台梗16號_195.bmp,TN_16
C:\Users\501\Desktop\train_test\G3_109OK\TN_16\台梗16號_196.bmp,TN_16
C:\Users\501\Desktop\train_test\G3_109OK\TN_16\台梗16號_197.bmp,TN_16
C:\Users\501\Desktop\train_test\G3_109OK\TN_16\台梗16號_199.bmp,NG
C:\Users\501\Desktop\train_test\G3_109OK\TN_16\台梗16號_2.bmp,TN_16
C:\Users\501\Desktop\train_test\G3_109OK\TN_16\台梗16號_20.bmp,TN_16
C:\Users\501\Desktop\train_test\G3_109OK\TN_16\台梗16號_202.bmp,TN_16
C:\Users\501\Desktop\train_test\G3_109OK\TN_16\台梗16號_204.bmp,TN_16
C:\Users\501\Desktop\train_test\G3_109OK\TN_16\台梗16號_205.bmp,TN_16
C:\Users\501\Desktop\train_test\G3_109OK\TN_16\台梗16號_207.bmp,TN_16
C:\Users\501\Desktop\train_test\G3_109OK\TN_16\台梗16號_210.bmp,TN_16
C:\Users\501\Desktop\train_test\G3_109OK\TN_16\台梗16號_212.bmp,TN_16
C:\Users\501\Desktop\train_test\G3_109OK\TN_16\台梗16號_213.bmp,TN_16
C:\Users\501\Desktop\train_test\G3_109OK\TN_16\台梗16號_216.bmp,TN_16
C:\Users\501\Desktop\train_test\G3_109OK\TN_16\台梗16號_218.bmp,TN_16
C:\Users\501\Desktop\train_test\G3_109OK\TN_16\台梗16號_219.bmp,TN_16
C:\Users\501\Desktop\train_test\G3_109OK\TN_16\台梗16號_221.bmp,TN_16
C:\Users\501\Desktop\train_test\G3_109OK\TN_16\台梗16號_223.bmp,TN_16
C:\Users\501\Desktop\train_test\G3_109OK\TN_16\台梗16號_224.bmp,TN_16
C:\Users\501\Desktop\train_test\G3_109OK\TN_16\台梗16號_225.bmp,TN_16
C:\Users\501\Desktop\train_test\G3_109OK\TN_16\台梗16號_228.bmp,TN_16
C:\Users\501\Desktop\train_test\G3_109OK\TN_16\台梗16號_23.bmp,TN_16
C:\Users\501\Desktop\train_test\G3_109OK\TN_16\台梗16號_231.bmp,TN_16
C:\Users\501\Desktop\train_test\G3_109OK\TN_16\台梗16號_233.bmp,TN_16
C:\Users\501\Desktop\train_test\G3_109OK\TN_16\台梗16號_236.bmp,TN_16
C:\Users\501\Desktop\train_test\G3_109OK\TN_16\台梗16號_24.bmp,TN_16
C:\Users\501\Desktop\train_test\G3_109OK\TN_16\台梗16號_240.bmp,TN_16
C:\Users\501\Desktop\train_test\G3_109OK\TN_16\台梗16號_241.bmp,TN_16
C:\Users\501\Desktop\train_test\G3_109OK\TN_16\台梗16號_243.bmp,TN_16
C:\Users\501\Desktop\train_test\G3_109OK\TN_16\台梗16號_244.bmp,TN_16
C:\Users\501\Desktop\train_test\G3_109OK\TN_16\台梗16號_245.bmp,TN_16
C:\Users\501\Desktop\train_test\G3_109OK\TN_16\台梗16號_246.bmp,TN_16
C:\Users\501\Desktop\train_test\G3_109OK\TN_16\台梗16號_248.bmp,TN_16
C:\Users\501\Desktop\train_test\G3_109OK\TN_16\台梗16號_249.bmp,TN_16
C:\Users\501\Desktop\train_test\G3_109OK\TN_16\台梗16號_25.bmp,TN_16
C:\Users\501\Desktop\train_test\G3_109OK\TN_16\台梗16號_251.bmp,TN_16
C:\Users\501\Desktop\train_test\G3_109OK\TN_16\台梗16號_252.bmp,TN_16
C:\Users\501\Desktop\train_test\G3_109OK\TN_16\台梗16號_253.bmp,TN_16
C:\Users\501\Desktop\train_test\G3_109OK\TN_16\台梗16號_254.bmp,TN_16
C:\Users\501\Desktop\train_test\G3_109OK\TN_16\台梗16號_256.bmp,TN_16
C:\Users\501\Desktop\train_test\G3_109OK\TN_16\台梗16號_257.bmp,TN_16
C:\Users\501\Desktop\train_test\G3_109OK\TN_16\台梗16號_260.bmp,TN_16
C:\Users\501\Desktop\train_test\G3_109OK\TN_16\台梗16號_261.bmp,TN_16
C:\Users\501\Desktop\train_test\G3_109OK\TN_16\台梗16號_262.bmp,TN_16
C:\Users\501\Desktop\train_test\G3_109OK\TN_16\台梗16號_263.bmp,TN_16
C:\Users\501\Desktop\train_test\G3_109OK\TN_16\台梗16號_264.bmp,TN_16
C:\Users\501\Desktop\train_test\G3_109OK\TN_16\台梗16號_265.bmp,TN_16
C:\Users\501\Desktop\train_test\G3_109OK\TN_16\台梗16號_266.bmp,TN_16
C:\Users\501\Desktop\train_test\G3_109OK\TN_16\台梗16號_267.bmp,TN_16
C:\Users\501\Desktop\train_test\G3_109OK\TN_16\台梗16號_268.bmp,TN_16
C:\Users\501\Desktop\train_test\G3_109OK\TN_16\台梗16號_27.bmp,TN_16
C:\Users\501\Desktop\train_test\G3_109OK\TN_16\台梗16號_270.bmp,TN_16
C:\Users\501\Desktop\train_test\G3_109OK\TN_16\台梗16號_272.bmp,TN_16
C:\Users\501\Desktop\train_test\G3_109OK\TN_16\台梗16號_274.bmp,TN_16
C:\Users\501\Desktop\train_test\G3_109OK\TN_16\台梗16號_275.bmp,TN_16
C:\Users\501\Desktop\train_test\G3_109OK\TN_16\台梗16號_277.bmp,TN_16
C:\Users\501\Desktop\train_test\G3_109OK\TN_16\台梗16號_278.bmp,TN_16
C:\Users\501\Desktop\train_test\G3_109OK\TN_16\台梗16號_280.bmp,TN_16
C:\Users\501\Desktop\train_test\G3_109OK\TN_16\台梗16號_281.bmp,TN_16
C:\Users\501\Desktop\train_test\G3_109OK\TN_16\台梗16號_284.bmp,TN_16
C:\Users\501\Desktop\train_test\G3_109OK\TN_16\台梗16號_286.bmp,NG
C:\Users\501\Desktop\train_test\G3_109OK\TN_16\台梗16號_287.bmp,TN_16
C:\Users\501\Desktop\train_test\G3_109OK\TN_16\台梗16號_289.bmp,TN_16
C:\Users\501\Desktop\train_test\G3_109OK\TN_16\台梗16號_29.bmp,TN_16
C:\Users\501\Desktop\train_test\G3_109OK\TN_16\台梗16號_291.bmp,TN_16
C:\Users\501\Desktop\train_test\G3_109OK\TN_16\台梗16號_292.bmp,TN_16
C:\Users\501\Desktop\train_test\G3_109OK\TN_16\台梗16號_293.bmp,TN_16
C:\Users\501\Desktop\train_test\G3_109OK\TN_16\台梗16號_296.bmp,TN_16
C:\Users\501\Desktop\train_test\G3_109OK\TN_16\台梗16號_297.bmp,NG
C:\Users\501\Desktop\train_test\G3_109OK\TN_16\台梗16號_298.bmp,TN_16
C:\Users\501\Desktop\train_test\G3_109OK\TN_16\台梗16號_299.bmp,TN_16
C:\Users\501\Desktop\train_test\G3_109OK\TN_16\台梗16號_301.bmp,NG
C:\Users\501\Desktop\train_test\G3_109OK\TN_16\台梗16號_302.bmp,TN_16
C:\Users\501\Desktop\train_test\G3_109OK\TN_16\台梗16號_303.bmp,TN_16
C:\Users\501\Desktop\train_test\G3_109OK\TN_16\台梗16號_304.bmp,TN_16
C:\Users\501\Desktop\train_test\G3_109OK\TN_16\台梗16號_305.bmp,TN_16
C:\Users\501\Desktop\train_test\G3_109OK\TN_16\台梗16號_306.bmp,TN_16
C:\Users\501\Desktop\train_test\G3_109OK\TN_16\台梗16號_308.bmp,TN_16
C:\Users\501\Desktop\train_test\G3_109OK\TN_16\台梗16號_309.bmp,TN_16
C:\Users\501\Desktop\train_test\G3_109OK\TN_16\台梗16號_31.bmp,TN_16
C:\Users\501\Desktop\train_test\G3_109OK\TN_16\台梗16號_311.bmp,TN_16
C:\Users\501\Desktop\train_test\G3_109OK\TN_16\台梗16號_312.bmp,TN_16
C:\Users\501\Desktop\train_test\G3_109OK\TN_16\台梗16號_315.bmp,TN_16
C:\Users\501\Desktop\train_test\G3_109OK\TN_16\台梗16號_316.bmp,TN_16
C:\Users\501\Desktop\train_test\G3_109OK\TN_16\台梗16號_318.bmp,TN_16
C:\Users\501\Desktop\train_test\G3_109OK\TN_16\台梗16號_319.bmp,TN_16
C:\Users\501\Desktop\train_test\G3_109OK\TN_16\台梗16號_32.bmp,TN_16
C:\Users\501\Desktop\train_test\G3_109OK\TN_16\台梗16號_320.bmp,TN_16
C:\Users\501\Desktop\train_test\G3_109OK\TN_16\台梗16號_322.bmp,NG
C:\Users\501\Desktop\train_test\G3_109OK\TN_16\台梗16號_324.bmp,TN_16
C:\Users\501\Desktop\train_test\G3_109OK\TN_16\台梗16號_326.bmp,NG
C:\Users\501\Desktop\train_test\G3_109OK\TN_16\台梗16號_327.bmp,TN_16
C:\Users\501\Desktop\train_test\G3_109OK\TN_16\台梗16號_328.bmp,TN_16
C:\Users\501\Desktop\train_test\G3_109OK\TN_16\台梗16號_329.bmp,TN_16
C:\Users\501\Desktop\train_test\G3_109OK\TN_16\台梗16號_333.bmp,TN_16
C:\Users\501\Desktop\train_test\G3_109OK\TN_16\台梗16號_335.bmp,TN_16
C:\Users\501\Desktop\train_test\G3_109OK\TN_16\台梗16號_336.bmp,TN_16
C:\Users\501\Desktop\train_test\G3_109OK\TN_16\台梗16號_337.bmp,TN_16
C:\Users\501\Desktop\train_test\G3_109OK\TN_16\台梗16號_338.bmp,TN_16
C:\Users\501\Desktop\train_test\G3_109OK\TN_16\台梗16號_339.bmp,TN_16
C:\Users\501\Desktop\train_test\G3_109OK\TN_16\台梗16號_342.bmp,TN_16
C:\Users\501\Desktop\train_test\G3_109OK\TN_16\台梗16號_345.bmp,TN_16
C:\Users\501\Desktop\train_test\G3_109OK\TN_16\台梗16號_346.bmp,TN_16
C:\Users\501\Desktop\train_test\G3_109OK\TN_16\台梗16號_347.bmp,TN_16
C:\Users\501\Desktop\train_test\G3_109OK\TN_16\台梗16號_349.bmp,NG
C:\Users\501\Desktop\train_test\G3_109OK\TN_16\台梗16號_35.bmp,TN_16
C:\Users\501\Desktop\train_test\G3_109OK\TN_16\台梗16號_353.bmp,TN_16
C:\Users\501\Desktop\train_test\G3_109OK\TN_16\台梗16號_354.bmp,TN_16
C:\Users\501\Desktop\train_test\G3_109OK\TN_16\台梗16號_356.bmp,TN_16
C:\Users\501\Desktop\train_test\G3_109OK\TN_16\台梗16號_357.bmp,TN_16
C:\Users\501\Desktop\train_test\G3_109OK\TN_16\台梗16號_358.bmp,TN_16
C:\Users\501\Desktop\train_test\G3_109OK\TN_16\台梗16號_359.bmp,TN_16
C:\Users\501\Desktop\train_test\G3_109OK\TN_16\台梗16號_36.bmp,TN_16
C:\Users\501\Desktop\train_test\G3_109OK\TN_16\台梗16號_360.bmp,TN_16
C:\Users\501\Desktop\train_test\G3_109OK\TN_16\台梗16號_365.bmp,TN_16
C:\Users\501\Desktop\train_test\G3_109OK\TN_16\台梗16號_366.bmp,TN_16
C:\Users\501\Desktop\train_test\G3_109OK\TN_16\台梗16號_368.bmp,TN_16
C:\Users\501\Desktop\train_test\G3_109OK\TN_16\台梗16號_369.bmp,TN_16
C:\Users\501\Desktop\train_test\G3_109OK\TN_16\台梗16號_370.bmp,TN_16
C:\Users\501\Desktop\train_test\G3_109OK\TN_16\台梗16號_372.bmp,TN_16
C:\Users\501\Desktop\train_test\G3_109OK\TN_16\台梗16號_373.bmp,TN_16
C:\Users\501\Desktop\train_test\G3_109OK\TN_16\台梗16號_374.bmp,TN_16
C:\Users\501\Desktop\train_test\G3_109OK\TN_16\台梗16號_376.bmp,TN_16
C:\Users\501\Desktop\train_test\G3_109OK\TN_16\台梗16號_377.bmp,TN_16
C:\Users\501\Desktop\train_test\G3_109OK\TN_16\台梗16號_378.bmp,TN_16
C:\Users\501\Desktop\train_test\G3_109OK\TN_16\台梗16號_38.bmp,TN_16
C:\Users\501\Desktop\train_test\G3_109OK\TN_16\台梗16號_380.bmp,TN_16
C:\Users\501\Desktop\train_test\G3_109OK\TN_16\台梗16號_382.bmp,TN_16
C:\Users\501\Desktop\train_test\G3_109OK\TN_16\台梗16號_383.bmp,TN_16
C:\Users\501\Desktop\train_test\G3_109OK\TN_16\台梗16號_384.bmp,TN_16
C:\Users\501\Desktop\train_test\G3_109OK\TN_16\台梗16號_385.bmp,TN_16
C:\Users\501\Desktop\train_test\G3_109OK\TN_16\台梗16號_389.bmp,TN_16
C:\Users\501\Desktop\train_test\G3_109OK\TN_16\台梗16號_390.bmp,TN_16
C:\Users\501\Desktop\train_test\G3_109OK\TN_16\台梗16號_392.bmp,TN_16
C:\Users\501\Desktop\train_test\G3_109OK\TN_16\台梗16號_393.bmp,TN_16
C:\Users\501\Desktop\train_test\G3_109OK\TN_16\台梗16號_398.bmp,TN_16
C:\Users\501\Desktop\train_test\G3_109OK\TN_16\台梗16號_4.bmp,TN_16
C:\Users\501\Desktop\train_test\G3_109OK\TN_16\台梗16號_40.bmp,TN_16
C:\Users\501\Desktop\train_test\G3_109OK\TN_16\台梗16號_401.bmp,TN_16
C:\Users\501\Desktop\train_test\G3_109OK\TN_16\台梗16號_403.bmp,TN_16
C:\Users\501\Desktop\train_test\G3_109OK\TN_16\台梗16號_404.bmp,TN_16
C:\Users\501\Desktop\train_test\G3_109OK\TN_16\台梗16號_406.bmp,TN_16
C:\Users\501\Desktop\train_test\G3_109OK\TN_16\台梗16號_407.bmp,TN_16
C:\Users\501\Desktop\train_test\G3_109OK\TN_16\台梗16號_408.bmp,TN_16
C:\Users\501\Desktop\train_test\G3_109OK\TN_16\台梗16號_41.bmp,TN_16
C:\Users\501\Desktop\train_test\G3_109OK\TN_16\台梗16號_411.bmp,TN_16
C:\Users\501\Desktop\train_test\G3_109OK\TN_16\台梗16號_413.bmp,TN_16
C:\Users\501\Desktop\train_test\G3_109OK\TN_16\台梗16號_414.bmp,TN_16
C:\Users\501\Desktop\train_test\G3_109OK\TN_16\台梗16號_415.bmp,TN_16
C:\Users\501\Desktop\train_test\G3_109OK\TN_16\台梗16號_417.bmp,TN_16
C:\Users\501\Desktop\train_test\G3_109OK\TN_16\台梗16號_419.bmp,TN_16
C:\Users\501\Desktop\train_test\G3_109OK\TN_16\台梗16號_420.bmp,TN_16
C:\Users\501\Desktop\train_test\G3_109OK\TN_16\台梗16號_421.bmp,TN_16
C:\Users\501\Desktop\train_test\G3_109OK\TN_16\台梗16號_422.bmp,TN_16
C:\Users\501\Desktop\train_test\G3_109OK\TN_16\台梗16號_428.bmp,TN_16
C:\Users\501\Desktop\train_test\G3_109OK\TN_16\台梗16號_429.bmp,TN_16
C:\Users\501\Desktop\train_test\G3_109OK\TN_16\台梗16號_43.bmp,TN_16
C:\Users\501\Desktop\train_test\G3_109OK\TN_16\台梗16號_431.bmp,TN_16
C:\Users\501\Desktop\train_test\G3_109OK\TN_16\台梗16號_432.bmp,TN_16
C:\Users\501\Desktop\train_test\G3_109OK\TN_16\台梗16號_434.bmp,TN_16
C:\Users\501\Desktop\train_test\G3_109OK\TN_16\台梗16號_439.bmp,TN_16
C:\Users\501\Desktop\train_test\G3_109OK\TN_16\台梗16號_440.bmp,TN_16
C:\Users\501\Desktop\train_test\G3_109OK\TN_16\台梗16號_441.bmp,TN_16
C:\Users\501\Desktop\train_test\G3_109OK\TN_16\台梗16號_442.bmp,TN_16
C:\Users\501\Desktop\train_test\G3_109OK\TN_16\台梗16號_443.bmp,TN_16
C:\Users\501\Desktop\train_test\G3_109OK\TN_16\台梗16號_444.bmp,TN_16
C:\Users\501\Desktop\train_test\G3_109OK\TN_16\台梗16號_445.bmp,TN_16
C:\Users\501\Desktop\train_test\G3_109OK\TN_16\台梗16號_446.bmp,TN_16
C:\Users\501\Desktop\train_test\G3_109OK\TN_16\台梗16號_447.bmp,TN_16
C:\Users\501\Desktop\train_test\G3_109OK\TN_16\台梗16號_45.bmp,TN_16
C:\Users\501\Desktop\train_test\G3_109OK\TN_16\台梗16號_450.bmp,TN_16
C:\Users\501\Desktop\train_test\G3_109OK\TN_16\台梗16號_451.bmp,TN_16
C:\Users\501\Desktop\train_test\G3_109OK\TN_16\台梗16號_452.bmp,TN_16
C:\Users\501\Desktop\train_test\G3_109OK\TN_16\台梗16號_453.bmp,TN_16
C:\Users\501\Desktop\train_test\G3_109OK\TN_16\台梗16號_454.bmp,NG
C:\Users\501\Desktop\train_test\G3_109OK\TN_16\台梗16號_455.bmp,TN_16
C:\Users\501\Desktop\train_test\G3_109OK\TN_16\台梗16號_457.bmp,TN_16
C:\Users\501\Desktop\train_test\G3_109OK\TN_16\台梗16號_458.bmp,TN_16
C:\Users\501\Desktop\train_test\G3_109OK\TN_16\台梗16號_460.bmp,TN_16
C:\Users\501\Desktop\train_test\G3_109OK\TN_16\台梗16號_463.bmp,TN_16
C:\Users\501\Desktop\train_test\G3_109OK\TN_16\台梗16號_467.bmp,TN_16
C:\Users\501\Desktop\train_test\G3_109OK\TN_16\台梗16號_468.bmp,TN_16
C:\Users\501\Desktop\train_test\G3_109OK\TN_16\台梗16號_469.bmp,TN_16
C:\Users\501\Desktop\train_test\G3_109OK\TN_16\台梗16號_47.bmp,TN_16
C:\Users\501\Desktop\train_test\G3_109OK\TN_16\台梗16號_470.bmp,TN_16
C:\Users\501\Desktop\train_test\G3_109OK\TN_16\台梗16號_472.bmp,TN_16
C:\Users\501\Desktop\train_test\G3_109OK\TN_16\台梗16號_473.bmp,TN_16
C:\Users\501\Desktop\train_test\G3_109OK\TN_16\台梗16號_474.bmp,TN_16
C:\Users\501\Desktop\train_test\G3_109OK\TN_16\台梗16號_475.bmp,TN_16
C:\Users\501\Desktop\train_test\G3_109OK\TN_16\台梗16號_477.bmp,TN_16
C:\Users\501\Desktop\train_test\G3_109OK\TN_16\台梗16號_478.bmp,TN_16
C:\Users\501\Desktop\train_test\G3_109OK\TN_16\台梗16號_479.bmp,TN_16
C:\Users\501\Desktop\train_test\G3_109OK\TN_16\台梗16號_480.bmp,TN_16
C:\Users\501\Desktop\train_test\G3_109OK\TN_16\台梗16號_482.bmp,TN_16
C:\Users\501\Desktop\train_test\G3_109OK\TN_16\台梗16號_483.bmp,TN_16
C:\Users\501\Desktop\train_test\G3_109OK\TN_16\台梗16號_485.bmp,NG
C:\Users\501\Desktop\train_test\G3_109OK\TN_16\台梗16號_487.bmp,TN_16
C:\Users\501\Desktop\train_test\G3_109OK\TN_16\台梗16號_488.bmp,TN_16
C:\Users\501\Desktop\train_test\G3_109OK\TN_16\台梗16號_489.bmp,TN_16
C:\Users\501\Desktop\train_test\G3_109OK\TN_16\台梗16號_49.bmp,TN_16
C:\Users\501\Desktop\train_test\G3_109OK\TN_16\台梗16號_491.bmp,TN_16
C:\Users\501\Desktop\train_test\G3_109OK\TN_16\台梗16號_493.bmp,TN_16
C:\Users\501\Desktop\train_test\G3_109OK\TN_16\台梗16號_494.bmp,TN_16
C:\Users\501\Desktop\train_test\G3_109OK\TN_16\台梗16號_495.bmp,TN_16
C:\Users\501\Desktop\train_test\G3_109OK\TN_16\台梗16號_496.bmp,TN_16
C:\Users\501\Desktop\train_test\G3_109OK\TN_16\台梗16號_499.bmp,TN_16
C:\Users\501\Desktop\train_test\G3_109OK\TN_16\台梗16號_5.bmp,TN_16
C:\Users\501\Desktop\train_test\G3_109OK\TN_16\台梗16號_50.bmp,TN_16
C:\Users\501\Desktop\train_test\G3_109OK\TN_16\台梗16號_500.bmp,NG
C:\Users\501\Desktop\train_test\G3_109OK\TN_16\台梗16號_501.bmp,TN_16
C:\Users\501\Desktop\train_test\G3_109OK\TN_16\台梗16號_502.bmp,TN_16
C:\Users\501\Desktop\train_test\G3_109OK\TN_16\台梗16號_503.bmp,TN_16
C:\Users\501\Desktop\train_test\G3_109OK\TN_16\台梗16號_504.bmp,TN_16
C:\Users\501\Desktop\train_test\G3_109OK\TN_16\台梗16號_506.bmp,TN_16
C:\Users\501\Desktop\train_test\G3_109OK\TN_16\台梗16號_507.bmp,TN_16
C:\Users\501\Desktop\train_test\G3_109OK\TN_16\台梗16號_508.bmp,TN_16
C:\Users\501\Desktop\train_test\G3_109OK\TN_16\台梗16號_509.bmp,TN_16
C:\Users\501\Desktop\train_test\G3_109OK\TN_16\台梗16號_510.bmp,TN_16
C:\Users\501\Desktop\train_test\G3_109OK\TN_16\台梗16號_512.bmp,TN_16
C:\Users\501\Desktop\train_test\G3_109OK\TN_16\台梗16號_513.bmp,TN_16
C:\Users\501\Desktop\train_test\G3_109OK\TN_16\台梗16號_514.bmp,TN_16
C:\Users\501\Desktop\train_test\G3_109OK\TN_16\台梗16號_515.bmp,TN_16
C:\Users\501\Desktop\train_test\G3_109OK\TN_16\台梗16號_516.bmp,TN_16
C:\Users\501\Desktop\train_test\G3_109OK\TN_16\台梗16號_517.bmp,TN_16
C:\Users\501\Desktop\train_test\G3_109OK\TN_16\台梗16號_519.bmp,TN_16
C:\Users\501\Desktop\train_test\G3_109OK\TN_16\台梗16號_52.bmp,TN_16
C:\Users\501\Desktop\train_test\G3_109OK\TN_16\台梗16號_520.bmp,TN_16
C:\Users\501\Desktop\train_test\G3_109OK\TN_16\台梗16號_521.bmp,TN_16
C:\Users\501\Desktop\train_test\G3_109OK\TN_16\台梗16號_525.bmp,TN_16
C:\Users\501\Desktop\train_test\G3_109OK\TN_16\台梗16號_526.bmp,TN_16
C:\Users\501\Desktop\train_test\G3_109OK\TN_16\台梗16號_528.bmp,TN_16
C:\Users\501\Desktop\train_test\G3_109OK\TN_16\台梗16號_529.bmp,TN_16
C:\Users\501\Desktop\train_test\G3_109OK\TN_16\台梗16號_530.bmp,TN_16
C:\Users\501\Desktop\train_test\G3_109OK\TN_16\台梗16號_531.bmp,TN_16
C:\Users\501\Desktop\train_test\G3_109OK\TN_16\台梗16號_532.bmp,TN_16
C:\Users\501\Desktop\train_test\G3_109OK\TN_16\台梗16號_533.bmp,TNG_71
C:\Users\501\Desktop\train_test\G3_109OK\TN_16\台梗16號_535.bmp,TN_16
C:\Users\501\Desktop\train_test\G3_109OK\TN_16\台梗16號_537.bmp,TN_16
C:\Users\501\Desktop\train_test\G3_109OK\TN_16\台梗16號_539.bmp,TN_16
C:\Users\501\Desktop\train_test\G3_109OK\TN_16\台梗16號_540.bmp,TN_16
C:\Users\501\Desktop\train_test\G3_109OK\TN_16\台梗16號_541.bmp,TN_16
C:\Users\501\Desktop\train_test\G3_109OK\TN_16\台梗16號_542.bmp,TN_16
C:\Users\501\Desktop\train_test\G3_109OK\TN_16\台梗16號_543.bmp,TN_16
C:\Users\501\Desktop\train_test\G3_109OK\TN_16\台梗16號_544.bmp,TN_16
C:\Users\501\Desktop\train_test\G3_109OK\TN_16\台梗16號_547.bmp,TN_16
C:\Users\501\Desktop\train_test\G3_109OK\TN_16\台梗16號_55.bmp,TN_16
C:\Users\501\Desktop\train_test\G3_109OK\TN_16\台梗16號_551.bmp,TN_16
C:\Users\501\Desktop\train_test\G3_109OK\TN_16\台梗16號_552.bmp,TN_16
C:\Users\501\Desktop\train_test\G3_109OK\TN_16\台梗16號_553.bmp,TN_16
C:\Users\501\Desktop\train_test\G3_109OK\TN_16\台梗16號_554.bmp,TN_16
C:\Users\501\Desktop\train_test\G3_109OK\TN_16\台梗16號_557.bmp,TN_16
C:\Users\501\Desktop\train_test\G3_109OK\TN_16\台梗16號_559.bmp,TN_16
C:\Users\501\Desktop\train_test\G3_109OK\TN_16\台梗16號_56.bmp,TN_16
C:\Users\501\Desktop\train_test\G3_109OK\TN_16\台梗16號_560.bmp,TN_16
C:\Users\501\Desktop\train_test\G3_109OK\TN_16\台梗16號_565.bmp,TN_16
C:\Users\501\Desktop\train_test\G3_109OK\TN_16\台梗16號_566.bmp,TN_16
C:\Users\501\Desktop\train_test\G3_109OK\TN_16\台梗16號_569.bmp,TN_16
C:\Users\501\Desktop\train_test\G3_109OK\TN_16\台梗16號_57.bmp,TN_16
C:\Users\501\Desktop\train_test\G3_109OK\TN_16\台梗16號_570.bmp,TN_16
C:\Users\501\Desktop\train_test\G3_109OK\TN_16\台梗16號_571.bmp,TN_16
C:\Users\501\Desktop\train_test\G3_109OK\TN_16\台梗16號_574.bmp,TN_16
C:\Users\501\Desktop\train_test\G3_109OK\TN_16\台梗16號_575.bmp,TN_16
C:\Users\501\Desktop\train_test\G3_109OK\TN_16\台梗16號_576.bmp,TN_16
C:\Users\501\Desktop\train_test\G3_109OK\TN_16\台梗16號_578.bmp,TN_16
C:\Users\501\Desktop\train_test\G3_109OK\TN_16\台梗16號_579.bmp,TN_16
C:\Users\501\Desktop\train_test\G3_109OK\TN_16\台梗16號_58.bmp,TN_16
C:\Users\501\Desktop\train_test\G3_109OK\TN_16\台梗16號_580.bmp,NG
C:\Users\501\Desktop\train_test\G3_109OK\TN_16\台梗16號_585.bmp,TN_16
C:\Users\501\Desktop\train_test\G3_109OK\TN_16\台梗16號_586.bmp,TN_16
C:\Users\501\Desktop\train_test\G3_109OK\TN_16\台梗16號_587.bmp,TN_16
C:\Users\501\Desktop\train_test\G3_109OK\TN_16\台梗16號_588.bmp,TN_16
C:\Users\501\Desktop\train_test\G3_109OK\TN_16\台梗16號_589.bmp,TN_16
C:\Users\501\Desktop\train_test\G3_109OK\TN_16\台梗16號_590.bmp,NG
C:\Users\501\Desktop\train_test\G3_109OK\TN_16\台梗16號_591.bmp,TN_16
C:\Users\501\Desktop\train_test\G3_109OK\TN_16\台梗16號_592.bmp,TN_16
C:\Users\501\Desktop\train_test\G3_109OK\TN_16\台梗16號_594.bmp,TN_16
C:\Users\501\Desktop\train_test\G3_109OK\TN_16\台梗16號_598.bmp,TN_16
C:\Users\501\Desktop\train_test\G3_109OK\TN_16\台梗16號_599.bmp,TN_16
C:\Users\501\Desktop\train_test\G3_109OK\TN_16\台梗16號_60.bmp,TN_16
C:\Users\501\Desktop\train_test\G3_109OK\TN_16\台梗16號_600.bmp,TN_16
C:\Users\501\Desktop\train_test\G3_109OK\TN_16\台梗16號_601.bmp,TN_16
C:\Users\501\Desktop\train_test\G3_109OK\TN_16\台梗16號_602.bmp,TN_16
C:\Users\501\Desktop\train_test\G3_109OK\TN_16\台梗16號_605.bmp,TN_16
C:\Users\501\Desktop\train_test\G3_109OK\TN_16\台梗16號_606.bmp,TN_16
C:\Users\501\Desktop\train_test\G3_109OK\TN_16\台梗16號_607.bmp,TN_16
C:\Users\501\Desktop\train_test\G3_109OK\TN_16\台梗16號_608.bmp,TN_16
C:\Users\501\Desktop\train_test\G3_109OK\TN_16\台梗16號_609.bmp,TN_16
C:\Users\501\Desktop\train_test\G3_109OK\TN_16\台梗16號_61.bmp,TN_16
C:\Users\501\Desktop\train_test\G3_109OK\TN_16\台梗16號_610.bmp,TN_16
C:\Users\501\Desktop\train_test\G3_109OK\TN_16\台梗16號_612.bmp,TN_16
C:\Users\501\Desktop\train_test\G3_109OK\TN_16\台梗16號_613.bmp,TN_16
C:\Users\501\Desktop\train_test\G3_109OK\TN_16\台梗16號_614.bmp,TN_16
C:\Users\501\Desktop\train_test\G3_109OK\TN_16\台梗16號_616.bmp,TN_16
C:\Users\501\Desktop\train_test\G3_109OK\TN_16\台梗16號_618.bmp,TN_16
C:\Users\501\Desktop\train_test\G3_109OK\TN_16\台梗16號_619.bmp,TN_16
C:\Users\501\Desktop\train_test\G3_109OK\TN_16\台梗16號_62.bmp,TN_16
C:\Users\501\Desktop\train_test\G3_109OK\TN_16\台梗16號_620.bmp,TN_16
C:\Users\501\Desktop\train_test\G3_109OK\TN_16\台梗16號_622.bmp,TN_16
C:\Users\501\Desktop\train_test\G3_109OK\TN_16\台梗16號_623.bmp,TN_16
C:\Users\501\Desktop\train_test\G3_109OK\TN_16\台梗16號_624.bmp,TN_16
C:\Users\501\Desktop\train_test\G3_109OK\TN_16\台梗16號_625.bmp,TN_16
C:\Users\501\Desktop\train_test\G3_109OK\TN_16\台梗16號_626.bmp,TN_16
C:\Users\501\Desktop\train_test\G3_109OK\TN_16\台梗16號_627.bmp,TN_16
C:\Users\501\Desktop\train_test\G3_109OK\TN_16\台梗16號_628.bmp,TN_16
C:\Users\501\Desktop\train_test\G3_109OK\TN_16\台梗16號_629.bmp,TN_16
C:\Users\501\Desktop\train_test\G3_109OK\TN_16\台梗16號_63.bmp,TN_16
C:\Users\501\Desktop\train_test\G3_109OK\TN_16\台梗16號_630.bmp,TN_16
C:\Users\501\Desktop\train_test\G3_109OK\TN_16\台梗16號_632.bmp,TN_16
C:\Users\501\Desktop\train_test\G3_109OK\TN_16\台梗16號_633.bmp,TN_16
C:\Users\501\Desktop\train_test\G3_109OK\TN_16\台梗16號_637.bmp,TN_16
C:\Users\501\Desktop\train_test\G3_109OK\TN_16\台梗16號_643.bmp,TN_16
C:\Users\501\Desktop\train_test\G3_109OK\TN_16\台梗16號_644.bmp,TN_16
C:\Users\501\Desktop\train_test\G3_109OK\TN_16\台梗16號_645.bmp,TN_16
C:\Users\501\Desktop\train_test\G3_109OK\TN_16\台梗16號_646.bmp,TN_16
C:\Users\501\Desktop\train_test\G3_109OK\TN_16\台梗16號_648.bmp,TN_16
C:\Users\501\Desktop\train_test\G3_109OK\TN_16\台梗16號_649.bmp,TN_16
C:\Users\501\Desktop\train_test\G3_109OK\TN_16\台梗16號_65.bmp,TN_16
C:\Users\501\Desktop\train_test\G3_109OK\TN_16\台梗16號_650.bmp,TN_16
C:\Users\501\Desktop\train_test\G3_109OK\TN_16\台梗16號_652.bmp,TN_16
C:\Users\501\Desktop\train_test\G3_109OK\TN_16\台梗16號_653.bmp,TN_16
C:\Users\501\Desktop\train_test\G3_109OK\TN_16\台梗16號_657.bmp,NG
C:\Users\501\Desktop\train_test\G3_109OK\TN_16\台梗16號_658.bmp,TN_16
C:\Users\501\Desktop\train_test\G3_109OK\TN_16\台梗16號_659.bmp,TN_16
C:\Users\501\Desktop\train_test\G3_109OK\TN_16\台梗16號_660.bmp,TN_16
C:\Users\501\Desktop\train_test\G3_109OK\TN_16\台梗16號_661.bmp,TN_16
C:\Users\501\Desktop\train_test\G3_109OK\TN_16\台梗16號_662.bmp,TN_16
C:\Users\501\Desktop\train_test\G3_109OK\TN_16\台梗16號_663.bmp,TN_16
C:\Users\501\Desktop\train_test\G3_109OK\TN_16\台梗16號_668.bmp,TN_16
C:\Users\501\Desktop\train_test\G3_109OK\TN_16\台梗16號_669.bmp,TN_16
C:\Users\501\Desktop\train_test\G3_109OK\TN_16\台梗16號_67.bmp,TN_16
C:\Users\501\Desktop\train_test\G3_109OK\TN_16\台梗16號_671.bmp,TN_16
C:\Users\501\Desktop\train_test\G3_109OK\TN_16\台梗16號_674.bmp,TN_16
C:\Users\501\Desktop\train_test\G3_109OK\TN_16\台梗16號_675.bmp,NG
C:\Users\501\Desktop\train_test\G3_109OK\TN_16\台梗16號_676.bmp,TN_16
C:\Users\501\Desktop\train_test\G3_109OK\TN_16\台梗16號_679.bmp,TN_16
C:\Users\501\Desktop\train_test\G3_109OK\TN_16\台梗16號_68.bmp,TN_16
C:\Users\501\Desktop\train_test\G3_109OK\TN_16\台梗16號_683.bmp,TN_16
C:\Users\501\Desktop\train_test\G3_109OK\TN_16\台梗16號_686.bmp,TN_16
C:\Users\501\Desktop\train_test\G3_109OK\TN_16\台梗16號_689.bmp,TN_16
C:\Users\501\Desktop\train_test\G3_109OK\TN_16\台梗16號_690.bmp,TN_16
C:\Users\501\Desktop\train_test\G3_109OK\TN_16\台梗16號_691.bmp,TN_16
C:\Users\501\Desktop\train_test\G3_109OK\TN_16\台梗16號_693.bmp,TN_16
C:\Users\501\Desktop\train_test\G3_109OK\TN_16\台梗16號_694.bmp,TN_16
C:\Users\501\Desktop\train_test\G3_109OK\TN_16\台梗16號_696.bmp,TN_16
C:\Users\501\Desktop\train_test\G3_109OK\TN_16\台梗16號_697.bmp,TN_16
C:\Users\501\Desktop\train_test\G3_109OK\TN_16\台梗16號_7.bmp,TN_16
C:\Users\501\Desktop\train_test\G3_109OK\TN_16\台梗16號_70.bmp,TN_16
C:\Users\501\Desktop\train_test\G3_109OK\TN_16\台梗16號_701.bmp,TN_16
C:\Users\501\Desktop\train_test\G3_109OK\TN_16\台梗16號_703.bmp,TN_16
C:\Users\501\Desktop\train_test\G3_109OK\TN_16\台梗16號_705.bmp,TN_16
C:\Users\501\Desktop\train_test\G3_109OK\TN_16\台梗16號_706.bmp,TN_16
C:\Users\501\Desktop\train_test\G3_109OK\TN_16\台梗16號_707.bmp,TN_16
C:\Users\501\Desktop\train_test\G3_109OK\TN_16\台梗16號_708.bmp,TN_16
C:\Users\501\Desktop\train_test\G3_109OK\TN_16\台梗16號_709.bmp,TN_16
C:\Users\501\Desktop\train_test\G3_109OK\TN_16\台梗16號_710.bmp,TN_16
C:\Users\501\Desktop\train_test\G3_109OK\TN_16\台梗16號_711.bmp,TN_16
C:\Users\501\Desktop\train_test\G3_109OK\TN_16\台梗16號_712.bmp,TN_16
C:\Users\501\Desktop\train_test\G3_109OK\TN_16\台梗16號_715.bmp,TN_16
C:\Users\501\Desktop\train_test\G3_109OK\TN_16\台梗16號_716.bmp,TN_16
C:\Users\501\Desktop\train_test\G3_109OK\TN_16\台梗16號_718.bmp,TN_16
C:\Users\501\Desktop\train_test\G3_109OK\TN_16\台梗16號_719.bmp,TN_16
C:\Users\501\Desktop\train_test\G3_109OK\TN_16\台梗16號_72.bmp,TN_16
C:\Users\501\Desktop\train_test\G3_109OK\TN_16\台梗16號_722.bmp,TN_16
C:\Users\501\Desktop\train_test\G3_109OK\TN_16\台梗16號_723.bmp,TN_16
C:\Users\501\Desktop\train_test\G3_109OK\TN_16\台梗16號_724.bmp,TN_16
C:\Users\501\Desktop\train_test\G3_109OK\TN_16\台梗16號_725.bmp,TN_16
C:\Users\501\Desktop\train_test\G3_109OK\TN_16\台梗16號_727.bmp,TN_16
C:\Users\501\Desktop\train_test\G3_109OK\TN_16\台梗16號_729.bmp,TN_16
C:\Users\501\Desktop\train_test\G3_109OK\TN_16\台梗16號_73.bmp,TNG_71
C:\Users\501\Desktop\train_test\G3_109OK\TN_16\台梗16號_730.bmp,TN_16
C:\Users\501\Desktop\train_test\G3_109OK\TN_16\台梗16號_732.bmp,TN_16
C:\Users\501\Desktop\train_test\G3_109OK\TN_16\台梗16號_734.bmp,TN_16
C:\Users\501\Desktop\train_test\G3_109OK\TN_16\台梗16號_735.bmp,TN_16
C:\Users\501\Desktop\train_test\G3_109OK\TN_16\台梗16號_737.bmp,TN_16
C:\Users\501\Desktop\train_test\G3_109OK\TN_16\台梗16號_74.bmp,TN_16
C:\Users\501\Desktop\train_test\G3_109OK\TN_16\台梗16號_742.bmp,TN_16
C:\Users\501\Desktop\train_test\G3_109OK\TN_16\台梗16號_743.bmp,TN_16
C:\Users\501\Desktop\train_test\G3_109OK\TN_16\台梗16號_744.bmp,TN_16
C:\Users\501\Desktop\train_test\G3_109OK\TN_16\台梗16號_745.bmp,TN_16
C:\Users\501\Desktop\train_test\G3_109OK\TN_16\台梗16號_747.bmp,TN_16
C:\Users\501\Desktop\train_test\G3_109OK\TN_16\台梗16號_748.bmp,TN_16
C:\Users\501\Desktop\train_test\G3_109OK\TN_16\台梗16號_749.bmp,TN_16
C:\Users\501\Desktop\train_test\G3_109OK\TN_16\台梗16號_752.bmp,TN_16
C:\Users\501\Desktop\train_test\G3_109OK\TN_16\台梗16號_756.bmp,TN_16
C:\Users\501\Desktop\train_test\G3_109OK\TN_16\台梗16號_758.bmp,TN_16
C:\Users\501\Desktop\train_test\G3_109OK\TN_16\台梗16號_76.bmp,TN_16
C:\Users\501\Desktop\train_test\G3_109OK\TN_16\台梗16號_761.bmp,TN_16
C:\Users\501\Desktop\train_test\G3_109OK\TN_16\台梗16號_762.bmp,TN_16
C:\Users\501\Desktop\train_test\G3_109OK\TN_16\台梗16號_763.bmp,TN_16
C:\Users\501\Desktop\train_test\G3_109OK\TN_16\台梗16號_766.bmp,TN_16
C:\Users\501\Desktop\train_test\G3_109OK\TN_16\台梗16號_767.bmp,TN_16
C:\Users\501\Desktop\train_test\G3_109OK\TN_16\台梗16號_772.bmp,TN_16
C:\Users\501\Desktop\train_test\G3_109OK\TN_16\台梗16號_774.bmp,TN_16
C:\Users\501\Desktop\train_test\G3_109OK\TN_16\台梗16號_777.bmp,TN_16
C:\Users\501\Desktop\train_test\G3_109OK\TN_16\台梗16號_779.bmp,TN_16
C:\Users\501\Desktop\train_test\G3_109OK\TN_16\台梗16號_78.bmp,TN_16
C:\Users\501\Desktop\train_test\G3_109OK\TN_16\台梗16號_780.bmp,TN_16
C:\Users\501\Desktop\train_test\G3_109OK\TN_16\台梗16號_783.bmp,TN_16
C:\Users\501\Desktop\train_test\G3_109OK\TN_16\台梗16號_784.bmp,TN_16
C:\Users\501\Desktop\train_test\G3_109OK\TN_16\台梗16號_786.bmp,TN_16
C:\Users\501\Desktop\train_test\G3_109OK\TN_16\台梗16號_787.bmp,TN_16
C:\Users\501\Desktop\train_test\G3_109OK\TN_16\台梗16號_789.bmp,TN_16
C:\Users\501\Desktop\train_test\G3_109OK\TN_16\台梗16號_79.bmp,TN_16
C:\Users\501\Desktop\train_test\G3_109OK\TN_16\台梗16號_790.bmp,TN_16
C:\Users\501\Desktop\train_test\G3_109OK\TN_16\台梗16號_793.bmp,TN_16
C:\Users\501\Desktop\train_test\G3_109OK\TN_16\台梗16號_795.bmp,TN_16
C:\Users\501\Desktop\train_test\G3_109OK\TN_16\台梗16號_796.bmp,TN_16
C:\Users\501\Desktop\train_test\G3_109OK\TN_16\台梗16號_797.bmp,TN_16
C:\Users\501\Desktop\train_test\G3_109OK\TN_16\台梗16號_798.bmp,TN_16
C:\Users\501\Desktop\train_test\G3_109OK\TN_16\台梗16號_8.bmp,TN_16
C:\Users\501\Desktop\train_test\G3_109OK\TN_16\台梗16號_80.bmp,TN_16
C:\Users\501\Desktop\train_test\G3_109OK\TN_16\台梗16號_800.bmp,TN_16
C:\Users\501\Desktop\train_test\G3_109OK\TN_16\台梗16號_801.bmp,TN_16
C:\Users\501\Desktop\train_test\G3_109OK\TN_16\台梗16號_803.bmp,TN_16
C:\Users\501\Desktop\train_test\G3_109OK\TN_16\台梗16號_804.bmp,TN_16
C:\Users\501\Desktop\train_test\G3_109OK\TN_16\台梗16號_805.bmp,TN_16
C:\Users\501\Desktop\train_test\G3_109OK\TN_16\台梗16號_807.bmp,TN_16
C:\Users\501\Desktop\train_test\G3_109OK\TN_16\台梗16號_808.bmp,TN_16
C:\Users\501\Desktop\train_test\G3_109OK\TN_16\台梗16號_81.bmp,TN_16
C:\Users\501\Desktop\train_test\G3_109OK\TN_16\台梗16號_810.bmp,TN_16
C:\Users\501\Desktop\train_test\G3_109OK\TN_16\台梗16號_811.bmp,TN_16
C:\Users\501\Desktop\train_test\G3_109OK\TN_16\台梗16號_813.bmp,TN_16
C:\Users\501\Desktop\train_test\G3_109OK\TN_16\台梗16號_814.bmp,TN_16
C:\Users\501\Desktop\train_test\G3_109OK\TN_16\台梗16號_815.bmp,TN_16
C:\Users\501\Desktop\train_test\G3_109OK\TN_16\台梗16號_816.bmp,TN_16
C:\Users\501\Desktop\train_test\G3_109OK\TN_16\台梗16號_817.bmp,TN_16
C:\Users\501\Desktop\train_test\G3_109OK\TN_16\台梗16號_819.bmp,TN_16
C:\Users\501\Desktop\train_test\G3_109OK\TN_16\台梗16號_82.bmp,TN_16
C:\Users\501\Desktop\train_test\G3_109OK\TN_16\台梗16號_820.bmp,TN_16
C:\Users\501\Desktop\train_test\G3_109OK\TN_16\台梗16號_821.bmp,TN_16
C:\Users\501\Desktop\train_test\G3_109OK\TN_16\台梗16號_822.bmp,NG
C:\Users\501\Desktop\train_test\G3_109OK\TN_16\台梗16號_823.bmp,TN_16
C:\Users\501\Desktop\train_test\G3_109OK\TN_16\台梗16號_825.bmp,TN_16
C:\Users\501\Desktop\train_test\G3_109OK\TN_16\台梗16號_827.bmp,TN_16
C:\Users\501\Desktop\train_test\G3_109OK\TN_16\台梗16號_828.bmp,TN_16
C:\Users\501\Desktop\train_test\G3_109OK\TN_16\台梗16號_829.bmp,TN_16
C:\Users\501\Desktop\train_test\G3_109OK\TN_16\台梗16號_831.bmp,TN_16
C:\Users\501\Desktop\train_test\G3_109OK\TN_16\台梗16號_833.bmp,TN_16
C:\Users\501\Desktop\train_test\G3_109OK\TN_16\台梗16號_834.bmp,TN_16
C:\Users\501\Desktop\train_test\G3_109OK\TN_16\台梗16號_835.bmp,TN_16
C:\Users\501\Desktop\train_test\G3_109OK\TN_16\台梗16號_836.bmp,TN_16
C:\Users\501\Desktop\train_test\G3_109OK\TN_16\台梗16號_838.bmp,TN_16
C:\Users\501\Desktop\train_test\G3_109OK\TN_16\台梗16號_84.bmp,TN_16
C:\Users\501\Desktop\train_test\G3_109OK\TN_16\台梗16號_841.bmp,TN_16
C:\Users\501\Desktop\train_test\G3_109OK\TN_16\台梗16號_842.bmp,TN_16
C:\Users\501\Desktop\train_test\G3_109OK\TN_16\台梗16號_847.bmp,TN_16
C:\Users\501\Desktop\train_test\G3_109OK\TN_16\台梗16號_848.bmp,TN_16
C:\Users\501\Desktop\train_test\G3_109OK\TN_16\台梗16號_85.bmp,TN_16
C:\Users\501\Desktop\train_test\G3_109OK\TN_16\台梗16號_850.bmp,TN_16
C:\Users\501\Desktop\train_test\G3_109OK\TN_16\台梗16號_851.bmp,TN_16
C:\Users\501\Desktop\train_test\G3_109OK\TN_16\台梗16號_853.bmp,TN_16
C:\Users\501\Desktop\train_test\G3_109OK\TN_16\台梗16號_858.bmp,TN_16
C:\Users\501\Desktop\train_test\G3_109OK\TN_16\台梗16號_859.bmp,TN_16
C:\Users\501\Desktop\train_test\G3_109OK\TN_16\台梗16號_860.bmp,TN_16
C:\Users\501\Desktop\train_test\G3_109OK\TN_16\台梗16號_861.bmp,TN_16
C:\Users\501\Desktop\train_test\G3_109OK\TN_16\台梗16號_863.bmp,TN_16
C:\Users\501\Desktop\train_test\G3_109OK\TN_16\台梗16號_864.bmp,TN_16
C:\Users\501\Desktop\train_test\G3_109OK\TN_16\台梗16號_865.bmp,TN_16
C:\Users\501\Desktop\train_test\G3_109OK\TN_16\台梗16號_866.bmp,TN_16
C:\Users\501\Desktop\train_test\G3_109OK\TN_16\台梗16號_867.bmp,TN_16
C:\Users\501\Desktop\train_test\G3_109OK\TN_16\台梗16號_869.bmp,TN_16
C:\Users\501\Desktop\train_test\G3_109OK\TN_16\台梗16號_87.bmp,TN_16
C:\Users\501\Desktop\train_test\G3_109OK\TN_16\台梗16號_870.bmp,TN_16
C:\Users\501\Desktop\train_test\G3_109OK\TN_16\台梗16號_871.bmp,TN_16
C:\Users\501\Desktop\train_test\G3_109OK\TN_16\台梗16號_872.bmp,TN_16
C:\Users\501\Desktop\train_test\G3_109OK\TN_16\台梗16號_873.bmp,TN_16
C:\Users\501\Desktop\train_test\G3_109OK\TN_16\台梗16號_875.bmp,TN_16
C:\Users\501\Desktop\train_test\G3_109OK\TN_16\台梗16號_877.bmp,TN_16
C:\Users\501\Desktop\train_test\G3_109OK\TN_16\台梗16號_878.bmp,TN_16
C:\Users\501\Desktop\train_test\G3_109OK\TN_16\台梗16號_879.bmp,TN_16
C:\Users\501\Desktop\train_test\G3_109OK\TN_16\台梗16號_88.bmp,TN_16
C:\Users\501\Desktop\train_test\G3_109OK\TN_16\台梗16號_880.bmp,TN_16
C:\Users\501\Desktop\train_test\G3_109OK\TN_16\台梗16號_881.bmp,TN_16
C:\Users\501\Desktop\train_test\G3_109OK\TN_16\台梗16號_883.bmp,TN_16
C:\Users\501\Desktop\train_test\G3_109OK\TN_16\台梗16號_884.bmp,TN_16
C:\Users\501\Desktop\train_test\G3_109OK\TN_16\台梗16號_889.bmp,TN_16
C:\Users\501\Desktop\train_test\G3_109OK\TN_16\台梗16號_89.bmp,TN_16
C:\Users\501\Desktop\train_test\G3_109OK\TN_16\台梗16號_890.bmp,TN_16
C:\Users\501\Desktop\train_test\G3_109OK\TN_16\台梗16號_891.bmp,TN_16
C:\Users\501\Desktop\train_test\G3_109OK\TN_16\台梗16號_892.bmp,TN_16
C:\Users\501\Desktop\train_test\G3_109OK\TN_16\台梗16號_893.bmp,TN_16
C:\Users\501\Desktop\train_test\G3_109OK\TN_16\台梗16號_895.bmp,TN_16
C:\Users\501\Desktop\train_test\G3_109OK\TN_16\台梗16號_896.bmp,TN_16
C:\Users\501\Desktop\train_test\G3_109OK\TN_16\台梗16號_897.bmp,TN_16
C:\Users\501\Desktop\train_test\G3_109OK\TN_16\台梗16號_899.bmp,TN_16
C:\Users\501\Desktop\train_test\G3_109OK\TN_16\台梗16號_90.bmp,TN_16
C:\Users\501\Desktop\train_test\G3_109OK\TN_16\台梗16號_900.bmp,TN_16
C:\Users\501\Desktop\train_test\G3_109OK\TN_16\台梗16號_901.bmp,TN_16
C:\Users\501\Desktop\train_test\G3_109OK\TN_16\台梗16號_902.bmp,NG
C:\Users\501\Desktop\train_test\G3_109OK\TN_16\台梗16號_903.bmp,TN_16
C:\Users\501\Desktop\train_test\G3_109OK\TN_16\台梗16號_905.bmp,TN_16
C:\Users\501\Desktop\train_test\G3_109OK\TN_16\台梗16號_908.bmp,TN_16
C:\Users\501\Desktop\train_test\G3_109OK\TN_16\台梗16號_909.bmp,TN_16
C:\Users\501\Desktop\train_test\G3_109OK\TN_16\台梗16號_910.bmp,TN_16
C:\Users\501\Desktop\train_test\G3_109OK\TN_16\台梗16號_911.bmp,TN_16
C:\Users\501\Desktop\train_test\G3_109OK\TN_16\台梗16號_912.bmp,TN_16
C:\Users\501\Desktop\train_test\G3_109OK\TN_16\台梗16號_914.bmp,TN_16
C:\Users\501\Desktop\train_test\G3_109OK\TN_16\台梗16號_917.bmp,TN_16
C:\Users\501\Desktop\train_test\G3_109OK\TN_16\台梗16號_919.bmp,TN_16
C:\Users\501\Desktop\train_test\G3_109OK\TN_16\台梗16號_920.bmp,TN_16
C:\Users\501\Desktop\train_test\G3_109OK\TN_16\台梗16號_921.bmp,TN_16
C:\Users\501\Desktop\train_test\G3_109OK\TN_16\台梗16號_922.bmp,TN_16
C:\Users\501\Desktop\train_test\G3_109OK\TN_16\台梗16號_923.bmp,TN_16
C:\Users\501\Desktop\train_test\G3_109OK\TN_16\台梗16號_924.bmp,TN_16
C:\Users\501\Desktop\train_test\G3_109OK\TN_16\台梗16號_925.bmp,TN_16
C:\Users\501\Desktop\train_test\G3_109OK\TN_16\台梗16號_926.bmp,TN_16
C:\Users\501\Desktop\train_test\G3_109OK\TN_16\台梗16號_927.bmp,TN_16
C:\Users\501\Desktop\train_test\G3_109OK\TN_16\台梗16號_928.bmp,TN_16
C:\Users\501\Desktop\train_test\G3_109OK\TN_16\台梗16號_929.bmp,TN_16
C:\Users\501\Desktop\train_test\G3_109OK\TN_16\台梗16號_93.bmp,TN_16
C:\Users\501\Desktop\train_test\G3_109OK\TN_16\台梗16號_930.bmp,TN_16
C:\Users\501\Desktop\train_test\G3_109OK\TN_16\台梗16號_932.bmp,TN_16
C:\Users\501\Desktop\train_test\G3_109OK\TN_16\台梗16號_933.bmp,TN_16
C:\Users\501\Desktop\train_test\G3_109OK\TN_16\台梗16號_935.bmp,TN_16
C:\Users\501\Desktop\train_test\G3_109OK\TN_16\台梗16號_937.bmp,NG
C:\Users\501\Desktop\train_test\G3_109OK\TN_16\台梗16號_94.bmp,TN_16
C:\Users\501\Desktop\train_test\G3_109OK\TN_16\台梗16號_940.bmp,TN_16
C:\Users\501\Desktop\train_test\G3_109OK\TN_16\台梗16號_941.bmp,TN_16
C:\Users\501\Desktop\train_test\G3_109OK\TN_16\台梗16號_942.bmp,TN_16
C:\Users\501\Desktop\train_test\G3_109OK\TN_16\台梗16號_944.bmp,TN_16
C:\Users\501\Desktop\train_test\G3_109OK\TN_16\台梗16號_945.bmp,TN_16
C:\Users\501\Desktop\train_test\G3_109OK\TN_16\台梗16號_947.bmp,TN_16
C:\Users\501\Desktop\train_test\G3_109OK\TN_16\台梗16號_948.bmp,TN_16
C:\Users\501\Desktop\train_test\G3_109OK\TN_16\台梗16號_95.bmp,TN_16
C:\Users\501\Desktop\train_test\G3_109OK\TN_16\台梗16號_951.bmp,TN_16
C:\Users\501\Desktop\train_test\G3_109OK\TN_16\台梗16號_954.bmp,TN_16
C:\Users\501\Desktop\train_test\G3_109OK\TN_16\台梗16號_955.bmp,TN_16
C:\Users\501\Desktop\train_test\G3_109OK\TN_16\台梗16號_957.bmp,TN_16
C:\Users\501\Desktop\train_test\G3_109OK\TN_16\台梗16號_958.bmp,TN_16
C:\Users\501\Desktop\train_test\G3_109OK\TN_16\台梗16號_959.bmp,TN_16
C:\Users\501\Desktop\train_test\G3_109OK\TN_16\台梗16號_96.bmp,TN_16
C:\Users\501\Desktop\train_test\G3_109OK\TN_16\台梗16號_960.bmp,TN_16
C:\Users\501\Desktop\train_test\G3_109OK\TN_16\台梗16號_962.bmp,TN_16
C:\Users\501\Desktop\train_test\G3_109OK\TN_16\台梗16號_963.bmp,TN_16
C:\Users\501\Desktop\train_test\G3_109OK\TN_16\台梗16號_964.bmp,TN_16
C:\Users\501\Desktop\train_test\G3_109OK\TN_16\台梗16號_966.bmp,TN_16
C:\Users\501\Desktop\train_test\G3_109OK\TN_16\台梗16號_967.bmp,TN_16
C:\Users\501\Desktop\train_test\G3_109OK\TN_16\台梗16號_968.bmp,TN_16
C:\Users\501\Desktop\train_test\G3_109OK\TN_16\台梗16號_97.bmp,TN_16
C:\Users\501\Desktop\train_test\G3_109OK\TN_16\台梗16號_970.bmp,TN_16
C:\Users\501\Desktop\train_test\G3_109OK\TN_16\台梗16號_972.bmp,TN_16
C:\Users\501\Desktop\train_test\G3_109OK\TN_16\台梗16號_973.bmp,TN_16
C:\Users\501\Desktop\train_test\G3_109OK\TN_16\台梗16號_974.bmp,TN_16
C:\Users\501\Desktop\train_test\G3_109OK\TN_16\台梗16號_978.bmp,NG
C:\Users\501\Desktop\train_test\G3_109OK\TN_16\台梗16號_979.bmp,TN_16
C:\Users\501\Desktop\train_test\G3_109OK\TN_16\台梗16號_98.bmp,TN_16
C:\Users\501\Desktop\train_test\G3_109OK\TN_16\台梗16號_980.bmp,TN_16
C:\Users\501\Desktop\train_test\G3_109OK\TN_16\台梗16號_985.bmp,TN_16
C:\Users\501\Desktop\train_test\G3_109OK\TN_16\台梗16號_986.bmp,TN_16
C:\Users\501\Desktop\train_test\G3_109OK\TN_16\台梗16號_988.bmp,TN_16
C:\Users\501\Desktop\train_test\G3_109OK\TN_16\台梗16號_99.bmp,TN_16


TN_16,619,Accurate: 96.44588 %
NG,TK_16,TK_2,TNG_71,TN_16,No
20,0,0,2,597,0
